invitation_date,age,days_since_last_donation,donations_count,response_rate,notifications_30d,days_since_last_contact,month,is_festival_season,accepted_invitation
2021-01-02,25,1431,8,0.306,2,177,1,1,0
2021-01-02,43,288,6,0.3887,5,145,1,1,0
2021-01-03,28,918,7,0.621,0,42,1,1,0
2021-01-04,29,1146,4,0.7024,3,107,1,1,0
2021-01-04,29,535,3,0.7666,4,135,1,1,0
2021-01-04,38,1362,4,0.5374,3,72,1,1,0
2021-01-04,21,904,1,0.5347,5,56,1,1,0
2021-01-04,43,1394,4,0.5743,4,67,1,1,1
2021-01-05,63,408,3,0.0955,3,154,1,1,0
2021-01-05,37,1196,1,0.8369,3,365,1,1,0
2021-01-05,20,437,8,0.6695,0,365,1,1,0
2021-01-05,22,1417,8,0.5406,3,81,1,1,0
2021-01-05,43,1336,5,0.2651,0,13,1,1,0
2021-01-05,56,1376,2,0.5748,1,87,1,1,0
2021-01-06,49,928,2,0.1415,3,79,1,1,1
2021-01-07,29,616,3,0.3665,2,24,1,1,0
2021-01-07,28,487,8,0.5332,5,161,1,1,0
2021-01-07,65,586,6,0.5929,3,154,1,1,0
2021-01-07,33,715,1,0.2835,2,97,1,1,0
2021-01-07,61,1293,5,0.1241,0,160,1,1,1
2021-01-07,20,558,6,0.3123,3,155,1,1,0
2021-01-07,62,320,2,0.5382,0,365,1,1,0
2021-01-08,36,635,3,0.6367,1,91,1,1,0
2021-01-08,51,836,3,0.2844,5,135,1,1,0
2021-01-09,49,1271,5,0.6605,1,111,1,1,0
2021-01-09,39,1293,7,0.8026,2,128,1,1,1
2021-01-09,35,1082,7,0.6519,4,3,1,1,1
2021-01-10,54,1277,6,0.5076,5,365,1,1,1
2021-01-11,55,552,2,0.3537,1,64,1,1,0
2021-01-11,38,1070,5,0.1591,3,104,1,1,0
2021-01-12,63,433,5,0.4477,2,171,1,1,1
2021-01-12,24,330,4,0.6884,2,179,1,1,0
2021-01-12,43,434,6,0.4575,1,365,1,1,1
2021-01-12,46,1341,4,0.2971,5,151,1,1,0
2021-01-13,49,318,2,0.2246,0,171,1,1,0
2021-01-13,47,825,7,0.6619,3,84,1,1,0
2021-01-13,36,802,3,0.3766,5,17,1,1,0
2021-01-15,58,453,5,0.4531,4,156,1,1,0
2021-01-15,64,745,4,0.7191,1,46,1,1,0
2021-01-15,32,1369,2,0.3924,2,114,1,1,1
2021-01-15,22,144,3,0.8867,4,162,1,1,0
2021-01-15,42,1441,5,0.2908,2,146,1,1,0
2021-01-16,25,1004,3,0.274,2,165,1,1,1
2021-01-16,41,993,5,0.5104,4,90,1,1,1
2021-01-16,48,326,2,0.2234,2,22,1,1,1
2021-01-16,56,1136,2,0.5632,3,70,1,1,0
2021-01-16,25,1441,3,0.2562,5,47,1,1,0
2021-01-17,33,356,3,0.5641,4,365,1,1,0
2021-01-17,56,553,5,0.7083,3,58,1,1,0
2021-01-17,50,433,3,0.2874,4,365,1,1,0
2021-01-18,62,1158,5,0.8754,3,365,1,1,1
2021-01-18,54,722,8,0.8104,0,172,1,1,0
2021-01-18,39,1221,2,0.496,5,154,1,1,1
2021-01-18,41,855,3,0.1751,0,172,1,1,0
2021-01-19,53,1479,2,0.2595,5,61,1,1,0
2021-01-19,52,1059,3,0.4478,2,53,1,1,0
2021-01-19,50,258,4,0.2851,3,140,1,1,0
2021-01-19,24,337,3,0.3891,5,86,1,1,0
2021-01-19,65,661,3,0.6687,2,12,1,1,0
2021-01-19,50,1476,7,0.4275,4,35,1,1,0
2021-01-19,32,1481,1,0.4067,1,35,1,1,0
2021-01-19,58,369,6,0.2377,4,104,1,1,0
2021-01-19,37,523,4,0.7011,1,365,1,1,0
2021-01-20,47,673,2,0.4915,0,102,1,1,1
2021-01-20,55,1255,4,0.2679,4,126,1,1,0
2021-01-20,60,114,7,0.6462,4,90,1,1,1
2021-01-21,45,1371,0,0.6917,1,104,1,1,1
2021-01-21,64,400,5,0.584,2,75,1,1,0
2021-01-21,37,800,4,0.1634,1,365,1,1,0
2021-01-21,30,317,4,0.413,0,365,1,1,1
2021-01-22,57,1285,4,0.6652,5,30,1,1,0
2021-01-22,27,950,5,0.25,2,156,1,1,0
2021-01-22,40,1241,4,0.697,2,171,1,1,1
2021-01-22,28,524,4,0.3053,3,174,1,1,0
2021-01-23,51,1472,2,0.6679,2,82,1,1,0
2021-01-23,28,400,6,0.3585,3,14,1,1,0
2021-01-23,19,1123,3,0.6848,1,33,1,1,0
2021-01-23,26,113,4,0.7928,4,5,1,1,0
2021-01-23,21,1173,6,0.9513,3,105,1,1,1
2021-01-23,30,1044,5,0.3412,2,76,1,1,0
2021-01-24,41,105,6,0.5299,1,44,1,1,1
2021-01-24,27,1472,4,0.4071,0,365,1,1,1
2021-01-24,38,1450,2,0.6635,3,5,1,1,0
2021-01-24,43,838,4,0.218,5,71,1,1,0
2021-01-24,45,893,4,0.5993,0,124,1,1,0
2021-01-24,62,449,1,0.3281,3,109,1,1,0
2021-01-24,60,1054,4,0.6653,5,128,1,1,0
2021-01-24,62,1037,5,0.2992,3,73,1,1,0
2021-01-25,37,1448,2,0.475,1,171,1,1,0
2021-01-25,32,183,3,0.817,4,99,1,1,1
2021-01-25,57,999,6,0.2903,3,36,1,1,0
2021-01-25,22,687,3,0.7655,1,51,1,1,1
2021-01-26,33,772,1,0.301,0,93,1,1,0
2021-01-26,53,313,4,0.5855,1,365,1,1,0
2021-01-26,58,723,5,0.3322,2,110,1,1,1
2021-01-26,65,952,7,0.4255,4,174,1,1,0
2021-01-26,29,910,4,0.9582,2,57,1,1,1
2021-01-26,26,1022,6,0.8923,2,5,1,1,1
2021-01-26,32,912,3,0.6447,5,94,1,1,1
2021-01-27,58,357,5,0.329,0,144,1,1,0
2021-01-27,49,365,9,0.4355,4,365,1,1,0
2021-01-27,29,678,6,0.4864,2,365,1,1,0
2021-01-27,50,1440,4,0.6282,5,72,1,1,0
2021-01-27,50,1021,4,0.0607,2,142,1,1,0
2021-01-27,20,110,8,0.6398,0,5,1,1,0
2021-01-28,53,401,4,0.6052,4,13,1,1,0
2021-01-28,56,1425,1,0.7021,1,25,1,1,0
2021-01-29,53,975,6,0.3861,4,71,1,1,0
2021-01-29,30,441,6,0.6183,2,100,1,1,0
2021-01-29,24,446,5,0.5274,5,9,1,1,0
2021-01-30,51,1219,7,0.617,5,365,1,1,1
2021-01-30,48,972,4,0.3651,0,49,1,1,1
2021-01-30,41,689,5,0.2586,0,95,1,1,0
2021-01-30,55,529,2,0.467,3,160,1,1,0
2021-01-30,31,695,3,0.4523,1,365,1,1,0
2021-01-30,33,1327,3,0.5017,0,15,1,1,0
2021-01-31,22,840,2,0.7402,2,20,1,1,1
2021-01-31,56,878,1,0.4799,3,63,1,1,0
2021-01-31,43,1172,2,0.1889,0,137,1,1,0
2021-01-31,35,992,7,0.3462,1,365,1,1,0
2021-01-31,34,1037,6,0.4699,1,365,1,1,0
2021-02-01,37,938,2,0.8981,1,165,2,0,1
2021-02-01,25,1349,2,0.477,5,13,2,0,0
2021-02-01,25,916,3,0.3328,0,159,2,0,0
2021-02-01,48,255,3,0.5444,5,365,2,0,0
2021-02-01,51,1085,6,0.5933,1,155,2,0,1
2021-02-02,24,142,4,0.2858,3,125,2,0,0
2021-02-02,62,607,0,0.2381,4,156,2,0,0
2021-02-02,34,428,3,0.5954,4,365,2,0,1
2021-02-02,57,724,5,0.7254,3,365,2,0,0
2021-02-03,63,1010,4,0.6889,0,365,2,0,0
2021-02-03,62,359,6,0.2236,1,168,2,0,0
2021-02-03,36,161,1,0.6277,0,12,2,0,0
2021-02-03,42,92,7,0.6011,0,104,2,0,1
2021-02-04,37,363,6,0.6916,2,65,2,0,1
2021-02-04,60,115,4,0.7952,3,365,2,0,0
2021-02-04,32,466,4,0.228,1,365,2,0,0
2021-02-06,49,1500,4,0.329,5,141,2,0,0
2021-02-06,36,938,2,0.4818,5,81,2,0,1
2021-02-07,42,178,1,0.6477,0,117,2,0,1
2021-02-07,60,395,4,0.641,5,41,2,0,0
2021-02-07,35,986,5,0.0861,3,28,2,0,0
2021-02-07,35,461,3,0.9249,4,109,2,0,1
2021-02-07,19,1450,2,0.5765,1,365,2,0,1
2021-02-07,37,1285,3,0.7617,4,60,2,0,0
2021-02-08,25,577,5,0.7369,0,106,2,0,1
2021-02-08,33,580,2,0.2652,0,365,2,0,1
2021-02-08,50,1052,6,0.4287,3,128,2,0,0
2021-02-08,61,285,3,0.7656,2,365,2,0,1
2021-02-08,27,461,3,0.37,1,112,2,0,0
2021-02-09,39,1304,0,0.5466,2,91,2,0,0
2021-02-09,25,1241,3,0.2695,2,166,2,0,0
2021-02-09,19,190,7,0.7186,0,11,2,0,0
2021-02-09,64,737,7,0.5674,5,99,2,0,1
2021-02-09,62,160,5,0.067,0,178,2,0,0
2021-02-09,40,780,4,0.2838,5,130,2,0,1
2021-02-10,29,822,8,0.2613,2,68,2,0,0
2021-02-10,50,1395,8,0.1249,3,85,2,0,1
2021-02-11,50,1364,6,0.7558,4,160,2,0,0
2021-02-11,32,281,5,0.807,0,174,2,0,0
2021-02-11,62,1412,3,0.3056,3,80,2,0,0
2021-02-11,20,614,4,0.2042,4,175,2,0,0
2021-02-11,52,277,6,0.2866,1,365,2,0,0
2021-02-12,40,499,4,0.5854,0,116,2,0,0
2021-02-12,65,523,4,0.605,4,57,2,0,1
2021-02-12,25,547,5,0.2084,3,124,2,0,0
2021-02-13,56,476,2,0.7702,3,365,2,0,1
2021-02-13,18,614,0,0.8788,5,117,2,0,0
2021-02-13,25,1358,6,0.2337,0,81,2,0,0
2021-02-13,51,286,7,0.2859,5,92,2,0,0
2021-02-13,48,809,4,0.5741,0,57,2,0,0
2021-02-13,29,495,3,0.59,0,43,2,0,1
2021-02-14,37,800,3,0.476,2,80,2,0,0
2021-02-14,49,1303,5,0.1435,2,110,2,0,0
2021-02-14,50,1194,7,0.092,3,11,2,0,0
2021-02-14,31,642,3,0.1685,4,15,2,0,0
2021-02-14,37,456,7,0.1775,5,20,2,0,0
2021-02-15,52,1008,2,0.7144,3,55,2,0,0
2021-02-15,60,214,7,0.5019,4,365,2,0,0
2021-02-15,41,364,2,0.291,3,365,2,0,0
2021-02-15,53,746,4,0.5259,5,96,2,0,0
2021-02-15,35,1300,2,0.638,0,91,2,0,1
2021-02-15,23,1162,7,0.8328,3,63,2,0,0
2021-02-15,55,347,4,0.1762,3,25,2,0,0
2021-02-15,24,874,5,0.4579,5,365,2,0,0
2021-02-16,57,154,4,0.5265,4,10,2,0,0
2021-02-17,18,868,3,0.1519,0,176,2,0,0
2021-02-17,27,847,6,0.3054,0,70,2,0,0
2021-02-17,32,905,4,0.6654,1,365,2,0,0
2021-02-17,28,644,3,0.4042,3,7,2,0,0
2021-02-17,35,948,5,0.5868,2,365,2,0,1
2021-02-18,36,920,4,0.4588,5,365,2,0,0
2021-02-18,60,452,3,0.3862,1,365,2,0,0
2021-02-18,61,1183,7,0.4282,0,114,2,0,0
2021-02-18,24,697,6,0.2223,2,9,2,0,0
2021-02-19,62,1474,4,0.7964,5,83,2,0,0
2021-02-19,31,902,4,0.5989,1,179,2,0,0
2021-02-20,56,825,3,0.2484,5,167,2,0,0
2021-02-20,33,197,0,0.8881,4,116,2,0,1
2021-02-20,62,906,2,0.5012,3,67,2,0,0
2021-02-20,20,944,4,0.7484,1,59,2,0,1
2021-02-21,64,99,8,0.6102,3,26,2,0,0
2021-02-21,22,1383,4,0.9382,1,169,2,0,1
2021-02-21,27,723,5,0.746,1,80,2,0,0
2021-02-21,53,943,5,0.1245,3,178,2,0,0
2021-02-21,30,348,1,0.3649,2,72,2,0,0
2021-02-21,34,405,4,0.8995,0,160,2,0,1
2021-02-21,40,103,9,0.6148,2,120,2,0,0
2021-02-22,30,606,5,0.425,3,145,2,0,1
2021-02-22,63,1214,1,0.2532,1,10,2,0,0
2021-02-22,19,415,8,0.3825,1,80,2,0,0
2021-02-22,26,1419,5,0.4729,2,365,2,0,0
2021-02-22,61,187,4,0.7786,1,141,2,0,0
2021-02-22,56,912,7,0.1858,1,156,2,0,0
2021-02-23,33,354,3,0.399,0,91,2,0,0
2021-02-24,44,553,5,0.4046,1,25,2,0,0
2021-02-24,23,1352,2,0.1983,5,40,2,0,0
2021-02-24,57,272,8,0.8175,2,54,2,0,1
2021-02-24,18,1119,5,0.8666,4,3,2,0,0
2021-02-24,62,1032,4,0.6661,4,48,2,0,0
2021-02-24,59,1088,4,0.7656,0,110,2,0,0
2021-02-25,45,488,4,0.7714,0,47,2,0,1
2021-02-25,22,1401,8,0.6047,4,163,2,0,0
2021-02-26,32,427,6,0.7488,2,35,2,0,0
2021-02-26,49,106,7,0.3165,0,151,2,0,1
2021-02-26,35,207,7,0.2337,1,98,2,0,0
2021-02-27,27,229,3,0.384,4,61,2,0,0
2021-02-27,33,1451,2,0.3628,1,75,2,0,0
2021-02-27,62,140,4,0.3009,1,160,2,0,0
2021-02-27,29,758,2,0.5841,2,365,2,0,0
2021-02-28,49,871,1,0.5917,1,365,2,0,0
2021-02-28,57,794,3,0.4771,4,127,2,0,0
2021-02-28,64,470,3,0.4807,3,365,2,0,0
2021-02-28,38,466,3,0.3838,2,161,2,0,0
2021-02-28,48,1348,6,0.4076,4,82,2,0,0
2021-02-28,27,132,2,0.3911,3,69,2,0,0
2021-02-28,64,1215,3,0.7974,5,54,2,0,0
2021-03-01,46,107,5,0.7,2,33,3,0,1
2021-03-01,34,877,5,0.6255,3,365,3,0,0
2021-03-01,56,1496,4,0.5565,5,0,3,0,1
2021-03-02,53,679,1,0.1236,1,141,3,0,0
2021-03-02,29,400,5,0.2687,0,98,3,0,0
2021-03-02,22,751,2,0.5184,5,122,3,0,0
2021-03-02,21,866,2,0.2419,3,59,3,0,0
2021-03-02,55,297,4,0.5536,2,365,3,0,0
2021-03-02,45,237,3,0.4097,1,120,3,0,0
2021-03-03,26,255,8,0.3052,3,23,3,0,0
2021-03-03,52,276,4,0.3166,5,145,3,0,0
2021-03-03,64,886,5,0.4162,4,165,3,0,0
2021-03-03,25,331,2,0.5544,1,365,3,0,0
2021-03-03,22,591,3,0.4954,5,125,3,0,0
2021-03-03,43,776,3,0.384,0,173,3,0,0
2021-03-03,63,905,4,0.4742,4,73,3,0,0
2021-03-04,27,460,1,0.5818,1,151,3,0,0
2021-03-04,53,1319,9,0.5812,4,131,3,0,0
2021-03-04,63,937,4,0.8585,5,118,3,0,1
2021-03-04,26,1354,4,0.1003,5,150,3,0,0
2021-03-04,36,440,6,0.2797,4,365,3,0,1
2021-03-04,60,1231,7,0.6857,5,90,3,0,0
2021-03-05,63,727,2,0.3324,4,102,3,0,0
2021-03-05,27,1458,3,0.5237,4,161,3,0,1
2021-03-06,26,1407,2,0.5319,2,94,3,0,1
2021-03-06,25,114,5,0.6446,3,169,3,0,0
2021-03-06,46,1376,5,0.7368,2,9,3,0,0
2021-03-07,65,128,4,0.3507,5,365,3,0,1
2021-03-07,63,1233,0,0.6925,4,93,3,0,0
2021-03-07,26,290,2,0.8048,1,365,3,0,0
2021-03-07,30,365,7,0.2962,5,23,3,0,0
2021-03-07,65,688,6,0.3565,2,365,3,0,1
2021-03-07,55,254,3,0.1521,4,158,3,0,0
2021-03-08,59,1036,9,0.8835,1,89,3,0,1
2021-03-08,22,413,3,0.4613,2,97,3,0,0
2021-03-08,31,492,2,0.6109,5,115,3,0,0
2021-03-09,50,1370,1,0.4766,3,365,3,0,1
2021-03-09,24,1251,3,0.3346,0,73,3,0,0
2021-03-09,32,1096,4,0.1317,5,77,3,0,0
2021-03-09,21,1116,6,0.3335,3,66,3,0,0
2021-03-10,45,351,1,0.5308,3,129,3,0,0
2021-03-10,61,1249,6,0.4917,4,23,3,0,0
2021-03-11,22,495,4,0.4056,2,365,3,0,0
2021-03-11,19,1173,4,0.6856,5,365,3,0,1
2021-03-12,42,1156,2,0.2227,2,4,3,0,0
2021-03-12,20,1455,4,0.448,1,20,3,0,0
2021-03-12,48,759,1,0.2267,2,147,3,0,0
2021-03-12,44,116,4,0.3331,0,26,3,0,0
2021-03-12,24,1407,4,0.6928,0,127,3,0,0
2021-03-13,45,1089,1,0.4847,1,86,3,0,0
2021-03-13,42,1130,8,0.6217,2,69,3,0,0
2021-03-13,54,1150,4,0.5273,0,94,3,0,1
2021-03-13,21,622,7,0.5654,0,365,3,0,0
2021-03-13,33,681,3,0.344,4,52,3,0,0
2021-03-13,49,1306,5,0.4497,2,365,3,0,0
2021-03-14,63,866,1,0.6835,2,365,3,0,0
2021-03-14,26,335,7,0.3025,3,59,3,0,0
2021-03-14,40,1169,6,0.1852,5,1,3,0,0
2021-03-14,33,884,5,0.5936,2,365,3,0,1
2021-03-15,46,425,5,0.7712,3,59,3,0,0
2021-03-15,50,1449,6,0.9022,0,46,3,0,1
2021-03-15,62,138,4,0.4011,4,165,3,0,0
2021-03-15,48,1194,2,0.4316,3,138,3,0,0
2021-03-16,35,955,3,0.152,4,40,3,0,0
2021-03-16,48,287,5,0.3399,5,365,3,0,0
2021-03-16,62,1106,5,0.4427,4,365,3,0,0
2021-03-17,50,619,0,0.1188,3,123,3,0,0
2021-03-17,55,835,7,0.4231,3,163,3,0,0
2021-03-17,21,1143,4,0.2541,1,65,3,0,0
2021-03-17,22,187,5,0.6708,4,91,3,0,0
2021-03-17,29,881,3,0.6719,0,157,3,0,0
2021-03-17,24,709,2,0.4159,4,179,3,0,0
2021-03-18,20,1022,2,0.4695,3,133,3,0,0
2021-03-18,63,992,1,0.4004,2,178,3,0,0
2021-03-18,40,239,6,0.7709,2,365,3,0,0
2021-03-18,35,1130,5,0.4086,0,365,3,0,1
2021-03-18,29,1373,6,0.1896,3,23,3,0,0
2021-03-18,65,1250,3,0.7243,1,23,3,0,0
2021-03-19,28,841,5,0.3903,4,153,3,0,0
2021-03-19,45,743,3,0.217,0,70,3,0,0
2021-03-19,26,1000,5,0.2207,0,365,3,0,1
2021-03-19,51,267,2,0.2886,2,124,3,0,1
2021-03-20,38,287,3,0.6632,1,146,3,0,1
2021-03-20,49,672,3,0.6618,4,18,3,0,0
2021-03-20,64,681,6,0.5131,3,167,3,0,1
2021-03-21,46,574,4,0.3087,2,36,3,0,1
2021-03-22,58,250,3,0.6059,1,140,3,0,0
2021-03-22,38,1252,4,0.2621,4,24,3,0,0
2021-03-22,53,128,6,0.8918,5,49,3,0,0
2021-03-23,24,829,2,0.5499,5,132,3,0,1
2021-03-23,35,523,5,0.2468,4,8,3,0,0
2021-03-23,56,720,5,0.6287,4,108,3,0,0
2021-03-24,36,506,1,0.7793,4,52,3,0,1
2021-03-24,59,1154,3,0.5071,5,84,3,0,0
2021-03-24,57,319,5,0.9874,5,20,3,0,0
2021-03-24,35,1494,4,0.0872,1,365,3,0,0
2021-03-25,58,543,1,0.5589,3,125,3,0,0
2021-03-25,26,691,5,0.162,0,365,3,0,1
2021-03-25,41,476,3,0.4176,5,53,3,0,0
2021-03-25,20,1235,5,0.7665,5,365,3,0,0
2021-03-26,63,1005,2,0.9111,1,102,3,0,0
2021-03-26,36,122,6,0.4153,3,89,3,0,0
2021-03-26,20,1205,1,0.6812,2,29,3,0,0
2021-03-27,63,1399,4,0.1495,0,74,3,0,0
2021-03-27,28,505,5,0.7191,4,105,3,0,1
2021-03-28,29,1010,7,0.9361,5,49,3,0,1
2021-03-28,48,432,6,0.1239,4,365,3,0,0
2021-03-28,54,317,3,0.4646,0,365,3,0,1
2021-03-28,43,1131,2,0.6806,0,82,3,0,0
2021-03-28,30,1023,2,0.4039,1,39,3,0,1
2021-03-29,30,116,3,0.4172,3,365,3,0,1
2021-03-29,33,1064,8,0.2525,2,91,3,0,1
2021-03-29,36,1227,4,0.286,1,9,3,0,0
2021-03-30,44,1467,5,0.2632,5,92,3,0,0
2021-03-30,42,782,6,0.6257,3,129,3,0,0
2021-03-30,59,738,8,0.0941,4,365,3,0,0
2021-03-30,64,1449,1,0.8573,4,96,3,0,1
2021-03-30,35,883,6,0.6625,5,2,3,0,0
2021-03-30,62,724,5,0.367,5,124,3,0,1
2021-04-01,42,961,3,0.7495,2,108,4,0,1
2021-04-01,55,261,3,0.7023,5,54,4,0,0
2021-04-01,53,249,4,0.3842,4,160,4,0,1
2021-04-01,21,665,5,0.9127,0,58,4,0,1
2021-04-02,25,253,2,0.6193,2,21,4,0,0
2021-04-02,26,171,5,0.6062,0,34,4,0,0
2021-04-02,34,1435,5,0.7414,5,132,4,0,0
2021-04-02,52,1155,4,0.5597,0,53,4,0,1
2021-04-03,43,1436,2,0.5446,1,161,4,0,0
2021-04-03,60,1361,4,0.3653,5,168,4,0,0
2021-04-03,27,1319,2,0.5373,3,40,4,0,1
2021-04-03,35,1357,6,0.8753,2,47,4,0,1
2021-04-04,50,887,6,0.8389,0,10,4,0,1
2021-04-04,30,386,1,0.3298,0,21,4,0,0
2021-04-05,22,269,3,0.4742,4,365,4,0,0
2021-04-05,33,918,0,0.3517,4,99,4,0,0
2021-04-05,47,1403,6,0.5106,1,92,4,0,1
2021-04-05,58,844,7,0.8515,5,365,4,0,0
2021-04-06,34,543,2,0.6779,1,156,4,0,0
2021-04-06,45,702,3,0.9425,1,178,4,0,1
2021-04-07,22,551,3,0.4152,5,102,4,0,1
2021-04-07,63,1448,1,0.4149,5,54,4,0,0
2021-04-07,34,115,5,0.7315,0,365,4,0,1
2021-04-08,44,1497,6,0.1342,4,136,4,0,0
2021-04-08,18,1004,6,0.4513,5,77,4,0,0
2021-04-08,27,737,7,0.4306,3,60,4,0,0
2021-04-08,62,598,2,0.4874,1,60,4,0,0
2021-04-09,50,158,7,0.7326,5,78,4,0,0
2021-04-09,47,1382,5,0.3028,5,121,4,0,0
2021-04-09,46,1423,11,0.2428,2,57,4,0,0
2021-04-09,20,1003,3,0.1854,3,365,4,0,1
2021-04-10,61,101,4,0.762,4,365,4,0,0
2021-04-10,35,448,6,0.9527,0,133,4,0,1
2021-04-10,40,556,5,0.7075,5,120,4,0,0
2021-04-11,28,1106,5,0.7284,2,48,4,0,0
2021-04-11,43,1122,2,0.429,3,45,4,0,1
2021-04-11,30,446,1,0.5419,0,125,4,0,0
2021-04-11,34,651,4,0.8755,0,123,4,0,1
2021-04-11,41,155,2,0.3667,5,2,4,0,0
2021-04-11,49,165,4,0.2931,4,180,4,0,0
2021-04-12,26,342,2,0.4223,5,153,4,0,0
2021-04-12,48,647,5,0.8223,2,65,4,0,0
2021-04-12,24,926,3,0.5369,0,365,4,0,1
2021-04-13,36,825,5,0.4614,0,81,4,0,0
2021-04-13,44,294,9,0.3716,1,89,4,0,0
2021-04-13,20,1255,4,0.2922,3,39,4,0,0
2021-04-13,31,206,2,0.4261,4,111,4,0,0
2021-04-13,45,564,7,0.4624,0,106,4,0,1
2021-04-14,31,203,3,0.5073,3,148,4,0,0
2021-04-14,25,1233,6,0.7162,5,167,4,0,0
2021-04-14,53,763,4,0.3258,2,365,4,0,0
2021-04-14,61,826,5,0.3552,5,45,4,0,0
2021-04-14,39,1366,1,0.5665,1,365,4,0,0
2021-04-14,60,1450,7,0.5892,5,32,4,0,0
2021-04-14,41,355,6,0.7942,5,365,4,0,1
2021-04-15,18,803,7,0.4784,3,22,4,0,0
2021-04-15,24,772,6,0.6655,2,134,4,0,0
2021-04-15,56,1156,4,0.1578,5,154,4,0,0
2021-04-15,20,1190,2,0.6144,0,15,4,0,0
2021-04-16,41,1056,6,0.629,5,57,4,0,1
2021-04-16,62,1180,3,0.0695,5,162,4,0,0
2021-04-17,51,1450,3,0.7094,3,365,4,0,1
2021-04-17,60,985,7,0.6834,4,24,4,0,0
2021-04-17,37,464,3,0.44,1,39,4,0,1
2021-04-18,40,472,6,0.7247,3,102,4,0,0
2021-04-18,27,178,8,0.886,0,73,4,0,0
2021-04-18,51,580,5,0.5623,2,155,4,0,0
2021-04-19,25,848,1,0.3649,3,21,4,0,0
2021-04-19,30,878,6,0.9366,1,83,4,0,1
2021-04-19,55,722,8,0.7553,1,178,4,0,1
2021-04-19,42,594,5,0.2254,4,131,4,0,0
2021-04-19,36,343,5,0.464,5,365,4,0,0
2021-04-19,62,1285,3,0.292,0,127,4,0,0
2021-04-19,36,139,4,0.6018,1,68,4,0,1
2021-04-19,45,151,4,0.0663,0,165,4,0,0
2021-04-20,45,1356,3,0.6452,4,365,4,0,0
2021-04-20,18,1420,5,0.6004,5,97,4,0,0
2021-04-20,30,1104,5,0.4162,2,104,4,0,1
2021-04-20,63,595,2,0.4209,5,44,4,0,0
2021-04-21,58,1007,8,0.3513,5,37,4,0,0
2021-04-21,57,434,5,0.4271,1,365,4,0,1
2021-04-22,25,326,3,0.3886,5,365,4,0,0
2021-04-22,62,1499,6,0.8755,2,57,4,0,0
2021-04-22,36,644,2,0.5805,2,365,4,0,0
2021-04-23,63,1076,3,0.1743,1,11,4,0,0
2021-04-23,45,626,0,0.3225,4,3,4,0,0
2021-04-23,55,797,9,0.9704,0,103,4,0,0
2021-04-23,40,370,0,0.7313,2,365,4,0,0
2021-04-23,23,468,5,0.738,1,25,4,0,0
2021-04-23,51,430,4,0.1878,1,156,4,0,0
2021-04-23,52,473,7,0.6234,2,5,4,0,1
2021-04-24,49,1031,6,0.3696,0,154,4,0,0
2021-04-24,35,1106,2,0.6491,1,101,4,0,0
2021-04-24,59,638,5,0.3273,0,165,4,0,0
2021-04-24,60,111,5,0.2171,1,17,4,0,0
2021-04-24,21,905,1,0.853,0,178,4,0,1
2021-04-24,29,1162,5,0.4634,4,17,4,0,0
2021-04-24,37,190,5,0.8771,5,152,4,0,0
2021-04-25,54,590,3,0.7357,5,12,4,0,0
2021-04-25,51,653,9,0.4163,3,160,4,0,0
2021-04-25,30,667,1,0.5089,2,85,4,0,1
2021-04-26,59,1057,6,0.6744,0,141,4,0,0
2021-04-27,44,1193,3,0.297,1,89,4,0,0
2021-04-27,59,828,4,0.6003,2,22,4,0,1
2021-04-27,36,331,6,0.7968,0,152,4,0,1
2021-04-27,21,1056,4,0.3265,2,365,4,0,1
2021-04-28,53,175,6,0.1086,1,15,4,0,0
2021-04-28,33,638,2,0.9686,4,114,4,0,0
2021-04-28,58,528,9,0.7979,0,21,4,0,0
2021-04-28,40,579,5,0.7752,0,365,4,0,1
2021-04-29,54,173,4,0.7723,4,365,4,0,0
2021-04-29,38,871,1,0.1569,0,36,4,0,0
2021-04-29,62,157,5,0.176,5,48,4,0,1
2021-04-30,41,116,5,0.515,3,139,4,0,1
2021-04-30,52,1426,8,0.6757,1,33,4,0,0
2021-04-30,28,1149,1,0.8951,2,68,4,0,0
2021-04-30,49,677,2,0.5303,3,8,4,0,0
2021-04-30,42,845,4,0.3784,1,96,4,0,0
2021-04-30,22,400,2,0.831,0,157,4,0,0
2021-05-01,56,1447,3,0.6644,1,365,5,0,0
2021-05-01,49,511,5,0.3192,2,53,5,0,0
2021-05-01,35,1163,1,0.6421,5,32,5,0,0
2021-05-01,34,1170,3,0.6053,0,60,5,0,0
2021-05-01,54,1078,1,0.3194,0,36,5,0,0
2021-05-02,20,1467,4,0.3168,4,87,5,0,0
2021-05-02,57,417,5,0.37,0,44,5,0,0
2021-05-02,53,872,5,0.7886,4,130,5,0,1
2021-05-02,29,451,2,0.5167,4,365,5,0,0
2021-05-03,27,1334,4,0.643,0,14,5,0,1
2021-05-03,34,1472,4,0.2433,1,86,5,0,0
2021-05-03,36,1336,9,0.7653,2,365,5,0,0
2021-05-03,40,804,4,0.1819,2,119,5,0,1
2021-05-04,47,679,3,0.397,5,28,5,0,0
2021-05-04,57,369,4,0.6039,2,119,5,0,0
2021-05-04,52,1026,7,0.4952,3,53,5,0,1
2021-05-05,33,1096,4,0.5378,4,365,5,0,0
2021-05-05,54,1081,1,0.5465,2,365,5,0,1
2021-05-06,62,526,5,0.6589,2,11,5,0,0
2021-05-06,43,412,2,0.6621,2,22,5,0,0
2021-05-06,25,103,3,0.7303,0,137,5,0,0
2021-05-06,49,426,3,0.2409,2,33,5,0,1
2021-05-06,43,341,3,0.5677,1,365,5,0,1
2021-05-06,41,1441,5,0.4463,0,42,5,0,0
2021-05-06,51,707,5,0.3711,3,157,5,0,0
2021-05-06,44,1310,4,0.5434,5,142,5,0,0
2021-05-06,27,1479,3,0.7025,3,365,5,0,1
2021-05-06,30,244,8,0.1733,2,25,5,0,0
2021-05-07,26,1215,5,0.2371,3,110,5,0,0
2021-05-07,62,387,7,0.4699,1,151,5,0,0
2021-05-07,48,277,3,0.4438,0,1,5,0,1
2021-05-07,44,1193,2,0.1683,0,46,5,0,0
2021-05-07,34,871,6,0.2393,3,365,5,0,0
2021-05-07,51,784,6,0.8336,1,121,5,0,0
2021-05-08,59,966,4,0.2018,1,76,5,0,0
2021-05-08,19,939,6,0.7325,2,111,5,0,0
2021-05-08,28,777,2,0.6329,5,70,5,0,0
2021-05-08,50,1104,4,0.5005,2,77,5,0,1
2021-05-08,29,1294,6,0.498,0,155,5,0,0
2021-05-09,36,477,5,0.7991,5,8,5,0,1
2021-05-09,48,1155,1,0.4805,3,141,5,0,0
2021-05-09,28,1268,0,0.3984,3,57,5,0,0
2021-05-10,37,725,3,0.5658,4,122,5,0,0
2021-05-10,33,158,3,0.6849,2,139,5,0,0
2021-05-10,64,481,6,0.6431,5,96,5,0,1
2021-05-10,28,156,6,0.3737,3,89,5,0,0
2021-05-11,45,526,6,0.5465,1,138,5,0,0
2021-05-12,64,1186,5,0.8884,0,53,5,0,1
2021-05-12,39,939,4,0.4504,0,1,5,0,0
2021-05-12,48,1031,8,0.6317,3,139,5,0,0
2021-05-12,29,998,7,0.6551,0,32,5,0,1
2021-05-13,37,1488,0,0.1385,0,365,5,0,0
2021-05-13,56,221,2,0.1711,1,27,5,0,0
2021-05-13,44,809,6,0.5701,0,32,5,0,0
2021-05-14,32,173,2,0.2905,5,96,5,0,0
2021-05-14,27,333,2,0.879,3,73,5,0,1
2021-05-14,45,440,5,0.8288,5,59,5,0,1
2021-05-14,41,795,2,0.5421,4,174,5,0,1
2021-05-14,56,1403,5,0.162,0,87,5,0,1
2021-05-14,32,543,6,0.6177,3,148,5,0,0
2021-05-14,54,1374,3,0.0326,1,365,5,0,0
2021-05-15,23,808,6,0.3463,1,135,5,0,0
2021-05-15,64,169,5,0.4364,2,175,5,0,0
2021-05-15,21,131,5,0.344,5,151,5,0,0
2021-05-15,63,720,6,0.764,1,125,5,0,1
2021-05-15,26,1311,3,0.8321,4,116,5,0,1
2021-05-15,43,1451,5,0.2783,3,365,5,0,0
2021-05-16,36,1495,0,0.5136,0,139,5,0,1
2021-05-16,45,899,8,0.3473,0,365,5,0,0
2021-05-16,48,700,2,0.617,1,172,5,0,0
2021-05-16,50,693,4,0.6308,4,87,5,0,0
2021-05-16,40,1468,3,0.1922,5,47,5,0,0
2021-05-16,27,215,5,0.527,5,73,5,0,1
2021-05-16,55,1058,6,0.636,2,65,5,0,0
2021-05-16,58,799,4,0.3392,1,45,5,0,0
2021-05-17,48,189,6,0.4757,0,8,5,0,1
2021-05-17,65,555,3,0.7567,2,116,5,0,0
2021-05-17,36,1032,4,0.6485,1,64,5,0,0
2021-05-18,53,209,3,0.2199,3,7,5,0,0
2021-05-18,65,405,7,0.2086,3,124,5,0,0
2021-05-18,22,1061,3,0.2003,1,143,5,0,0
2021-05-18,64,152,1,0.7417,5,56,5,0,0
2021-05-18,28,894,6,0.2893,1,120,5,0,0
2021-05-18,56,588,7,0.4417,2,60,5,0,0
2021-05-19,36,949,5,0.5045,3,365,5,0,0
2021-05-19,31,281,8,0.7378,3,36,5,0,0
2021-05-20,52,1498,7,0.2262,0,86,5,0,1
2021-05-20,63,142,6,0.1409,0,47,5,0,0
2021-05-20,52,159,2,0.1475,4,92,5,0,0
2021-05-20,29,1175,3,0.648,4,96,5,0,1
2021-05-20,59,900,6,0.2048,3,20,5,0,0
2021-05-21,37,751,6,0.3094,4,99,5,0,0
2021-05-21,21,1429,3,0.8767,0,172,5,0,1
2021-05-21,37,985,6,0.1287,5,91,5,0,0
2021-05-21,65,1375,7,0.5821,2,48,5,0,0
2021-05-21,26,163,4,0.363,3,365,5,0,0
2021-05-22,32,1410,1,0.438,1,131,5,0,0
2021-05-22,22,1014,3,0.1367,0,13,5,0,0
2021-05-22,64,1116,3,0.6752,0,173,5,0,0
2021-05-22,56,121,6,0.4852,2,34,5,0,1
2021-05-22,52,904,6,0.6566,1,58,5,0,1
2021-05-22,45,882,4,0.5937,5,36,5,0,0
2021-05-23,44,247,2,0.9024,0,155,5,0,1
2021-05-23,40,1483,1,0.508,5,102,5,0,1
2021-05-24,19,634,4,0.402,4,44,5,0,1
2021-05-24,37,525,9,0.761,4,8,5,0,0
2021-05-24,58,1412,2,0.564,4,365,5,0,0
2021-05-24,26,857,2,0.76,1,11,5,0,1
2021-05-24,56,633,4,0.1924,2,61,5,0,0
2021-05-24,62,1423,6,0.1925,0,365,5,0,0
2021-05-24,53,1230,2,0.8171,4,365,5,0,1
2021-05-25,49,511,0,0.4463,3,149,5,0,0
2021-05-25,61,240,6,0.4242,0,47,5,0,0
2021-05-25,37,724,3,0.545,5,54,5,0,0
2021-05-25,41,401,3,0.5814,4,141,5,0,0
2021-05-26,61,241,2,0.1271,3,145,5,0,0
2021-05-26,51,290,3,0.6327,5,365,5,0,0
2021-05-26,58,754,3,0.4743,3,365,5,0,0
2021-05-27,60,411,5,0.6415,5,161,5,0,1
2021-05-27,49,585,3,0.5875,1,365,5,0,0
2021-05-27,58,362,4,0.6133,1,365,5,0,0
2021-05-27,32,403,2,0.6188,1,106,5,0,0
2021-05-28,63,275,4,0.7777,1,35,5,0,0
2021-05-29,57,132,3,0.4562,4,100,5,0,1
2021-05-29,29,908,6,0.4213,3,17,5,0,0
2021-05-29,46,332,3,0.9164,3,107,5,0,0
2021-05-30,23,616,4,0.6747,0,365,5,0,0
2021-05-30,53,655,1,0.6358,0,39,5,0,0
2021-05-30,20,624,4,0.5681,4,57,5,0,0
2021-05-30,59,1182,1,0.296,1,365,5,0,0
2021-05-30,35,1146,8,0.8123,5,128,5,0,0
2021-05-31,59,231,5,0.8618,0,101,5,0,0
2021-05-31,65,1435,3,0.355,2,22,5,0,1
2021-05-31,29,931,3,0.4058,3,124,5,0,0
2021-05-31,37,1052,6,0.3806,4,365,5,0,0
2021-05-31,29,507,5,0.2739,0,179,5,0,0
2021-06-01,23,166,4,0.8144,0,103,6,0,0
2021-06-01,43,586,5,0.7587,1,133,6,0,1
2021-06-01,45,1283,5,0.2843,3,174,6,0,0
2021-06-01,19,868,2,0.519,5,141,6,0,0
2021-06-01,23,417,12,0.7285,1,89,6,0,1
2021-06-01,40,209,4,0.8909,2,14,6,0,0
2021-06-01,44,829,10,0.8245,3,72,6,0,1
2021-06-01,56,1458,7,0.5714,0,131,6,0,0
2021-06-02,33,1038,8,0.4202,2,9,6,0,0
2021-06-02,36,1157,0,0.6722,5,41,6,0,1
2021-06-03,34,1444,6,0.81,1,48,6,0,1
2021-06-03,48,227,2,0.4049,1,93,6,0,0
2021-06-03,27,1491,4,0.5226,2,174,6,0,1
2021-06-03,22,1450,4,0.4606,3,23,6,0,0
2021-06-04,37,1405,2,0.6139,3,97,6,0,0
2021-06-04,59,824,4,0.6463,2,122,6,0,1
2021-06-05,24,659,4,0.2579,1,91,6,0,0
2021-06-06,44,514,1,0.2796,2,130,6,0,1
2021-06-06,20,566,6,0.6807,2,26,6,0,1
2021-06-06,18,958,1,0.1628,4,129,6,0,0
2021-06-06,52,1219,6,0.8268,4,365,6,0,0
2021-06-07,47,1191,2,0.4061,2,99,6,0,1
2021-06-07,24,397,2,0.1893,1,84,6,0,0
2021-06-07,40,653,4,0.3343,0,64,6,0,0
2021-06-07,59,655,4,0.3766,4,72,6,0,0
2021-06-08,32,282,1,0.7544,3,148,6,0,0
2021-06-08,27,209,5,0.3212,4,19,6,0,0
2021-06-08,59,873,5,0.3541,2,46,6,0,0
2021-06-08,21,627,6,0.2815,1,19,6,0,1
2021-06-08,56,683,5,0.7481,0,113,6,0,0
2021-06-08,57,1047,4,0.1531,5,56,6,0,0
2021-06-09,42,1477,2,0.6496,0,365,6,0,1
2021-06-09,65,567,7,0.5831,3,4,6,0,0
2021-06-09,42,1245,6,0.8166,5,122,6,0,1
2021-06-09,28,797,1,0.1936,0,176,6,0,0
2021-06-09,28,1093,6,0.6846,0,365,6,0,1
2021-06-09,32,113,2,0.4733,5,41,6,0,0
2021-06-09,22,435,6,0.4829,0,93,6,0,0
2021-06-10,61,113,3,0.3785,2,8,6,0,0
2021-06-10,56,487,7,0.5842,4,9,6,0,0
2021-06-10,55,1199,4,0.3075,3,104,6,0,1
2021-06-10,57,721,5,0.3752,0,365,6,0,0
2021-06-11,44,1176,8,0.6463,3,108,6,0,0
2021-06-11,53,814,8,0.0094,4,2,6,0,0
2021-06-11,61,1232,4,0.518,0,72,6,0,1
2021-06-11,58,124,2,0.6174,2,99,6,0,0
2021-06-12,27,874,1,0.5852,0,14,6,0,0
2021-06-12,24,401,8,0.3363,4,149,6,0,0
2021-06-12,29,510,7,0.4539,2,38,6,0,0
2021-06-13,47,1263,4,0.4723,4,169,6,0,0
2021-06-13,50,452,5,0.3416,4,365,6,0,0
2021-06-13,43,459,2,0.2687,1,54,6,0,0
2021-06-13,40,190,2,0.3702,3,79,6,0,0
2021-06-13,28,826,5,0.6531,5,365,6,0,0
2021-06-13,62,522,6,0.3154,2,170,6,0,0
2021-06-14,35,1198,5,0.7973,5,365,6,0,0
2021-06-14,62,406,4,0.39,5,135,6,0,0
2021-06-14,21,1173,1,0.1361,0,15,6,0,0
2021-06-14,51,571,3,0.73,5,133,6,0,0
2021-06-15,38,1017,5,0.333,4,17,6,0,0
2021-06-15,30,203,7,0.579,0,138,6,0,1
2021-06-16,19,836,3,0.4289,3,365,6,0,0
2021-06-16,33,991,3,0.7091,3,78,6,0,0
2021-06-16,32,1262,2,0.7389,3,20,6,0,0
2021-06-16,59,158,3,0.3175,0,102,6,0,0
2021-06-16,18,1405,7,0.2637,1,118,6,0,0
2021-06-17,58,1146,5,0.4129,4,71,6,0,0
2021-06-17,65,148,3,0.7379,1,15,6,0,0
2021-06-17,44,1016,5,0.6364,2,365,6,0,0
2021-06-17,20,540,5,0.6742,2,139,6,0,1
2021-06-18,25,1300,4,0.4809,4,8,6,0,0
2021-06-18,29,744,5,0.8642,5,96,6,0,1
2021-06-18,31,655,5,0.521,2,35,6,0,1
2021-06-18,34,706,6,0.4317,1,24,6,0,0
2021-06-18,19,218,5,0.2329,5,365,6,0,0
2021-06-19,35,967,5,0.4261,5,86,6,0,0
2021-06-20,28,755,0,0.8676,5,53,6,0,0
2021-06-20,51,983,6,0.3838,2,129,6,0,0
2021-06-20,26,349,2,0.3728,3,365,6,0,0
2021-06-20,46,596,4,0.4115,5,92,6,0,1
2021-06-21,63,1331,5,0.6125,3,83,6,0,0
2021-06-21,21,1486,5,0.5938,5,147,6,0,0
2021-06-21,59,1071,1,0.5826,5,98,6,0,1
2021-06-22,31,506,5,0.2764,3,80,6,0,0
2021-06-22,30,1478,5,0.595,3,365,6,0,0
2021-06-22,44,1083,4,0.2395,1,101,6,0,0
2021-06-22,46,133,3,0.709,4,90,6,0,1
2021-06-22,41,985,4,0.9046,4,117,6,0,0
2021-06-22,29,169,3,0.0389,0,365,6,0,0
2021-06-23,27,510,2,0.2837,0,153,6,0,1
2021-06-23,48,1046,4,0.4263,4,128,6,0,0
2021-06-23,53,1257,7,0.1444,4,23,6,0,0
2021-06-23,60,1407,3,0.3844,4,49,6,0,0
2021-06-24,39,1315,6,0.3287,3,178,6,0,0
2021-06-24,51,744,1,0.5263,0,20,6,0,0
2021-06-24,58,654,3,0.6694,5,32,6,0,0
2021-06-24,49,616,2,0.5019,2,100,6,0,0
2021-06-24,64,861,3,0.3823,0,29,6,0,0
2021-06-25,46,403,4,0.5162,5,27,6,0,0
2021-06-25,52,1451,3,0.6628,2,27,6,0,0
2021-06-25,42,287,5,0.3454,3,107,6,0,0
2021-06-26,32,574,3,0.8041,5,19,6,0,1
2021-06-26,58,1314,3,0.7573,4,47,6,0,0
2021-06-26,44,501,4,0.4597,2,178,6,0,0
2021-06-27,60,1163,1,0.6074,2,128,6,0,1
2021-06-27,65,731,5,0.567,3,172,6,0,0
2021-06-29,54,1348,5,0.8651,5,78,6,0,1
2021-06-29,37,701,7,0.6627,4,365,6,0,1
2021-06-30,22,1268,2,0.854,4,112,6,0,1
2021-06-30,39,920,4,0.7381,2,365,6,0,0
2021-06-30,47,488,5,0.4906,4,11,6,0,0
2021-06-30,60,432,4,0.6879,3,127,6,0,0
2021-06-30,27,179,3,0.2692,3,17,6,0,0
2021-06-30,33,1478,7,0.6769,4,365,6,0,0
2021-06-30,27,452,2,0.8086,5,150,6,0,0
2021-06-30,21,442,9,0.6124,5,156,6,0,0
2021-07-01,51,1079,2,0.2671,3,365,7,0,0
2021-07-01,40,1039,6,0.3858,4,86,7,0,0
2021-07-01,57,1188,3,0.541,4,365,7,0,0
2021-07-01,56,1348,4,0.557,4,365,7,0,0
2021-07-01,38,1286,3,0.3936,1,106,7,0,0
2021-07-01,32,1409,3,0.4981,4,15,7,0,0
2021-07-02,58,958,6,0.1966,4,140,7,0,0
2021-07-02,21,420,4,0.7332,0,30,7,0,1
2021-07-02,54,464,2,0.5356,5,148,7,0,1
2021-07-02,64,630,5,0.5802,1,158,7,0,1
2021-07-02,25,464,2,0.4778,4,365,7,0,1
2021-07-02,19,701,4,0.3702,2,118,7,0,0
2021-07-02,32,994,4,0.6891,1,42,7,0,0
2021-07-03,28,1442,4,0.4721,2,168,7,0,0
2021-07-03,60,1348,6,0.3695,2,180,7,0,0
2021-07-03,49,894,2,0.5467,2,79,7,0,0
2021-07-04,31,238,2,0.5723,3,59,7,0,0
2021-07-05,25,457,4,0.7856,5,25,7,0,0
2021-07-06,51,510,5,0.0461,0,110,7,0,0
2021-07-06,29,556,5,0.3866,4,365,7,0,0
2021-07-07,51,489,3,0.3904,2,129,7,0,0
2021-07-07,47,1287,3,0.093,4,16,7,0,0
2021-07-07,18,1175,6,0.5242,3,16,7,0,1
2021-07-07,40,300,4,0.8623,2,11,7,0,1
2021-07-07,54,222,6,0.9117,1,174,7,0,1
2021-07-07,36,704,2,0.781,1,3,7,0,0
2021-07-08,22,293,3,0.4642,2,174,7,0,0
2021-07-08,38,839,2,0.2523,3,156,7,0,0
2021-07-08,42,1100,6,0.507,2,6,7,0,0
2021-07-08,33,1000,4,0.6471,4,55,7,0,0
2021-07-08,46,724,2,0.5804,4,68,7,0,0
2021-07-09,65,676,4,0.8912,4,7,7,0,1
2021-07-09,38,1208,4,0.6558,4,139,7,0,1
2021-07-09,34,1474,4,0.7987,2,148,7,0,0
2021-07-09,54,1304,6,0.3129,0,98,7,0,0
2021-07-10,47,201,4,0.5261,1,158,7,0,0
2021-07-10,41,1068,7,0.2941,1,117,7,0,0
2021-07-11,46,1009,4,0.453,5,365,7,0,0
2021-07-11,36,278,5,0.945,2,76,7,0,1
2021-07-11,18,1196,5,0.8608,1,21,7,0,0
2021-07-11,37,983,3,0.6221,2,130,7,0,0
2021-07-11,38,495,4,0.6673,4,365,7,0,0
2021-07-11,48,779,5,0.8868,1,76,7,0,0
2021-07-12,57,1107,5,0.1794,0,52,7,0,0
2021-07-12,22,633,6,0.486,4,135,7,0,0
2021-07-12,62,637,3,0.1649,2,365,7,0,0
2021-07-12,48,691,3,0.6999,4,112,7,0,0
2021-07-13,28,1290,5,0.867,4,164,7,0,0
2021-07-13,44,872,2,0.6486,0,0,7,0,0
2021-07-13,33,936,4,0.3119,2,97,7,0,0
2021-07-13,63,869,4,0.6628,3,99,7,0,0
2021-07-13,53,1023,6,0.3131,0,365,7,0,1
2021-07-14,44,613,6,0.2507,5,82,7,0,0
2021-07-14,63,99,9,0.5407,2,47,7,0,0
2021-07-15,23,209,3,0.6918,4,177,7,0,0
2021-07-15,44,818,5,0.2772,5,161,7,0,0
2021-07-15,60,812,3,0.7281,1,29,7,0,1
2021-07-16,54,789,7,0.3992,4,365,7,0,0
2021-07-17,52,1149,5,0.5897,4,46,7,0,1
2021-07-17,20,819,2,0.4966,2,47,7,0,0
2021-07-18,40,678,4,0.8931,2,59,7,0,0
2021-07-18,40,1410,8,0.3403,0,177,7,0,0
2021-07-18,31,253,4,0.6455,1,156,7,0,0
2021-07-19,59,1445,4,0.4813,3,129,7,0,1
2021-07-19,41,663,1,0.7748,0,89,7,0,1
2021-07-19,32,1414,2,0.8244,4,365,7,0,0
2021-07-19,35,659,5,0.6916,4,365,7,0,0
2021-07-19,61,1086,9,0.9387,4,177,7,0,0
2021-07-20,33,136,3,0.6616,4,180,7,0,1
2021-07-20,48,257,7,0.4758,1,365,7,0,1
2021-07-20,55,626,2,0.3475,0,2,7,0,0
2021-07-20,23,321,2,0.4521,4,177,7,0,0
2021-07-20,26,482,7,0.7021,3,19,7,0,0
2021-07-21,44,261,1,0.5202,5,171,7,0,1
2021-07-21,64,1243,4,0.6285,2,105,7,0,0
2021-07-21,34,1382,7,0.6136,3,5,7,0,0
2021-07-21,61,202,4,0.5435,3,37,7,0,0
2021-07-22,31,561,6,0.6566,3,175,7,0,1
2021-07-22,45,743,2,0.4104,0,38,7,0,0
2021-07-22,58,447,6,0.6043,1,365,7,0,0
2021-07-22,63,946,11,0.8027,5,365,7,0,0
2021-07-23,22,520,4,0.6117,4,65,7,0,0
2021-07-24,35,883,9,0.5061,3,162,7,0,0
2021-07-24,55,1060,3,0.8306,5,89,7,0,0
2021-07-24,65,383,4,0.7526,2,50,7,0,1
2021-07-25,48,1409,1,0.6956,3,134,7,0,0
2021-07-26,57,264,5,0.6756,0,68,7,0,0
2021-07-26,26,1318,9,0.7705,2,143,7,0,0
2021-07-26,58,1182,6,0.5766,1,13,7,0,0
2021-07-26,33,783,3,0.3818,3,100,7,0,0
2021-07-26,60,714,5,0.4131,1,21,7,0,1
2021-07-27,64,1370,5,0.9521,0,144,7,0,0
2021-07-27,48,227,7,0.3886,5,90,7,0,0
2021-07-27,40,1403,6,0.4086,2,49,7,0,0
2021-07-27,29,139,2,0.3015,3,130,7,0,0
2021-07-28,48,214,1,0.692,4,119,7,0,1
2021-07-28,22,755,3,0.8823,2,74,7,0,1
2021-07-28,43,228,6,0.6695,0,172,7,0,1
2021-07-28,45,751,3,0.04,2,365,7,0,1
2021-07-28,22,1186,4,0.5085,4,33,7,0,1
2021-07-29,28,516,6,0.7173,1,135,7,0,1
2021-07-29,64,738,3,0.698,5,365,7,0,0
2021-07-29,60,767,3,0.4735,0,85,7,0,1
2021-07-29,21,518,7,0.5502,4,62,7,0,0
2021-07-29,37,1446,7,0.5585,2,124,7,0,0
2021-07-29,36,370,7,0.5441,0,132,7,0,0
2021-07-29,42,470,3,0.3797,1,174,7,0,0
2021-07-30,24,931,3,0.648,5,37,7,0,1
2021-07-30,34,1076,3,0.5655,1,52,7,0,1
2021-07-31,30,1408,6,0.5573,3,170,7,0,1
2021-07-31,47,302,7,0.3101,4,14,7,0,0
2021-07-31,57,1294,3,0.5629,3,170,7,0,0
2021-08-01,50,314,4,0.2883,1,365,8,1,0
2021-08-01,39,341,3,0.2193,3,36,8,1,0
2021-08-01,48,166,3,0.2839,5,68,8,1,0
2021-08-01,36,625,2,0.6423,3,97,8,1,1
2021-08-01,61,1289,4,0.1914,1,365,8,1,0
2021-08-01,63,167,4,0.4082,2,21,8,1,1
2021-08-01,56,351,6,0.3287,5,365,8,1,0
2021-08-02,32,880,7,0.4755,3,50,8,1,1
2021-08-02,39,1055,1,0.3045,2,151,8,1,0
2021-08-02,22,1458,5,0.9597,5,157,8,1,0
2021-08-02,20,104,4,0.4773,1,170,8,1,0
2021-08-02,43,1188,5,0.1969,4,125,8,1,0
2021-08-02,52,720,3,0.5312,1,133,8,1,0
2021-08-03,52,1340,7,0.5439,1,365,8,1,0
2021-08-03,31,1390,5,0.6126,0,88,8,1,1
2021-08-03,43,256,8,0.7473,0,61,8,1,1
2021-08-04,51,1499,2,0.6569,1,71,8,1,0
2021-08-04,56,1328,5,0.4677,2,365,8,1,0
2021-08-05,27,590,4,0.4256,1,77,8,1,0
2021-08-05,27,1172,2,0.5566,4,365,8,1,0
2021-08-06,48,1367,2,0.4069,2,167,8,1,0
2021-08-06,47,1473,7,0.3864,4,20,8,1,1
2021-08-07,61,509,2,0.665,0,140,8,1,0
2021-08-07,18,1041,3,0.7017,4,93,8,1,0
2021-08-07,57,485,5,0.2673,3,365,8,1,0
2021-08-07,50,90,4,0.2027,1,128,8,1,1
2021-08-08,18,871,3,0.5511,0,42,8,1,0
2021-08-08,58,561,5,0.293,4,74,8,1,0
2021-08-08,58,533,2,0.1514,0,175,8,1,0
2021-08-09,43,664,5,0.4521,5,19,8,1,0
2021-08-09,59,475,6,0.4334,5,365,8,1,1
2021-08-09,63,545,7,0.6967,4,33,8,1,0
2021-08-09,21,994,8,0.858,0,52,8,1,1
2021-08-09,57,506,1,0.5852,2,113,8,1,0
2021-08-10,50,808,3,0.1343,4,365,8,1,0
2021-08-11,63,108,7,0.7169,1,118,8,1,1
2021-08-11,53,911,10,0.3393,2,158,8,1,1
2021-08-12,32,109,5,0.2173,0,49,8,1,0
2021-08-12,55,513,3,0.6268,1,94,8,1,1
2021-08-12,39,1039,7,0.505,2,177,8,1,0
2021-08-12,50,500,3,0.0126,2,34,8,1,0
2021-08-13,57,1299,5,0.1982,5,71,8,1,0
2021-08-13,50,1450,2,0.4823,5,143,8,1,0
2021-08-13,53,257,2,0.1683,3,76,8,1,0
2021-08-13,53,295,4,0.9398,5,44,8,1,0
2021-08-13,50,160,5,0.2858,1,365,8,1,1
2021-08-13,22,578,5,0.4439,0,66,8,1,0
2021-08-13,19,1244,3,0.7492,0,77,8,1,1
2021-08-14,24,1431,1,0.7839,2,143,8,1,1
2021-08-14,48,1425,5,0.4666,0,171,8,1,0
2021-08-14,62,231,4,0.7139,2,176,8,1,0
2021-08-15,38,1446,3,0.6976,0,53,8,1,0
2021-08-15,41,1109,7,0.3586,5,137,8,1,0
2021-08-16,27,1132,7,0.2571,4,134,8,1,0
2021-08-17,60,1098,5,0.9892,1,173,8,1,0
2021-08-17,36,1042,2,0.2925,3,28,8,1,1
2021-08-17,54,186,5,0.5148,4,120,8,1,1
2021-08-17,41,352,4,0.568,2,39,8,1,1
2021-08-17,40,987,6,0.6774,1,83,8,1,0
2021-08-18,51,876,3,0.557,2,174,8,1,0
2021-08-19,54,412,4,0.5836,0,134,8,1,0
2021-08-19,36,885,2,0.5121,0,177,8,1,1
2021-08-19,21,1297,4,0.56,2,137,8,1,0
2021-08-20,64,99,7,0.7097,4,365,8,1,0
2021-08-20,28,508,3,0.4741,4,168,8,1,0
2021-08-21,46,861,5,0.7888,2,62,8,1,1
2021-08-21,58,1168,5,0.0815,5,365,8,1,0
2021-08-21,63,1497,4,0.203,2,365,8,1,0
2021-08-21,50,1295,7,0.5425,0,2,8,1,0
2021-08-22,53,1247,3,0.1031,1,162,8,1,0
2021-08-22,49,135,4,0.36,3,179,8,1,0
2021-08-23,20,514,5,0.4044,1,82,8,1,1
2021-08-23,52,1201,4,0.2791,0,97,8,1,0
2021-08-23,55,431,4,0.5968,0,365,8,1,1
2021-08-23,19,738,0,0.7423,3,152,8,1,0
2021-08-23,40,1248,4,0.4078,0,112,8,1,1
2021-08-23,42,1062,4,0.43,0,8,8,1,0
2021-08-24,27,214,6,0.5786,3,365,8,1,0
2021-08-24,63,511,5,0.2429,3,365,8,1,0
2021-08-24,44,924,4,0.8333,5,126,8,1,0
2021-08-25,33,935,5,0.3234,3,123,8,1,1
2021-08-25,58,986,5,0.6394,4,145,8,1,1
2021-08-25,50,915,4,0.9666,5,89,8,1,1
2021-08-26,59,1120,3,0.4478,0,176,8,1,0
2021-08-26,54,945,3,0.5106,5,126,8,1,0
2021-08-26,42,526,2,0.7898,1,8,8,1,0
2021-08-26,29,1341,4,0.1421,0,365,8,1,0
2021-08-26,38,1048,3,0.6203,1,41,8,1,1
2021-08-26,34,1196,3,0.5338,4,53,8,1,0
2021-08-27,49,730,5,0.4779,4,163,8,1,0
2021-08-27,29,1162,7,0.0747,5,147,8,1,0
2021-08-28,62,231,7,0.2239,5,100,8,1,0
2021-08-28,19,1298,1,0.1314,1,165,8,1,0
2021-08-28,20,751,7,0.3581,2,147,8,1,0
2021-08-28,18,1266,7,0.4616,0,106,8,1,0
2021-08-28,63,214,3,0.7613,4,365,8,1,0
2021-08-28,37,547,3,0.7462,5,73,8,1,0
2021-08-29,39,903,2,0.3571,1,365,8,1,0
2021-08-30,36,942,9,0.3227,4,365,8,1,0
2021-08-30,52,569,6,0.6003,0,365,8,1,1
2021-08-30,40,1092,2,0.2198,0,365,8,1,0
2021-08-30,30,961,4,0.2704,3,32,8,1,0
2021-08-30,44,1470,4,0.3184,3,92,8,1,0
2021-08-30,43,1242,6,0.5868,3,19,8,1,1
2021-08-31,61,712,6,0.6502,2,365,8,1,1
2021-08-31,61,1340,3,0.5943,2,159,8,1,1
2021-08-31,47,1116,6,0.0753,4,146,8,1,0
2021-08-31,64,704,9,0.4932,4,91,8,1,0
2021-08-31,65,412,6,0.7549,5,160,8,1,0
2021-08-31,36,944,3,0.7729,5,92,8,1,1
2021-09-01,29,90,0,0.1159,4,122,9,0,0
2021-09-01,46,365,8,0.5681,3,47,9,0,0
2021-09-01,65,543,3,0.2356,1,365,9,0,0
2021-09-01,61,887,5,0.423,0,365,9,0,0
2021-09-01,36,1040,1,0.8029,5,133,9,0,0
2021-09-02,47,555,4,0.3329,2,147,9,0,0
2021-09-02,54,1285,3,0.3742,5,365,9,0,0
2021-09-02,40,597,4,0.8651,0,117,9,0,1
2021-09-02,64,1187,5,0.4243,3,35,9,0,0
2021-09-03,39,908,4,0.7723,1,365,9,0,0
2021-09-03,24,580,6,0.4323,1,97,9,0,0
2021-09-03,57,1137,2,0.7344,1,48,9,0,1
2021-09-03,62,1133,3,0.2688,0,149,9,0,0
2021-09-04,59,1135,6,0.5698,0,167,9,0,0
2021-09-04,45,484,7,0.1417,2,121,9,0,1
2021-09-04,37,493,2,0.0589,2,141,9,0,0
2021-09-04,41,1303,4,0.6839,0,52,9,0,0
2021-09-05,52,251,4,0.0585,4,365,9,0,0
2021-09-05,45,1459,4,0.1065,4,166,9,0,0
2021-09-05,29,230,3,0.8577,0,141,9,0,1
2021-09-05,64,128,4,0.8438,1,9,9,0,0
2021-09-05,54,1182,4,0.6875,3,29,9,0,0
2021-09-06,44,223,1,0.4986,1,9,9,0,0
2021-09-06,24,424,3,0.3211,2,137,9,0,0
2021-09-07,33,805,2,0.547,4,151,9,0,0
2021-09-08,44,1316,6,0.6159,5,365,9,0,1
2021-09-08,22,1492,6,0.2434,4,147,9,0,0
2021-09-08,33,1327,6,0.1704,5,67,9,0,0
2021-09-09,44,214,3,0.7794,0,58,9,0,0
2021-09-09,32,120,3,0.7795,5,51,9,0,0
2021-09-09,19,883,7,0.4877,3,93,9,0,0
2021-09-09,62,760,7,0.8293,0,83,9,0,0
2021-09-09,27,1084,3,0.5789,2,31,9,0,0
2021-09-10,35,553,3,0.3013,3,153,9,0,0
2021-09-10,51,476,3,0.4161,5,64,9,0,0
2021-09-10,41,1265,4,0.5049,5,29,9,0,0
2021-09-10,20,589,9,0.5493,0,132,9,0,0
2021-09-11,42,1339,3,0.5841,1,64,9,0,0
2021-09-11,31,354,1,0.819,0,113,9,0,1
2021-09-12,28,1191,4,0.1318,1,48,9,0,0
2021-09-12,53,1293,2,0.5546,3,68,9,0,1
2021-09-12,45,875,3,0.8916,4,25,9,0,0
2021-09-13,50,552,3,0.2819,1,86,9,0,0
2021-09-13,24,967,1,0.6608,0,94,9,0,0
2021-09-13,28,784,4,0.5556,2,115,9,0,1
2021-09-13,49,433,3,0.8444,2,365,9,0,1
2021-09-13,48,171,6,0.8925,0,40,9,0,0
2021-09-14,19,1212,3,0.7034,0,48,9,0,0
2021-09-14,29,1261,4,0.621,4,60,9,0,0
2021-09-14,34,1377,0,0.4455,3,39,9,0,0
2021-09-14,62,1014,2,0.2792,5,20,9,0,0
2021-09-14,25,523,6,0.4757,5,19,9,0,0
2021-09-15,26,931,6,0.5599,3,89,9,0,1
2021-09-15,61,894,1,0.774,1,130,9,0,1
2021-09-15,47,425,4,0.3893,4,53,9,0,0
2021-09-15,64,102,1,0.1817,4,2,9,0,0
2021-09-16,65,608,2,0.3384,2,61,9,0,0
2021-09-16,19,770,5,0.4267,1,365,9,0,0
2021-09-16,23,1105,3,0.6367,4,158,9,0,0
2021-09-16,33,1358,3,0.3573,2,62,9,0,0
2021-09-17,57,1183,2,0.6362,4,159,9,0,0
2021-09-17,47,884,2,0.6814,5,7,9,0,0
2021-09-17,29,1482,2,0.4846,1,365,9,0,0
2021-09-17,53,941,6,0.5715,4,158,9,0,1
2021-09-18,32,1461,7,0.7592,1,19,9,0,0
2021-09-18,41,138,6,0.3972,1,96,9,0,0
2021-09-19,33,397,3,0.7837,4,178,9,0,0
2021-09-19,49,1410,4,0.6684,0,36,9,0,0
2021-09-19,21,135,2,0.5513,2,70,9,0,0
2021-09-19,34,764,1,0.5811,4,136,9,0,1
2021-09-19,39,591,5,0.6186,0,22,9,0,1
2021-09-19,41,353,5,0.5111,5,143,9,0,0
2021-09-20,47,861,2,0.41,3,365,9,0,0
2021-09-20,64,847,5,0.7631,3,131,9,0,0
2021-09-20,46,521,6,0.7047,1,96,9,0,1
2021-09-20,32,569,7,0.3512,0,15,9,0,0
2021-09-20,29,1470,5,0.3824,0,108,9,0,0
2021-09-20,46,368,5,0.2439,4,32,9,0,0
2021-09-21,39,1163,0,0.1864,1,129,9,0,0
2021-09-21,65,1219,1,0.6876,0,25,9,0,0
2021-09-21,47,959,6,0.6874,3,64,9,0,1
2021-09-21,42,264,1,0.7911,0,53,9,0,0
2021-09-21,26,1058,4,0.4738,0,63,9,0,1
2021-09-21,34,1453,0,0.4922,3,169,9,0,1
2021-09-21,36,565,5,0.3439,4,110,9,0,0
2021-09-21,20,864,8,0.1095,0,108,9,0,1
2021-09-22,52,120,6,0.6948,0,41,9,0,1
2021-09-22,42,1243,5,0.3218,3,39,9,0,0
2021-09-23,40,808,4,0.6691,4,85,9,0,0
2021-09-23,25,1164,6,0.529,4,365,9,0,0
2021-09-23,46,398,3,0.2768,5,161,9,0,0
2021-09-23,55,613,8,0.7554,0,365,9,0,1
2021-09-23,21,552,3,0.7187,1,34,9,0,0
2021-09-24,60,381,4,0.3624,0,101,9,0,0
2021-09-24,63,1240,5,0.2777,2,105,9,0,0
2021-09-24,50,511,2,0.494,2,136,9,0,0
2021-09-24,49,1408,3,0.5436,2,180,9,0,0
2021-09-25,63,459,2,0.5718,3,127,9,0,0
2021-09-25,28,1005,5,0.2592,3,167,9,0,0
2021-09-25,54,465,5,0.8405,0,27,9,0,1
2021-09-26,59,1479,10,0.7798,4,90,9,0,0
2021-09-26,55,458,2,0.7879,4,174,9,0,1
2021-09-26,61,626,5,0.9123,1,131,9,0,1
2021-09-27,50,907,4,0.4822,0,75,9,0,1
2021-09-28,33,1275,4,0.3512,4,79,9,0,0
2021-09-28,62,154,2,0.2923,3,162,9,0,0
2021-09-29,46,940,4,0.2221,0,12,9,0,1
2021-09-29,22,227,4,0.6169,3,162,9,0,0
2021-09-29,58,917,2,0.5601,4,365,9,0,0
2021-09-29,46,371,4,0.1739,2,176,9,0,0
2021-09-29,20,259,1,0.4575,1,115,9,0,0
2021-09-30,61,862,3,0.4835,1,162,9,0,0
2021-10-01,25,410,4,0.4554,0,51,10,1,0
2021-10-01,51,1323,5,0.3843,3,42,10,1,0
2021-10-01,20,308,2,0.4366,1,365,10,1,1
2021-10-01,35,994,3,0.6916,2,155,10,1,0
2021-10-02,24,1098,3,0.735,0,171,10,1,1
2021-10-02,62,820,7,0.44,2,24,10,1,0
2021-10-02,38,1481,1,0.2909,0,159,10,1,0
2021-10-02,43,307,5,0.2209,2,84,10,1,1
2021-10-02,19,702,5,0.3624,0,158,10,1,0
2021-10-02,53,1424,2,0.5611,1,170,10,1,0
2021-10-02,56,1394,9,0.2658,2,106,10,1,1
2021-10-03,32,1306,3,0.5496,5,160,10,1,0
2021-10-03,34,534,4,0.0152,0,365,10,1,0
2021-10-03,44,241,3,0.5427,0,365,10,1,0
2021-10-04,44,1033,7,0.5602,0,365,10,1,0
2021-10-04,57,1105,0,0.3613,0,86,10,1,0
2021-10-04,50,517,1,0.6905,4,365,10,1,1
2021-10-04,64,524,2,0.653,0,365,10,1,0
2021-10-05,42,1200,1,0.354,5,178,10,1,0
2021-10-05,63,381,5,0.0268,4,0,10,1,0
2021-10-05,40,1340,2,0.3699,0,48,10,1,0
2021-10-06,27,392,7,0.7082,4,5,10,1,1
2021-10-06,64,691,6,0.3472,2,110,10,1,0
2021-10-06,61,1469,4,0.299,1,35,10,1,0
2021-10-06,41,1001,5,0.7275,3,365,10,1,0
2021-10-07,27,473,4,0.8976,4,145,10,1,1
2021-10-07,60,1417,9,0.8067,3,365,10,1,0
2021-10-07,52,750,4,0.1779,5,95,10,1,1
2021-10-07,23,974,2,0.7532,5,129,10,1,0
2021-10-07,64,913,2,0.5686,2,59,10,1,0
2021-10-08,47,646,5,0.6555,1,41,10,1,0
2021-10-08,48,993,2,0.3607,5,122,10,1,0
2021-10-09,21,1319,2,0.376,1,137,10,1,0
2021-10-09,27,627,2,0.4236,1,57,10,1,0
2021-10-09,53,1381,6,0.7434,3,180,10,1,0
2021-10-10,51,296,3,0.2263,0,43,10,1,1
2021-10-10,43,887,2,0.1714,4,160,10,1,0
2021-10-10,54,1302,6,0.5771,4,4,10,1,0
2021-10-10,31,943,1,0.4042,0,104,10,1,0
2021-10-10,35,940,4,0.4484,3,156,10,1,0
2021-10-10,18,820,5,0.3997,2,23,10,1,0
2021-10-11,41,449,6,0.8127,4,174,10,1,0
2021-10-12,63,184,1,0.9837,2,47,10,1,1
2021-10-12,46,684,8,0.8082,1,84,10,1,1
2021-10-12,58,1294,3,0.3019,5,114,10,1,0
2021-10-12,33,658,7,0.4184,1,5,10,1,0
2021-10-12,33,653,1,0.4578,0,70,10,1,1
2021-10-13,58,582,2,0.7542,1,43,10,1,1
2021-10-14,59,747,4,0.5988,5,135,10,1,0
2021-10-14,35,1346,4,0.7362,4,365,10,1,0
2021-10-14,25,162,3,0.5735,2,77,10,1,1
2021-10-14,49,413,3,0.436,2,30,10,1,0
2021-10-15,38,658,3,0.7777,4,127,10,1,1
2021-10-15,31,1235,2,0.8791,0,54,10,1,1
2021-10-15,59,1165,3,0.445,1,5,10,1,0
2021-10-16,61,1340,3,0.5731,1,152,10,1,1
2021-10-16,51,471,4,0.5042,0,114,10,1,0
2021-10-16,61,161,2,0.666,5,78,10,1,0
2021-10-16,29,579,5,0.5929,1,99,10,1,1
2021-10-17,51,563,3,0.8154,5,70,10,1,0
2021-10-17,59,756,2,0.6083,0,1,10,1,0
2021-10-17,60,531,3,0.3821,5,21,10,1,0
2021-10-17,32,152,5,0.2584,2,123,10,1,0
2021-10-18,38,1248,2,0.3924,3,365,10,1,1
2021-10-18,41,406,3,0.809,3,365,10,1,1
2021-10-18,39,277,4,0.2166,2,122,10,1,0
2021-10-18,18,935,4,0.3694,3,62,10,1,0
2021-10-18,53,1133,7,0.3119,1,127,10,1,1
2021-10-19,48,1094,3,0.8211,2,365,10,1,1
2021-10-19,41,1293,3,0.2838,1,365,10,1,0
2021-10-19,55,1100,4,0.6559,0,365,10,1,0
2021-10-19,22,207,6,0.4233,1,76,10,1,0
2021-10-20,46,474,3,0.3314,4,158,10,1,0
2021-10-20,23,843,5,0.5318,4,365,10,1,1
2021-10-20,29,481,3,0.6777,3,161,10,1,0
2021-10-21,64,761,5,0.2192,0,365,10,1,0
2021-10-22,32,797,5,0.7344,2,74,10,1,1
2021-10-23,58,1219,10,0.3136,2,90,10,1,1
2021-10-23,24,117,7,0.2081,5,44,10,1,0
2021-10-23,30,1497,3,0.984,5,83,10,1,1
2021-10-23,29,837,6,0.5066,2,365,10,1,0
2021-10-23,37,1219,6,0.3343,5,365,10,1,0
2021-10-23,49,782,3,0.0903,0,39,10,1,0
2021-10-23,25,293,3,0.6903,4,365,10,1,0
2021-10-24,34,1228,2,0.7029,4,91,10,1,1
2021-10-24,23,632,4,0.6534,5,46,10,1,0
2021-10-25,50,1291,4,0.0386,0,128,10,1,0
2021-10-25,25,647,4,0.9011,4,132,10,1,0
2021-10-25,22,201,1,0.3373,2,151,10,1,0
2021-10-25,58,115,3,0.8629,1,365,10,1,1
2021-10-25,33,249,4,0.8013,3,62,10,1,1
2021-10-26,52,871,5,0.2719,3,62,10,1,0
2021-10-26,43,629,4,0.444,3,16,10,1,0
2021-10-26,55,361,3,0.633,4,44,10,1,0
2021-10-26,62,902,3,0.6093,3,8,10,1,0
2021-10-26,31,317,3,0.7462,0,118,10,1,1
2021-10-26,34,1446,9,0.2543,3,43,10,1,1
2021-10-27,25,570,6,0.451,4,174,10,1,0
2021-10-27,36,290,2,0.4248,0,171,10,1,1
2021-10-27,60,691,3,0.4932,3,140,10,1,0
2021-10-27,39,212,4,0.3502,4,158,10,1,1
2021-10-27,33,1320,5,0.217,5,51,10,1,0
2021-10-29,45,925,6,0.4005,4,155,10,1,0
2021-10-29,27,834,3,0.5015,5,162,10,1,0
2021-10-29,26,460,1,0.468,5,365,10,1,0
2021-10-29,46,749,1,0.5629,1,43,10,1,0
2021-10-29,30,852,11,0.7706,5,0,10,1,0
2021-10-30,30,410,10,0.7437,4,153,10,1,0
2021-10-30,44,303,1,0.7307,5,365,10,1,0
2021-10-30,60,277,5,0.8521,1,114,10,1,1
2021-10-31,58,232,2,0.4137,2,126,10,1,0
2021-10-31,33,374,3,0.1343,5,70,10,1,0
2021-10-31,40,791,4,0.6682,3,65,10,1,1
2021-10-31,42,551,4,0.5028,2,96,10,1,1
2021-10-31,35,312,3,0.7593,0,365,10,1,1
2021-10-31,64,1237,1,0.2396,4,29,10,1,0
2021-11-01,21,735,3,0.3665,2,2,11,1,0
2021-11-01,34,758,5,0.7315,5,118,11,1,1
2021-11-01,42,518,1,0.7937,0,165,11,1,1
2021-11-01,40,701,3,0.228,1,115,11,1,0
2021-11-01,21,1080,4,0.2442,2,365,11,1,0
2021-11-01,62,187,3,0.464,0,116,11,1,1
2021-11-01,38,1145,1,0.234,4,52,11,1,0
2021-11-02,55,111,6,0.7698,0,365,11,1,0
2021-11-02,27,1145,3,0.4388,2,52,11,1,1
2021-11-02,18,1374,3,0.6177,2,130,11,1,1
2021-11-02,46,514,5,0.5701,0,84,11,1,0
2021-11-02,49,822,2,0.2972,4,89,11,1,1
2021-11-03,22,1294,6,0.7265,1,365,11,1,1
2021-11-03,63,609,1,0.6958,3,365,11,1,0
2021-11-04,27,1039,3,0.6916,2,27,11,1,1
2021-11-04,54,1258,5,0.3153,2,110,11,1,0
2021-11-04,23,680,5,0.3783,3,8,11,1,0
2021-11-05,38,581,4,0.7217,3,56,11,1,0
2021-11-05,54,1037,3,0.6178,1,365,11,1,0
2021-11-05,63,546,6,0.6159,0,152,11,1,0
2021-11-06,46,479,4,0.3673,1,101,11,1,0
2021-11-06,59,714,4,0.5546,3,167,11,1,0
2021-11-07,18,312,3,0.6144,0,61,11,1,0
2021-11-07,47,520,7,0.5428,0,29,11,1,0
2021-11-08,37,730,3,0.4419,4,74,11,1,0
2021-11-08,62,432,6,0.8408,3,11,11,1,0
2021-11-09,48,552,6,0.8183,4,120,11,1,1
2021-11-09,44,1311,4,0.7091,0,85,11,1,0
2021-11-10,33,340,1,0.1784,5,74,11,1,0
2021-11-10,40,1269,6,0.2772,1,168,11,1,1
2021-11-10,46,253,6,0.1386,3,113,11,1,0
2021-11-10,23,1128,4,0.8459,0,88,11,1,0
2021-11-11,38,639,1,0.4752,4,118,11,1,0
2021-11-11,59,1428,5,0.549,0,94,11,1,1
2021-11-12,28,190,3,0.8749,5,85,11,1,0
2021-11-12,20,1237,4,0.44,4,169,11,1,1
2021-11-12,65,1411,3,0.7038,1,153,11,1,0
2021-11-12,30,245,2,0.2533,3,84,11,1,1
2021-11-12,39,1094,3,0.8498,5,112,11,1,0
2021-11-12,31,512,2,0.5613,4,125,11,1,0
2021-11-12,37,617,4,0.9358,5,23,11,1,0
2021-11-12,28,1096,2,0.8282,1,88,11,1,0
2021-11-12,35,305,5,0.4524,4,179,11,1,0
2021-11-13,31,1011,6,0.5277,0,133,11,1,1
2021-11-13,56,325,3,0.4636,2,365,11,1,0
2021-11-13,36,953,4,0.8193,2,41,11,1,1
2021-11-13,21,984,5,0.114,0,365,11,1,0
2021-11-13,46,574,2,0.4247,5,172,11,1,0
2021-11-14,54,1133,6,0.186,4,137,11,1,0
2021-11-14,34,636,6,0.5415,5,46,11,1,0
2021-11-14,44,125,4,0.332,4,99,11,1,0
2021-11-14,30,1251,4,0.1784,2,13,11,1,0
2021-11-15,23,147,4,0.5431,4,101,11,1,0
2021-11-15,23,1409,10,0.0627,0,131,11,1,1
2021-11-15,62,692,3,0.7434,2,52,11,1,1
2021-11-15,57,719,7,0.3278,3,113,11,1,0
2021-11-15,36,807,1,0.4864,0,180,11,1,0
2021-11-16,26,708,5,0.2335,3,365,11,1,0
2021-11-16,38,1362,5,0.4368,5,53,11,1,0
2021-11-16,48,1325,10,0.1441,0,34,11,1,0
2021-11-17,22,759,7,0.2279,3,99,11,1,0
2021-11-17,35,900,5,0.4705,3,105,11,1,1
2021-11-17,27,548,3,0.2286,2,29,11,1,0
2021-11-17,52,328,3,0.8263,0,365,11,1,0
2021-11-17,21,106,5,0.9216,1,36,11,1,0
2021-11-17,26,452,6,0.4555,5,170,11,1,0
2021-11-18,63,1375,3,0.716,3,365,11,1,0
2021-11-18,52,1083,3,0.7582,2,365,11,1,0
2021-11-18,60,751,6,0.8392,1,56,11,1,1
2021-11-18,42,1443,8,0.5099,5,28,11,1,0
2021-11-18,57,185,4,0.4731,3,91,11,1,0
2021-11-18,40,794,2,0.7705,5,67,11,1,0
2021-11-18,32,808,6,0.1932,2,22,11,1,0
2021-11-19,64,967,2,0.7587,1,165,11,1,0
2021-11-19,31,1133,4,0.8304,0,71,11,1,0
2021-11-19,25,1445,2,0.8835,0,65,11,1,1
2021-11-19,41,869,9,0.4653,0,135,11,1,0
2021-11-19,51,183,0,0.9264,4,18,11,1,0
2021-11-20,21,1217,7,0.3369,1,44,11,1,0
2021-11-20,38,660,9,0.8309,1,152,11,1,0
2021-11-20,58,1021,3,0.4925,5,25,11,1,1
2021-11-21,44,1341,4,0.6591,0,26,11,1,0
2021-11-21,44,960,4,0.5675,4,101,11,1,0
2021-11-23,53,193,4,0.4864,5,56,11,1,0
2021-11-23,61,261,4,0.8887,0,27,11,1,0
2021-11-23,21,1147,5,0.4378,0,62,11,1,1
2021-11-24,63,1161,5,0.7827,0,365,11,1,0
2021-11-25,39,1046,2,0.2998,4,108,11,1,0
2021-11-25,59,206,3,0.4668,4,365,11,1,1
2021-11-25,36,744,4,0.4469,0,17,11,1,1
2021-11-26,47,1444,3,0.4807,2,90,11,1,1
2021-11-26,29,141,3,0.3722,1,18,11,1,0
2021-11-26,62,1010,6,0.7254,1,155,11,1,1
2021-11-26,40,464,3,0.3792,5,37,11,1,0
2021-11-26,19,1422,9,0.394,5,47,11,1,0
2021-11-26,21,356,2,0.3671,0,22,11,1,0
2021-11-27,65,280,3,0.2152,2,133,11,1,0
2021-11-27,39,695,10,0.7393,3,11,11,1,0
2021-11-28,48,1038,7,0.9293,0,176,11,1,1
2021-11-28,63,546,5,0.2954,3,365,11,1,1
2021-11-28,29,113,1,0.1859,0,365,11,1,0
2021-11-28,43,1124,4,0.6636,2,135,11,1,0
2021-11-29,65,197,4,0.5874,2,122,11,1,0
2021-11-29,59,1248,4,0.6254,1,365,11,1,0
2021-11-29,34,429,3,0.8117,3,173,11,1,0
2021-11-29,37,1345,1,0.3735,5,167,11,1,0
2021-11-29,36,255,1,0.1491,1,50,11,1,0
2021-11-29,51,703,4,0.4168,0,125,11,1,0
2021-11-29,36,711,5,0.638,2,16,11,1,0
2021-11-29,50,1140,5,0.5325,5,148,11,1,0
2021-11-29,48,739,9,0.5985,1,148,11,1,0
2021-11-29,30,1205,3,0.5649,2,365,11,1,0
2021-11-30,63,1224,3,0.117,3,47,11,1,1
2021-11-30,34,835,9,0.5399,5,365,11,1,0
2021-11-30,36,585,1,0.4143,2,72,11,1,0
2021-11-30,38,1173,1,0.8423,4,33,11,1,0
2021-12-01,63,876,3,0.3168,5,72,12,0,0
2021-12-01,44,924,1,0.6546,4,365,12,0,1
2021-12-01,25,1211,3,0.4594,1,365,12,0,0
2021-12-01,39,990,3,0.3963,5,111,12,0,0
2021-12-01,57,412,9,0.6361,4,365,12,0,1
2021-12-01,21,1474,4,0.4084,4,99,12,0,0
2021-12-01,39,1234,2,0.5123,5,96,12,0,0
2021-12-01,64,1432,4,0.5086,4,45,12,0,0
2021-12-01,60,520,4,0.766,0,104,12,0,0
2021-12-02,19,1020,6,0.2885,5,116,12,0,0
2021-12-02,47,126,4,0.2218,0,22,12,0,0
2021-12-02,53,696,3,0.867,0,114,12,0,0
2021-12-02,62,852,5,0.5472,3,98,12,0,1
2021-12-03,40,173,4,0.6814,5,136,12,0,0
2021-12-04,27,1297,4,0.6114,5,98,12,0,0
2021-12-04,45,486,6,0.7705,4,67,12,0,0
2021-12-04,64,704,5,0.2135,3,147,12,0,0
2021-12-05,38,647,2,0.4814,4,151,12,0,0
2021-12-05,25,868,0,0.9689,3,115,12,0,1
2021-12-05,36,1459,2,0.4277,0,365,12,0,0
2021-12-05,61,1309,3,0.5021,5,159,12,0,1
2021-12-05,57,264,8,0.8072,4,137,12,0,0
2021-12-05,39,706,1,0.0814,3,170,12,0,0
2021-12-05,35,964,9,0.6866,3,95,12,0,1
2021-12-05,60,696,3,0.8634,0,365,12,0,1
2021-12-06,35,883,2,0.2611,4,73,12,0,0
2021-12-06,60,1246,6,0.4752,5,149,12,0,0
2021-12-06,55,1355,1,0.1148,1,91,12,0,0
2021-12-06,51,1005,4,0.8641,2,169,12,0,1
2021-12-06,42,838,2,0.6949,5,157,12,0,0
2021-12-06,34,518,4,0.3461,1,62,12,0,0
2021-12-06,30,240,7,0.1966,4,167,12,0,0
2021-12-07,47,571,3,0.7352,2,20,12,0,1
2021-12-07,26,182,5,0.7655,1,12,12,0,0
2021-12-07,64,436,2,0.753,3,103,12,0,0
2021-12-07,28,1110,4,0.6899,3,70,12,0,0
2021-12-07,30,715,2,0.5737,4,365,12,0,0
2021-12-08,59,298,2,0.3806,4,365,12,0,1
2021-12-08,18,1341,3,0.526,3,44,12,0,0
2021-12-08,22,1106,4,0.3638,4,365,12,0,0
2021-12-08,48,1220,3,0.8278,3,11,12,0,0
2021-12-09,37,423,6,0.7758,1,55,12,0,1
2021-12-09,64,773,5,0.366,1,34,12,0,0
2021-12-09,36,640,6,0.6638,4,118,12,0,1
2021-12-09,45,742,2,0.9403,5,365,12,0,1
2021-12-10,47,913,5,0.6444,4,37,12,0,0
2021-12-10,54,653,4,0.4683,2,64,12,0,0
2021-12-11,25,1161,3,0.9021,3,365,12,0,1
2021-12-11,59,749,10,0.3381,2,365,12,0,0
2021-12-11,61,579,4,0.3836,5,103,12,0,0
2021-12-11,41,1303,4,0.3702,2,121,12,0,0
2021-12-12,43,1168,3,0.3529,5,159,12,0,0
2021-12-12,33,1180,6,0.7594,2,76,12,0,1
2021-12-12,39,677,6,0.0352,5,52,12,0,0
2021-12-12,59,737,6,0.3902,2,158,12,0,0
2021-12-12,48,491,4,0.4644,1,14,12,0,0
2021-12-12,22,624,4,0.5847,2,365,12,0,0
2021-12-13,42,1072,4,0.4101,0,365,12,0,1
2021-12-13,28,1094,6,0.4365,1,128,12,0,0
2021-12-13,44,945,2,0.891,1,127,12,0,0
2021-12-14,45,434,3,0.3182,3,85,12,0,0
2021-12-14,56,980,6,0.8404,2,71,12,0,0
2021-12-15,19,1191,6,0.0934,0,103,12,0,0
2021-12-15,31,629,3,0.6376,4,42,12,0,0
2021-12-15,58,1232,2,0.3705,0,173,12,0,1
2021-12-15,25,184,4,0.9165,3,138,12,0,0
2021-12-15,38,144,6,0.8824,2,80,12,0,0
2021-12-16,37,575,1,0.3017,5,365,12,0,0
2021-12-16,27,1091,5,0.6581,5,365,12,0,0
2021-12-16,42,154,4,0.2489,5,71,12,0,0
2021-12-17,61,648,4,0.4055,4,8,12,0,0
2021-12-17,35,347,5,0.7255,2,67,12,0,1
2021-12-17,43,1073,3,0.6443,0,365,12,0,0
2021-12-17,26,1220,7,0.4834,1,179,12,0,1
2021-12-18,53,1360,8,0.808,5,39,12,0,0
2021-12-18,36,317,2,0.0909,4,75,12,0,0
2021-12-18,46,287,5,0.0793,5,175,12,0,0
2021-12-19,44,1282,4,0.3197,1,365,12,0,1
2021-12-19,23,1318,4,0.6843,0,66,12,0,0
2021-12-20,20,1337,5,0.8837,5,365,12,0,0
2021-12-20,65,902,2,0.6767,2,171,12,0,0
2021-12-20,54,344,6,0.3294,3,365,12,0,0
2021-12-20,37,336,5,0.7183,3,26,12,0,1
2021-12-20,58,1410,4,0.5838,2,23,12,0,0
2021-12-22,19,642,5,0.7418,4,365,12,0,0
2021-12-22,34,997,6,0.438,4,166,12,0,0
2021-12-23,51,1078,4,0.2451,1,365,12,0,1
2021-12-23,18,1180,3,0.4109,4,97,12,0,0
2021-12-24,57,1299,3,0.1497,3,167,12,0,0
2021-12-25,52,244,3,0.6694,5,167,12,0,0
2021-12-25,57,1026,4,0.0786,1,91,12,0,0
2021-12-25,35,1139,7,0.3637,3,365,12,0,0
2021-12-25,28,737,1,0.5153,1,172,12,0,1
2021-12-25,36,808,6,0.5378,5,48,12,0,0
2021-12-25,39,434,4,0.339,5,31,12,0,0
2021-12-26,35,1449,6,0.54,0,17,12,0,0
2021-12-26,52,1309,9,0.5676,3,153,12,0,0
2021-12-26,58,586,2,0.6463,0,9,12,0,0
2021-12-27,55,422,7,0.6652,5,178,12,0,0
2021-12-27,33,289,7,0.7532,0,365,12,0,0
2021-12-27,27,1351,6,0.8499,4,62,12,0,1
2021-12-27,63,290,2,0.8595,0,365,12,0,0
2021-12-28,62,1015,4,0.4182,2,44,12,0,0
2021-12-28,59,807,7,0.5176,2,36,12,0,1
2021-12-28,60,1482,1,0.5658,0,23,12,0,0
2021-12-28,29,1398,5,0.6511,0,54,12,0,0
2021-12-28,25,692,5,0.7926,1,132,12,0,0
2021-12-29,29,237,1,0.193,4,14,12,0,0
2021-12-29,51,935,1,0.578,4,51,12,0,0
2021-12-29,54,740,5,0.6101,3,99,12,0,0
2021-12-30,45,1019,9,0.4232,3,73,12,0,0
2021-12-30,25,994,1,0.7546,2,5,12,0,1
2021-12-30,51,102,7,0.7775,2,365,12,0,0
2021-12-30,51,979,4,0.5465,5,74,12,0,0
2021-12-30,50,1416,3,0.5464,2,365,12,0,0
2021-12-30,44,724,5,0.2728,1,97,12,0,0
2021-12-30,55,1312,4,0.3578,3,137,12,0,1
2021-12-30,35,926,3,0.7038,2,365,12,0,1
2021-12-31,57,167,3,0.416,5,99,12,0,0
2021-12-31,48,338,3,0.2573,1,132,12,0,0
2021-12-31,31,418,7,0.7445,0,146,12,0,0
2021-12-31,21,582,1,0.5607,2,365,12,0,0
2021-12-31,38,862,6,0.7404,3,85,12,0,0
2021-12-31,41,1466,2,0.6719,3,129,12,0,0
2021-12-31,31,809,7,0.446,1,365,12,0,0
2022-01-01,23,1143,3,0.4679,1,114,1,1,1
2022-01-01,48,1395,2,0.7409,0,1,1,1,0
2022-01-01,59,325,2,0.2975,1,141,1,1,0
2022-01-01,30,459,7,0.2555,4,365,1,1,0
2022-01-02,59,725,5,0.4177,2,43,1,1,0
2022-01-02,22,919,1,0.6546,0,114,1,1,0
2022-01-02,46,149,2,0.2118,3,59,1,1,0
2022-01-02,22,393,5,0.2261,2,68,1,1,0
2022-01-02,24,92,8,0.392,1,78,1,1,0
2022-01-02,46,513,5,0.7765,2,132,1,1,0
2022-01-02,42,1256,6,0.5202,0,132,1,1,1
2022-01-02,47,1425,5,0.3168,0,46,1,1,1
2022-01-02,51,364,3,0.4272,2,12,1,1,0
2022-01-02,27,263,3,0.4936,1,162,1,1,0
2022-01-03,50,512,0,0.1932,4,365,1,1,0
2022-01-03,57,464,2,0.7869,2,178,1,1,0
2022-01-03,56,1062,3,0.602,0,6,1,1,0
2022-01-03,40,1283,6,0.187,1,43,1,1,0
2022-01-03,56,1006,2,0.8374,3,138,1,1,0
2022-01-03,18,1376,9,0.5131,1,129,1,1,0
2022-01-04,64,744,7,0.6029,2,365,1,1,0
2022-01-05,64,644,5,0.1763,2,81,1,1,0
2022-01-05,61,626,4,0.481,1,365,1,1,0
2022-01-05,62,423,4,0.5506,4,72,1,1,0
2022-01-05,19,101,3,0.6766,2,35,1,1,0
2022-01-05,58,1058,4,0.9316,0,134,1,1,1
2022-01-06,24,793,3,0.7512,0,148,1,1,0
2022-01-06,26,1321,10,0.4651,1,365,1,1,0
2022-01-06,23,688,8,0.6082,4,365,1,1,0
2022-01-06,26,385,2,0.5454,1,146,1,1,0
2022-01-06,28,395,3,0.508,3,64,1,1,0
2022-01-07,38,1364,3,0.9636,3,80,1,1,0
2022-01-07,40,1002,8,0.7063,0,0,1,1,0
2022-01-07,32,1344,6,0.1883,0,39,1,1,0
2022-01-08,25,1412,5,0.1894,3,42,1,1,1
2022-01-08,42,319,5,0.4653,2,9,1,1,1
2022-01-08,51,173,1,0.303,4,17,1,1,0
2022-01-09,59,953,5,0.6783,0,38,1,1,1
2022-01-10,48,223,3,0.3838,4,91,1,1,0
2022-01-11,39,252,2,0.1617,2,64,1,1,0
2022-01-11,35,1082,3,0.8239,1,151,1,1,0
2022-01-11,55,1454,3,0.7338,3,100,1,1,0
2022-01-11,55,741,3,0.6394,0,155,1,1,0
2022-01-11,26,1323,5,0.3356,0,93,1,1,0
2022-01-12,40,798,3,0.2265,1,136,1,1,1
2022-01-12,60,1208,7,0.6897,2,365,1,1,0
2022-01-12,18,684,5,0.7568,5,179,1,1,0
2022-01-12,27,626,1,0.9158,3,1,1,1,1
2022-01-12,54,939,4,0.1075,2,5,1,1,0
2022-01-13,57,549,7,0.7119,3,365,1,1,0
2022-01-13,30,759,4,0.5369,3,81,1,1,0
2022-01-13,64,1335,5,0.2993,1,146,1,1,1
2022-01-14,54,366,2,0.4545,1,153,1,1,1
2022-01-14,57,1377,5,0.3046,5,365,1,1,0
2022-01-14,35,307,2,0.2858,2,54,1,1,0
2022-01-14,65,1335,4,0.3996,3,34,1,1,1
2022-01-15,45,144,3,0.5635,5,144,1,1,1
2022-01-15,41,1022,7,0.912,1,97,1,1,1
2022-01-15,25,963,4,0.7974,5,169,1,1,0
2022-01-15,51,1494,2,0.1244,0,110,1,1,1
2022-01-15,50,1073,5,0.5369,2,16,1,1,0
2022-01-16,19,316,7,0.7785,2,365,1,1,1
2022-01-16,23,729,1,0.4298,2,108,1,1,0
2022-01-16,23,448,3,0.475,5,365,1,1,0
2022-01-16,26,590,5,0.6154,4,3,1,1,1
2022-01-17,29,490,3,0.1165,3,64,1,1,0
2022-01-17,39,1219,3,0.9742,1,46,1,1,1
2022-01-17,63,215,7,0.9602,5,103,1,1,1
2022-01-18,56,538,2,0.1775,2,178,1,1,0
2022-01-18,20,464,3,0.0264,0,103,1,1,0
2022-01-18,43,1398,2,0.4236,4,9,1,1,0
2022-01-19,40,438,5,0.545,0,19,1,1,1
2022-01-19,38,1159,7,0.9579,0,147,1,1,1
2022-01-19,25,1269,5,0.8331,0,50,1,1,1
2022-01-20,25,454,6,0.908,2,96,1,1,1
2022-01-20,65,1096,0,0.3184,0,104,1,1,0
2022-01-20,46,350,4,0.5656,1,365,1,1,1
2022-01-20,62,304,7,0.7634,2,365,1,1,0
2022-01-20,62,255,6,0.7009,2,150,1,1,0
2022-01-21,58,304,2,0.4019,4,61,1,1,0
2022-01-21,35,1366,4,0.5137,2,33,1,1,0
2022-01-21,27,1273,5,0.743,3,140,1,1,0
2022-01-21,53,1023,5,0.8531,0,162,1,1,1
2022-01-21,34,1333,3,0.279,2,164,1,1,0
2022-01-21,55,1180,4,0.9058,5,5,1,1,1
2022-01-22,53,556,4,0.3513,1,130,1,1,1
2022-01-22,43,1374,3,0.5281,4,174,1,1,1
2022-01-22,53,1201,2,0.5415,0,365,1,1,1
2022-01-22,43,1016,5,0.5627,3,46,1,1,0
2022-01-23,61,1446,3,0.4203,4,25,1,1,0
2022-01-23,60,930,5,0.5716,5,13,1,1,0
2022-01-23,57,782,4,0.5824,4,82,1,1,0
2022-01-23,49,1416,4,0.6777,2,146,1,1,1
2022-01-23,32,669,1,0.4519,3,93,1,1,0
2022-01-23,54,436,8,0.1311,3,365,1,1,0
2022-01-23,31,664,4,0.7661,5,14,1,1,0
2022-01-23,31,790,3,0.4087,5,44,1,1,0
2022-01-24,40,1427,0,0.3546,1,165,1,1,0
2022-01-24,53,1053,4,0.2154,1,6,1,1,0
2022-01-25,64,566,3,0.3454,0,145,1,1,1
2022-01-25,22,960,2,0.1781,5,179,1,1,0
2022-01-25,32,210,8,0.7577,4,84,1,1,1
2022-01-25,19,382,3,0.7256,1,120,1,1,0
2022-01-26,21,707,4,0.3295,3,365,1,1,0
2022-01-26,47,627,8,0.8558,3,61,1,1,0
2022-01-26,32,338,4,0.706,2,20,1,1,0
2022-01-26,39,667,3,0.6219,1,8,1,1,0
2022-01-26,65,826,6,0.1139,4,365,1,1,0
2022-01-26,64,1270,5,0.6694,2,365,1,1,0
2022-01-26,31,1253,5,0.4858,0,162,1,1,0
2022-01-27,49,829,4,0.8491,0,43,1,1,1
2022-01-28,52,706,5,0.2215,4,109,1,1,0
2022-01-28,56,703,5,0.4964,3,113,1,1,0
2022-01-29,58,1334,4,0.2333,2,24,1,1,0
2022-01-29,24,1498,9,0.2467,5,365,1,1,0
2022-01-29,58,266,5,0.6405,4,138,1,1,0
2022-01-30,53,515,5,0.2,0,107,1,1,0
2022-01-30,42,1160,6,0.3873,1,44,1,1,0
2022-01-31,33,1180,9,0.4389,5,61,1,1,0
2022-01-31,60,1160,2,0.3066,0,170,1,1,0
2022-01-31,44,521,3,0.6474,5,174,1,1,1
2022-01-31,52,638,1,0.904,2,155,1,1,0
2022-02-01,58,990,4,0.304,2,365,2,0,0
2022-02-01,63,1146,8,0.6006,3,144,2,0,0
2022-02-02,30,1243,6,0.0877,0,92,2,0,0
2022-02-02,46,816,8,0.2633,1,152,2,0,0
2022-02-03,34,183,1,0.8939,2,111,2,0,0
2022-02-03,32,700,2,0.723,4,365,2,0,0
2022-02-03,36,670,6,0.4504,5,162,2,0,1
2022-02-03,40,314,8,0.5692,0,161,2,0,1
2022-02-04,59,659,2,0.7922,4,176,2,0,0
2022-02-04,58,1014,5,0.1635,4,164,2,0,0
2022-02-04,44,923,9,0.3233,1,18,2,0,1
2022-02-04,19,731,5,0.7863,5,176,2,0,0
2022-02-05,60,1330,8,0.7297,2,85,2,0,0
2022-02-05,25,243,6,0.7677,2,109,2,0,0
2022-02-05,60,1230,6,0.375,2,156,2,0,0
2022-02-05,59,1198,5,0.3929,3,48,2,0,0
2022-02-06,53,191,4,0.4831,4,61,2,0,1
2022-02-06,61,203,3,0.4063,0,152,2,0,0
2022-02-07,33,330,5,0.7816,1,8,2,0,0
2022-02-07,21,434,6,0.706,3,40,2,0,0
2022-02-08,21,1403,8,0.9035,4,22,2,0,0
2022-02-08,60,446,2,0.7241,1,90,2,0,0
2022-02-08,41,1229,3,0.4616,3,365,2,0,0
2022-02-09,45,264,5,0.8156,3,138,2,0,0
2022-02-09,61,506,8,0.581,5,365,2,0,0
2022-02-09,55,1378,3,0.3559,4,365,2,0,0
2022-02-10,18,1225,3,0.2235,3,72,2,0,0
2022-02-10,44,817,10,0.4722,3,177,2,0,0
2022-02-10,23,803,9,0.446,0,163,2,0,0
2022-02-11,48,1377,2,0.2452,4,53,2,0,0
2022-02-11,59,1141,3,0.3873,1,18,2,0,0
2022-02-11,47,286,3,0.6661,0,119,2,0,0
2022-02-12,20,1305,3,0.2053,5,99,2,0,0
2022-02-12,57,316,4,0.4005,0,365,2,0,0
2022-02-13,35,1439,4,0.5261,4,102,2,0,1
2022-02-13,20,693,4,0.6058,1,179,2,0,0
2022-02-13,62,1029,4,0.4697,2,167,2,0,0
2022-02-13,53,526,4,0.1791,2,101,2,0,0
2022-02-14,23,1307,4,0.2374,0,147,2,0,1
2022-02-15,33,1321,3,0.3908,2,365,2,0,1
2022-02-15,61,1000,2,0.638,0,103,2,0,0
2022-02-16,21,681,10,0.8495,5,167,2,0,1
2022-02-16,59,576,3,0.5346,2,133,2,0,0
2022-02-16,22,349,7,0.4987,1,64,2,0,1
2022-02-16,39,220,4,0.6394,4,142,2,0,0
2022-02-16,54,558,2,0.7101,4,124,2,0,0
2022-02-17,30,872,2,0.3239,3,168,2,0,0
2022-02-17,34,1413,5,0.6619,0,68,2,0,1
2022-02-17,61,305,2,0.4169,2,83,2,0,1
2022-02-17,31,732,6,0.5865,2,365,2,0,0
2022-02-17,37,906,4,0.643,2,130,2,0,0
2022-02-17,53,1432,3,0.7485,5,69,2,0,0
2022-02-17,36,956,1,0.8239,5,155,2,0,0
2022-02-18,63,1228,2,0.77,5,95,2,0,1
2022-02-18,32,883,3,0.8158,1,365,2,0,1
2022-02-18,21,1217,0,0.6202,4,88,2,0,1
2022-02-18,44,733,5,0.0348,5,124,2,0,0
2022-02-18,45,363,3,0.4963,3,178,2,0,0
2022-02-18,46,216,2,0.6164,0,146,2,0,0
2022-02-19,51,1274,3,0.2981,2,47,2,0,0
2022-02-20,39,217,3,0.195,2,65,2,0,0
2022-02-20,18,539,6,0.6638,5,111,2,0,0
2022-02-20,62,361,2,0.3088,3,164,2,0,1
2022-02-20,21,292,3,0.7061,3,115,2,0,0
2022-02-20,28,838,3,0.5058,2,156,2,0,0
2022-02-21,26,970,4,0.2509,4,35,2,0,0
2022-02-21,60,1321,4,0.5265,3,91,2,0,0
2022-02-21,50,1415,1,0.7251,3,74,2,0,0
2022-02-21,33,1413,5,0.3712,1,14,2,0,1
2022-02-21,45,801,2,0.3478,3,49,2,0,0
2022-02-21,45,1340,3,0.3066,4,161,2,0,0
2022-02-22,55,570,3,0.7411,4,18,2,0,0
2022-02-22,25,115,5,0.4086,3,54,2,0,0
2022-02-22,28,567,3,0.3654,4,87,2,0,0
2022-02-22,45,1233,8,0.3667,5,161,2,0,0
2022-02-22,61,571,6,0.8779,2,85,2,0,1
2022-02-22,31,1245,4,0.6144,4,57,2,0,1
2022-02-23,39,306,3,0.4614,3,3,2,0,0
2022-02-23,31,850,2,0.7414,1,365,2,0,0
2022-02-23,41,1063,3,0.6206,4,16,2,0,1
2022-02-23,48,1491,8,0.2756,1,365,2,0,0
2022-02-23,46,1080,7,0.3426,0,45,2,0,0
2022-02-24,25,501,2,0.7568,5,17,2,0,0
2022-02-24,40,986,6,0.7071,0,42,2,0,0
2022-02-24,28,364,3,0.5791,0,77,2,0,1
2022-02-25,30,1475,2,0.1696,3,44,2,0,0
2022-02-25,21,1108,5,0.2289,4,365,2,0,0
2022-02-25,46,1466,3,0.2136,2,41,2,0,0
2022-02-26,62,1221,5,0.7965,5,49,2,0,0
2022-02-26,54,605,3,0.6015,5,11,2,0,0
2022-02-26,23,1117,7,0.6874,1,119,2,0,1
2022-02-27,43,1178,7,0.3167,1,72,2,0,0
2022-02-27,40,1170,5,0.9116,1,365,2,0,0
2022-02-27,52,1289,4,0.7104,1,365,2,0,1
2022-02-28,40,844,4,0.7793,1,21,2,0,1
2022-02-28,30,826,3,0.4172,4,365,2,0,0
2022-02-28,62,1190,3,0.5657,4,72,2,0,1
2022-02-28,55,394,6,0.6379,4,160,2,0,0
2022-02-28,26,1116,6,0.5843,3,51,2,0,1
2022-02-28,53,1212,7,0.9082,3,147,2,0,1
2022-02-28,24,1278,4,0.7987,0,138,2,0,0
2022-03-01,32,1070,7,0.4829,4,159,3,0,1
2022-03-01,36,276,4,0.7852,5,365,3,0,0
2022-03-01,33,285,3,0.3364,0,5,3,0,0
2022-03-01,64,1196,4,0.5546,2,78,3,0,1
2022-03-01,46,368,3,0.0412,0,147,3,0,0
2022-03-01,18,1043,4,0.2966,1,95,3,0,0
2022-03-02,36,709,4,0.3702,5,365,3,0,0
2022-03-02,60,617,5,0.4623,1,9,3,0,0
2022-03-02,45,1049,5,0.4682,4,53,3,0,0
2022-03-03,50,871,5,0.7457,2,19,3,0,1
2022-03-03,21,1094,3,0.496,1,365,3,0,0
2022-03-03,51,1102,5,0.6736,5,365,3,0,1
2022-03-03,22,273,6,0.391,5,129,3,0,0
2022-03-04,44,182,5,0.7125,3,162,3,0,0
2022-03-04,31,452,5,0.7617,2,163,3,0,0
2022-03-04,22,1399,4,0.6508,0,8,3,0,0
2022-03-04,45,140,1,0.1568,5,157,3,0,0
2022-03-04,28,1203,1,0.3889,4,365,3,0,0
2022-03-05,62,835,6,0.7671,3,365,3,0,0
2022-03-05,43,147,3,0.84,5,27,3,0,0
2022-03-06,27,1256,5,0.7188,3,157,3,0,0
2022-03-06,40,973,3,0.5496,4,113,3,0,0
2022-03-06,36,1255,5,0.862,4,72,3,0,1
2022-03-06,38,1400,6,0.8149,3,36,3,0,0
2022-03-06,24,1103,8,0.4069,4,68,3,0,0
2022-03-06,53,492,10,0.2389,3,147,3,0,1
2022-03-07,42,915,6,0.5556,0,365,3,0,1
2022-03-07,57,258,6,0.1854,3,106,3,0,1
2022-03-07,57,984,1,0.6904,3,120,3,0,0
2022-03-07,53,479,5,0.5597,2,170,3,0,1
2022-03-07,38,1018,3,0.209,3,89,3,0,0
2022-03-08,49,324,5,0.6781,2,21,3,0,0
2022-03-08,42,750,7,0.9134,5,112,3,0,0
2022-03-08,62,656,5,0.6236,1,22,3,0,0
2022-03-09,21,564,1,0.4741,4,79,3,0,1
2022-03-09,32,739,7,0.7177,3,168,3,0,1
2022-03-09,22,401,5,0.5267,4,89,3,0,0
2022-03-10,51,469,7,0.3771,2,9,3,0,0
2022-03-10,30,1139,2,0.4172,3,86,3,0,0
2022-03-10,55,1385,6,0.525,0,156,3,0,1
2022-03-10,21,1186,2,0.7651,1,166,3,0,1
2022-03-11,44,759,6,0.6317,2,11,3,0,0
2022-03-11,50,184,5,0.1878,5,365,3,0,1
2022-03-11,24,1152,4,0.5921,1,36,3,0,1
2022-03-11,59,1036,7,0.3092,3,365,3,0,0
2022-03-11,24,1380,5,0.5874,5,118,3,0,0
2022-03-12,54,840,3,0.7328,5,100,3,0,0
2022-03-12,62,231,2,0.3569,0,102,3,0,0
2022-03-12,21,667,3,0.5331,1,125,3,0,0
2022-03-13,47,134,3,0.6034,5,167,3,0,0
2022-03-14,55,90,5,0.682,0,80,3,0,1
2022-03-14,57,299,4,0.2801,0,130,3,0,0
2022-03-14,32,205,6,0.5912,5,141,3,0,0
2022-03-14,22,847,2,0.7152,3,104,3,0,0
2022-03-14,29,850,4,0.2148,2,39,3,0,0
2022-03-14,61,831,2,0.2532,1,86,3,0,0
2022-03-14,24,865,4,0.9026,0,95,3,0,1
2022-03-14,18,1205,1,0.5052,4,148,3,0,0
2022-03-14,48,1193,2,0.9166,5,25,3,0,0
2022-03-15,19,210,6,0.5274,2,365,3,0,0
2022-03-16,47,726,1,0.7325,3,365,3,0,0
2022-03-16,38,660,5,0.5186,2,95,3,0,1
2022-03-16,61,930,5,0.6526,5,78,3,0,0
2022-03-16,35,498,7,0.6633,3,33,3,0,0
2022-03-16,58,799,3,0.5485,5,76,3,0,0
2022-03-16,30,774,7,0.5762,2,86,3,0,0
2022-03-17,58,266,6,0.5998,3,142,3,0,1
2022-03-18,22,313,5,0.3615,5,55,3,0,0
2022-03-18,40,1188,6,0.2655,2,99,3,0,0
2022-03-18,63,1071,4,0.7781,0,35,3,0,1
2022-03-18,57,1137,2,0.5683,3,365,3,0,0
2022-03-19,22,1347,3,0.9143,1,6,3,0,1
2022-03-19,25,236,7,0.7196,5,30,3,0,0
2022-03-19,53,786,3,0.3787,3,162,3,0,1
2022-03-20,36,461,3,0.8047,5,365,3,0,1
2022-03-20,36,1480,7,0.1951,1,170,3,0,0
2022-03-20,48,1399,4,0.7407,3,146,3,0,1
2022-03-20,31,877,3,0.6715,4,111,3,0,1
2022-03-21,34,1273,4,0.7538,1,167,3,0,1
2022-03-21,60,167,4,0.6225,1,22,3,0,0
2022-03-21,38,1054,4,0.2154,5,12,3,0,0
2022-03-22,30,957,4,0.488,2,140,3,0,1
2022-03-22,65,983,5,0.7891,5,102,3,0,0
2022-03-22,29,136,4,0.6163,0,121,3,0,1
2022-03-22,30,1454,9,0.3501,5,59,3,0,0
2022-03-22,20,1229,2,0.5118,5,63,3,0,0
2022-03-22,39,989,6,0.3525,1,53,3,0,0
2022-03-22,22,968,7,0.6271,3,365,3,0,1
2022-03-23,53,581,4,0.3625,2,65,3,0,0
2022-03-23,65,666,3,0.417,2,35,3,0,0
2022-03-24,57,229,6,0.3139,3,69,3,0,0
2022-03-24,20,1255,4,0.5071,4,173,3,0,0
2022-03-24,59,823,4,0.7472,2,43,3,0,0
2022-03-24,32,860,3,0.6826,3,365,3,0,0
2022-03-25,29,816,6,0.756,0,19,3,0,1
2022-03-26,61,680,3,0.1824,2,2,3,0,0
2022-03-26,23,545,3,0.7844,4,163,3,0,0
2022-03-26,63,1447,4,0.34,1,100,3,0,0
2022-03-27,27,1183,7,0.1961,5,37,3,0,0
2022-03-27,62,179,3,0.4659,3,365,3,0,0
2022-03-27,60,1053,0,0.4477,0,3,3,0,1
2022-03-27,45,667,5,0.5096,4,124,3,0,1
2022-03-27,58,318,2,0.7075,0,170,3,0,0
2022-03-28,53,1167,6,0.2868,0,365,3,0,0
2022-03-28,38,506,3,0.4318,5,365,3,0,1
2022-03-28,37,462,4,0.1208,0,176,3,0,1
2022-03-28,62,545,6,0.5294,5,11,3,0,0
2022-03-28,50,580,2,0.8718,2,365,3,0,0
2022-03-29,34,97,4,0.3535,4,365,3,0,0
2022-03-29,25,1375,5,0.3817,5,101,3,0,0
2022-03-29,61,622,6,0.3719,1,35,3,0,0
2022-03-29,30,895,7,0.2861,4,148,3,0,0
2022-03-30,60,612,3,0.399,4,77,3,0,0
2022-03-30,41,315,4,0.2016,0,124,3,0,0
2022-03-30,29,542,7,0.8899,1,365,3,0,1
2022-03-30,51,484,3,0.4859,2,365,3,0,1
2022-03-31,31,1401,5,0.515,3,130,3,0,0
2022-03-31,62,763,1,0.5163,0,125,3,0,0
2022-03-31,19,1367,5,0.2495,3,24,3,0,0
2022-03-31,62,1141,7,0.4385,0,365,3,0,0
2022-03-31,51,1291,3,0.2003,5,14,3,0,0
2022-04-01,64,715,2,0.4211,1,117,4,0,1
2022-04-01,20,1155,3,0.6793,2,30,4,0,0
2022-04-01,61,655,6,0.7103,1,71,4,0,1
2022-04-02,38,1323,7,0.6031,0,59,4,0,1
2022-04-02,31,240,5,0.3533,1,365,4,0,0
2022-04-02,65,653,2,0.1859,2,27,4,0,0
2022-04-03,40,784,3,0.8271,1,87,4,0,1
2022-04-03,51,1427,5,0.4148,1,142,4,0,0
2022-04-03,33,1217,4,0.2627,0,83,4,0,0
2022-04-03,47,622,6,0.5421,3,79,4,0,0
2022-04-04,32,1266,2,0.2101,1,48,4,0,0
2022-04-04,44,871,6,0.8636,3,157,4,0,0
2022-04-04,61,514,0,0.1052,4,143,4,0,0
2022-04-04,64,681,2,0.7525,0,102,4,0,1
2022-04-04,19,886,2,0.621,1,2,4,0,1
2022-04-04,39,673,4,0.1825,3,365,4,0,0
2022-04-05,44,510,4,0.8232,5,59,4,0,0
2022-04-05,44,838,4,0.6149,2,365,4,0,0
2022-04-05,65,1069,7,0.7478,3,123,4,0,0
2022-04-05,24,370,7,0.4422,3,90,4,0,0
2022-04-05,56,826,7,0.6408,5,365,4,0,0
2022-04-05,52,567,2,0.2713,5,151,4,0,0
2022-04-06,62,872,4,0.8145,0,102,4,0,0
2022-04-06,39,279,4,0.7952,3,76,4,0,1
2022-04-07,52,414,1,0.2518,1,82,4,0,0
2022-04-07,45,1299,3,0.4296,5,365,4,0,0
2022-04-07,22,1154,5,0.3933,0,54,4,0,0
2022-04-07,32,944,4,0.7989,0,365,4,0,0
2022-04-08,64,770,4,0.8061,3,105,4,0,1
2022-04-08,59,827,2,0.4204,2,115,4,0,0
2022-04-08,37,831,5,0.3434,2,33,4,0,0
2022-04-08,27,1259,2,0.6933,4,33,4,0,1
2022-04-09,50,1398,10,0.3453,1,95,4,0,0
2022-04-09,51,1136,5,0.191,4,110,4,0,0
2022-04-10,20,1221,4,0.1338,2,26,4,0,0
2022-04-10,48,844,2,0.4468,0,65,4,0,0
2022-04-11,29,404,6,0.8034,3,53,4,0,0
2022-04-11,63,94,5,0.4077,3,41,4,0,0
2022-04-11,52,253,2,0.872,0,23,4,0,1
2022-04-11,54,659,8,0.6242,1,69,4,0,0
2022-04-11,36,1077,4,0.5937,3,124,4,0,0
2022-04-11,50,961,10,0.3681,5,32,4,0,1
2022-04-11,48,400,3,0.1718,4,98,4,0,1
2022-04-11,45,522,2,0.3412,4,365,4,0,0
2022-04-11,22,1461,5,0.4474,0,20,4,0,0
2022-04-11,20,228,3,0.7507,1,47,4,0,0
2022-04-12,51,787,3,0.417,4,91,4,0,0
2022-04-12,18,587,7,0.3405,2,104,4,0,0
2022-04-12,65,1315,6,0.1419,3,25,4,0,0
2022-04-13,43,398,6,0.212,3,173,4,0,0
2022-04-13,21,235,9,0.678,5,168,4,0,1
2022-04-13,64,209,2,0.6146,5,87,4,0,0
2022-04-13,29,1396,8,0.8071,3,104,4,0,0
2022-04-13,57,989,3,0.2237,5,99,4,0,0
2022-04-13,46,891,1,0.7952,0,140,4,0,0
2022-04-14,43,1038,4,0.4176,2,117,4,0,0
2022-04-14,25,1026,5,0.2272,1,88,4,0,0
2022-04-14,19,452,2,0.7313,3,365,4,0,1
2022-04-14,62,210,4,0.1469,4,48,4,0,0
2022-04-14,23,808,4,0.714,1,103,4,0,1
2022-04-15,19,525,0,0.139,3,81,4,0,0
2022-04-15,46,1111,2,0.3908,0,101,4,0,0
2022-04-15,63,1225,6,0.4259,4,74,4,0,0
2022-04-16,49,845,8,0.6414,3,39,4,0,1
2022-04-16,28,291,3,0.5848,1,365,4,0,0
2022-04-16,37,883,5,0.5025,5,127,4,0,0
2022-04-16,31,578,3,0.7001,0,9,4,0,0
2022-04-17,49,834,5,0.2321,1,81,4,0,0
2022-04-17,41,952,2,0.7854,5,87,4,0,1
2022-04-17,61,485,5,0.259,0,178,4,0,0
2022-04-18,54,1026,5,0.693,1,106,4,0,1
2022-04-18,26,1038,5,0.5027,4,112,4,0,1
2022-04-18,35,1311,8,0.6241,2,38,4,0,1
2022-04-18,36,907,3,0.2748,1,30,4,0,0
2022-04-18,43,425,4,0.9147,0,365,4,0,1
2022-04-19,46,474,3,0.4119,4,139,4,0,0
2022-04-19,43,1154,5,0.3148,1,14,4,0,0
2022-04-19,55,1010,4,0.461,1,169,4,0,0
2022-04-19,63,939,5,0.6752,5,95,4,0,0
2022-04-19,51,405,5,0.6875,5,62,4,0,0
2022-04-19,32,1121,2,0.4996,5,51,4,0,1
2022-04-19,31,747,6,0.5397,5,22,4,0,0
2022-04-19,37,1210,3,0.8061,0,365,4,0,1
2022-04-19,47,761,3,0.5341,4,365,4,0,0
2022-04-20,59,426,7,0.9471,0,63,4,0,0
2022-04-20,40,361,2,0.1732,3,164,4,0,0
2022-04-20,21,568,2,0.4701,1,172,4,0,0
2022-04-20,40,175,5,0.1725,0,13,4,0,0
2022-04-20,33,746,3,0.8862,3,365,4,0,0
2022-04-21,46,560,4,0.8038,1,43,4,0,1
2022-04-21,50,652,3,0.5137,1,365,4,0,1
2022-04-21,65,551,4,0.8114,4,365,4,0,0
2022-04-22,31,327,2,0.9229,2,130,4,0,1
2022-04-22,63,304,3,0.4266,3,24,4,0,0
2022-04-23,38,1390,2,0.0836,5,32,4,0,0
2022-04-23,48,695,4,0.3992,0,365,4,0,1
2022-04-23,60,1322,2,0.6486,2,29,4,0,1
2022-04-23,48,1069,3,0.2144,1,99,4,0,0
2022-04-24,57,615,4,0.5062,5,43,4,0,0
2022-04-24,56,1251,4,0.2685,3,42,4,0,1
2022-04-24,42,728,7,0.1351,1,365,4,0,0
2022-04-24,32,785,5,0.6236,3,147,4,0,0
2022-04-24,35,1081,1,0.5452,3,4,4,0,0
2022-04-25,50,370,3,0.6002,2,34,4,0,1
2022-04-25,53,987,2,0.9115,2,7,4,0,1
2022-04-25,65,1460,3,0.6104,1,150,4,0,1
2022-04-26,45,183,3,0.5458,2,100,4,0,0
2022-04-26,52,1361,4,0.919,5,47,4,0,0
2022-04-27,41,1380,5,0.3526,4,108,4,0,0
2022-04-27,18,189,4,0.6673,0,74,4,0,0
2022-04-27,19,981,4,0.9757,0,111,4,0,1
2022-04-27,61,207,3,0.3037,5,365,4,0,0
2022-04-27,21,430,6,0.6653,5,141,4,0,0
2022-04-27,18,1283,5,0.2929,1,41,4,0,0
2022-04-27,30,1251,4,0.5653,2,51,4,0,0
2022-04-27,37,1274,5,0.7605,5,107,4,0,0
2022-04-27,36,1145,1,0.6087,2,34,4,0,1
2022-04-27,37,552,2,0.5422,5,103,4,0,1
2022-04-28,49,654,5,0.7387,4,162,4,0,0
2022-04-28,63,219,2,0.7893,0,174,4,0,0
2022-04-28,54,647,4,0.7483,4,8,4,0,0
2022-04-28,44,1210,4,0.2239,3,160,4,0,0
2022-04-29,28,963,3,0.2338,1,113,4,0,0
2022-04-29,33,301,2,0.7005,0,365,4,0,1
2022-04-29,59,1489,5,0.8558,4,162,4,0,1
2022-04-30,38,136,4,0.4702,3,365,4,0,1
2022-04-30,45,232,3,0.2167,1,25,4,0,0
2022-04-30,65,1416,3,0.5087,1,87,4,0,1
2022-04-30,28,937,0,0.2717,1,0,4,0,0
2022-04-30,62,468,6,0.2983,5,106,4,0,0
2022-05-01,30,277,4,0.5783,4,54,5,0,1
2022-05-01,31,116,1,0.665,0,180,5,0,0
2022-05-01,45,1151,3,0.2913,4,134,5,0,1
2022-05-01,28,245,2,0.5893,3,150,5,0,0
2022-05-01,34,532,4,0.2525,3,68,5,0,0
2022-05-01,65,889,6,0.878,5,48,5,0,0
2022-05-01,54,711,3,0.6744,5,174,5,0,1
2022-05-01,53,1276,3,0.8669,0,82,5,0,1
2022-05-02,51,381,4,0.2968,4,118,5,0,0
2022-05-02,34,859,4,0.4214,4,74,5,0,0
2022-05-02,48,919,7,0.6759,1,27,5,0,0
2022-05-02,26,786,5,0.4591,3,365,5,0,0
2022-05-03,41,1002,8,0.4304,1,116,5,0,0
2022-05-03,55,1004,7,0.3619,3,85,5,0,0
2022-05-03,29,907,8,0.5271,1,79,5,0,0
2022-05-04,21,1436,2,0.5729,0,5,5,0,1
2022-05-04,31,689,4,0.3992,5,5,5,0,0
2022-05-05,41,469,3,0.4229,0,150,5,0,0
2022-05-05,49,571,1,0.8936,0,365,5,0,1
2022-05-05,35,678,7,0.2941,1,118,5,0,0
2022-05-05,58,436,6,0.8122,4,365,5,0,0
2022-05-05,52,304,6,0.4007,2,154,5,0,0
2022-05-05,51,1265,3,0.4719,3,140,5,0,0
2022-05-05,35,1071,6,0.504,2,365,5,0,0
2022-05-05,59,1016,1,0.0956,4,166,5,0,0
2022-05-05,19,364,4,0.6639,0,142,5,0,0
2022-05-06,38,1440,2,0.2521,3,139,5,0,1
2022-05-06,53,526,1,0.635,4,165,5,0,0
2022-05-06,34,514,1,0.5031,4,88,5,0,1
2022-05-08,37,542,3,0.8205,0,31,5,0,0
2022-05-09,43,1117,4,0.7285,4,365,5,0,1
2022-05-09,28,349,3,0.3656,4,106,5,0,0
2022-05-09,41,827,6,0.4027,2,6,5,0,0
2022-05-09,45,581,4,0.6605,5,154,5,0,0
2022-05-09,37,1139,5,0.8792,0,29,5,0,0
2022-05-10,64,350,1,0.527,2,156,5,0,0
2022-05-10,37,881,3,0.5698,0,26,5,0,1
2022-05-10,55,1087,3,0.5213,3,5,5,0,0
2022-05-10,58,1330,6,0.1493,0,365,5,0,0
2022-05-11,38,462,3,0.7093,4,124,5,0,0
2022-05-11,22,981,4,0.7105,3,152,5,0,1
2022-05-11,50,1487,1,0.5035,3,85,5,0,0
2022-05-11,48,657,3,0.754,0,103,5,0,1
2022-05-11,29,1126,2,0.2166,0,62,5,0,1
2022-05-11,20,672,3,0.3818,4,100,5,0,0
2022-05-12,42,526,5,0.2683,3,151,5,0,0
2022-05-12,55,138,3,0.4785,5,40,5,0,0
2022-05-12,22,803,6,0.6544,2,28,5,0,1
2022-05-12,62,1006,7,0.5186,4,1,5,0,0
2022-05-12,55,1482,6,0.6394,0,115,5,0,0
2022-05-13,51,815,5,0.5165,4,102,5,0,0
2022-05-13,21,1134,7,0.3237,1,25,5,0,0
2022-05-14,35,562,3,0.6684,2,365,5,0,1
2022-05-14,31,456,1,0.2664,4,365,5,0,0
2022-05-14,23,519,0,0.7584,2,125,5,0,1
2022-05-14,31,1145,4,0.5951,4,365,5,0,0
2022-05-15,26,102,4,0.1786,3,110,5,0,1
2022-05-15,62,583,2,0.2983,3,83,5,0,0
2022-05-15,48,1190,7,0.4194,2,365,5,0,1
2022-05-15,22,1158,4,0.8024,5,95,5,0,0
2022-05-16,25,656,2,0.535,4,83,5,0,1
2022-05-16,63,817,2,0.638,1,84,5,0,1
2022-05-16,44,896,2,0.5168,1,106,5,0,0
2022-05-16,36,841,3,0.4115,0,171,5,0,0
2022-05-16,47,1436,2,0.544,2,365,5,0,0
2022-05-16,55,808,6,0.0996,5,95,5,0,0
2022-05-17,63,606,4,0.2406,0,365,5,0,0
2022-05-17,36,310,2,0.3557,0,97,5,0,0
2022-05-17,26,616,3,0.1221,4,163,5,0,0
2022-05-17,62,1113,6,0.8165,4,54,5,0,0
2022-05-17,34,1394,4,0.6252,4,158,5,0,0
2022-05-17,57,1493,3,0.8056,3,165,5,0,0
2022-05-18,19,417,3,0.5252,1,74,5,0,0
2022-05-18,50,1249,4,0.8754,3,74,5,0,1
2022-05-19,46,573,5,0.8469,3,99,5,0,0
2022-05-19,45,1111,5,0.2651,1,21,5,0,0
2022-05-19,54,1329,2,0.4766,1,173,5,0,0
2022-05-19,50,503,4,0.6292,3,365,5,0,1
2022-05-19,41,390,4,0.4251,3,144,5,0,0
2022-05-19,63,1294,4,0.3901,5,137,5,0,0
2022-05-21,49,814,4,0.4178,2,105,5,0,1
2022-05-21,50,291,2,0.2399,3,81,5,0,0
2022-05-21,53,1121,3,0.2579,2,34,5,0,0
2022-05-21,55,135,3,0.1206,3,365,5,0,0
2022-05-21,42,1455,2,0.74,0,68,5,0,0
2022-05-22,54,376,3,0.7039,5,42,5,0,0
2022-05-22,39,941,4,0.9421,3,365,5,0,0
2022-05-23,24,311,6,0.455,1,134,5,0,1
2022-05-23,25,154,5,0.3545,3,6,5,0,0
2022-05-23,33,1380,7,0.7554,0,135,5,0,0
2022-05-24,28,814,2,0.4363,3,174,5,0,0
2022-05-24,35,313,2,0.4893,1,74,5,0,1
2022-05-24,58,1355,5,0.8836,3,9,5,0,0
2022-05-24,54,752,6,0.6513,0,35,5,0,1
2022-05-24,26,1461,4,0.8827,5,157,5,0,0
2022-05-24,49,854,4,0.3245,2,164,5,0,0
2022-05-25,26,1500,7,0.389,5,79,5,0,0
2022-05-25,28,217,3,0.3807,0,78,5,0,1
2022-05-25,29,571,4,0.5487,0,59,5,0,0
2022-05-25,44,1431,4,0.7635,4,137,5,0,1
2022-05-25,22,386,3,0.1582,5,80,5,0,0
2022-05-25,57,469,1,0.1351,4,144,5,0,0
2022-05-25,20,1329,2,0.429,4,174,5,0,0
2022-05-26,61,474,3,0.6975,1,60,5,0,0
2022-05-26,65,477,3,0.5218,1,28,5,0,0
2022-05-26,48,517,2,0.3697,5,39,5,0,0
2022-05-26,61,947,5,0.6032,3,177,5,0,1
2022-05-26,50,452,1,0.6273,0,23,5,0,1
2022-05-26,37,413,9,0.6858,5,108,5,0,0
2022-05-26,38,1220,4,0.5711,0,179,5,0,1
2022-05-27,60,1326,7,0.6578,4,55,5,0,1
2022-05-27,23,1143,7,0.6523,4,40,5,0,0
2022-05-27,60,713,7,0.5749,2,175,5,0,0
2022-05-28,19,1427,7,0.7571,0,365,5,0,0
2022-05-28,38,1376,6,0.4425,0,60,5,0,0
2022-05-29,27,888,6,0.4545,3,27,5,0,1
2022-05-29,22,674,4,0.2337,4,35,5,0,0
2022-05-29,34,1360,6,0.6973,5,365,5,0,0
2022-05-29,62,260,3,0.3897,2,149,5,0,0
2022-05-29,26,984,5,0.4419,3,70,5,0,0
2022-05-30,29,178,3,0.7352,1,115,5,0,0
2022-05-30,58,807,7,0.3946,3,19,5,0,0
2022-05-30,42,1453,6,0.3968,5,30,5,0,1
2022-05-31,47,1475,4,0.058,2,8,5,0,0
2022-05-31,27,1248,7,0.7207,2,86,5,0,0
2022-05-31,19,1406,5,0.7941,4,365,5,0,0
2022-06-02,56,159,6,0.8986,5,365,6,0,0
2022-06-02,23,1257,7,0.5442,0,75,6,0,0
2022-06-02,49,174,3,0.0788,4,2,6,0,0
2022-06-03,57,1219,3,0.9218,2,365,6,0,0
2022-06-03,46,755,4,0.2835,4,161,6,0,1
2022-06-03,23,348,3,0.8791,0,114,6,0,0
2022-06-04,41,1078,2,0.6003,2,41,6,0,0
2022-06-04,25,171,7,0.2362,0,165,6,0,0
2022-06-05,41,626,4,0.5833,2,17,6,0,1
2022-06-05,59,264,3,0.938,0,13,6,0,0
2022-06-05,62,1176,5,0.4424,5,107,6,0,0
2022-06-05,37,1042,4,0.3843,2,169,6,0,0
2022-06-05,29,1451,3,0.8268,3,178,6,0,1
2022-06-06,40,1428,4,0.3112,0,11,6,0,1
2022-06-07,48,488,3,0.4978,1,159,6,0,0
2022-06-07,22,874,5,0.8092,1,52,6,0,0
2022-06-07,21,401,2,0.6784,3,365,6,0,0
2022-06-07,55,1090,1,0.8667,2,19,6,0,1
2022-06-08,55,793,5,0.7251,4,72,6,0,0
2022-06-08,56,510,6,0.7412,4,4,6,0,0
2022-06-08,30,378,5,0.4153,1,142,6,0,1
2022-06-08,59,597,4,0.3899,1,365,6,0,1
2022-06-08,24,1279,2,0.6992,2,365,6,0,1
2022-06-09,56,1316,6,0.1854,3,89,6,0,0
2022-06-09,57,653,6,0.4523,3,49,6,0,0
2022-06-09,54,751,0,0.1455,0,18,6,0,0
2022-06-09,47,811,3,0.54,1,125,6,0,0
2022-06-09,42,635,2,0.5872,3,42,6,0,0
2022-06-10,46,228,5,0.6182,3,68,6,0,0
2022-06-10,60,1375,3,0.7771,1,12,6,0,0
2022-06-10,29,438,3,0.809,4,122,6,0,0
2022-06-10,22,1447,3,0.3687,3,142,6,0,1
2022-06-10,64,1345,9,0.4797,3,49,6,0,0
2022-06-11,21,330,3,0.3813,1,80,6,0,0
2022-06-12,62,551,7,0.3289,4,72,6,0,0
2022-06-12,27,1029,6,0.8836,4,11,6,0,1
2022-06-12,51,589,4,0.9841,5,50,6,0,1
2022-06-12,57,351,3,0.7387,1,172,6,0,0
2022-06-12,24,652,3,0.7572,5,64,6,0,0
2022-06-12,26,1046,3,0.8331,3,365,6,0,0
2022-06-13,44,501,4,0.427,2,84,6,0,0
2022-06-13,58,284,3,0.9205,0,149,6,0,1
2022-06-14,49,382,5,0.5443,1,180,6,0,0
2022-06-14,49,380,3,0.3669,1,89,6,0,0
2022-06-14,47,677,5,0.4703,0,365,6,0,1
2022-06-14,35,240,5,0.3391,1,34,6,0,0
2022-06-15,20,201,5,0.8872,2,365,6,0,1
2022-06-15,59,1465,2,0.3743,4,47,6,0,0
2022-06-15,19,1259,6,0.619,2,16,6,0,0
2022-06-15,33,789,4,0.3594,2,100,6,0,1
2022-06-15,44,1397,5,0.3862,3,66,6,0,0
2022-06-15,35,1285,3,0.2121,5,20,6,0,0
2022-06-15,44,859,4,0.5711,0,365,6,0,0
2022-06-16,30,535,4,0.6311,5,365,6,0,0
2022-06-16,48,891,6,0.6995,0,142,6,0,1
2022-06-17,31,205,5,0.5967,1,76,6,0,0
2022-06-17,58,682,4,0.4818,3,46,6,0,0
2022-06-17,51,1280,4,0.3185,0,365,6,0,1
2022-06-17,53,469,3,0.4915,5,154,6,0,0
2022-06-18,45,680,2,0.6441,0,59,6,0,0
2022-06-18,49,1165,3,0.6251,5,365,6,0,0
2022-06-18,53,900,6,0.3127,0,365,6,0,0
2022-06-18,40,800,3,0.386,3,116,6,0,0
2022-06-18,64,719,5,0.4155,2,24,6,0,0
2022-06-18,44,991,4,0.5957,0,173,6,0,1
2022-06-18,29,448,7,0.6529,0,53,6,0,0
2022-06-19,59,1387,7,0.8174,3,61,6,0,0
2022-06-19,23,791,4,0.7237,4,78,6,0,0
2022-06-20,46,219,2,0.1238,5,55,6,0,0
2022-06-20,61,843,5,0.414,4,36,6,0,0
2022-06-20,19,1174,1,0.4768,4,135,6,0,0
2022-06-20,18,1270,1,0.3459,4,136,6,0,0
2022-06-20,46,719,3,0.1779,2,52,6,0,0
2022-06-20,61,859,10,0.4876,4,32,6,0,0
2022-06-21,50,259,6,0.3957,0,33,6,0,0
2022-06-21,62,253,3,0.4477,5,69,6,0,1
2022-06-21,21,1116,3,0.1067,1,148,6,0,0
2022-06-21,40,129,9,0.267,5,174,6,0,0
2022-06-22,65,402,9,0.7293,1,69,6,0,0
2022-06-22,62,1467,3,0.8376,5,33,6,0,0
2022-06-23,46,1159,5,0.7233,1,114,6,0,1
2022-06-23,44,1335,4,0.7784,1,365,6,0,0
2022-06-23,31,1347,3,0.2748,3,128,6,0,0
2022-06-23,38,1300,2,0.69,2,144,6,0,1
2022-06-23,37,664,8,0.6768,1,50,6,0,1
2022-06-24,25,212,3,0.5641,0,90,6,0,0
2022-06-24,50,627,2,0.4602,1,149,6,0,0
2022-06-25,60,704,1,0.6505,3,97,6,0,0
2022-06-25,65,459,5,0.8717,0,139,6,0,0
2022-06-25,20,155,2,0.5083,3,139,6,0,0
2022-06-25,65,1007,8,0.676,2,56,6,0,1
2022-06-25,36,160,5,0.1581,4,99,6,0,1
2022-06-25,33,1330,4,0.4133,2,180,6,0,0
2022-06-26,32,912,1,0.4598,2,24,6,0,0
2022-06-26,32,1496,7,0.4848,5,109,6,0,0
2022-06-26,47,329,0,0.0651,2,22,6,0,0
2022-06-26,64,714,1,0.8279,3,104,6,0,1
2022-06-27,33,1440,2,0.1024,3,109,6,0,1
2022-06-27,23,1296,5,0.7876,0,4,6,0,0
2022-06-28,42,704,4,0.3516,5,365,6,0,0
2022-06-29,50,543,4,0.581,0,365,6,0,0
2022-06-29,40,380,5,0.7501,0,46,6,0,0
2022-06-29,42,171,4,0.5638,5,166,6,0,0
2022-06-29,51,565,1,0.4773,1,25,6,0,0
2022-06-29,48,1416,4,0.5081,0,149,6,0,0
2022-06-30,18,1228,1,0.3717,1,83,6,0,1
2022-07-01,31,901,7,0.2017,5,365,7,0,0
2022-07-01,35,905,5,0.8654,0,121,7,0,0
2022-07-01,57,103,3,0.393,0,135,7,0,0
2022-07-01,18,224,2,0.147,1,58,7,0,0
2022-07-02,38,237,4,0.6145,1,59,7,0,1
2022-07-02,41,862,3,0.7756,0,8,7,0,0
2022-07-02,18,497,7,0.0769,3,135,7,0,0
2022-07-03,53,1206,1,0.4505,0,365,7,0,0
2022-07-03,26,872,5,0.3342,5,159,7,0,1
2022-07-03,23,490,4,0.6187,2,58,7,0,1
2022-07-03,51,333,1,0.7751,5,365,7,0,0
2022-07-03,28,1302,2,0.4203,2,365,7,0,0
2022-07-03,58,529,3,0.3217,4,48,7,0,0
2022-07-03,31,340,3,0.6199,3,56,7,0,0
2022-07-04,64,1399,5,0.3333,2,106,7,0,0
2022-07-04,29,523,1,0.6717,1,110,7,0,1
2022-07-04,35,625,2,0.4336,2,128,7,0,0
2022-07-04,46,344,3,0.3116,0,33,7,0,0
2022-07-05,63,93,4,0.3903,4,13,7,0,0
2022-07-05,42,1482,5,0.4266,3,177,7,0,0
2022-07-05,44,621,5,0.4562,3,163,7,0,0
2022-07-05,27,383,2,0.5065,5,25,7,0,0
2022-07-05,41,888,5,0.805,5,159,7,0,0
2022-07-06,18,342,2,0.2719,1,25,7,0,1
2022-07-06,45,176,5,0.1954,5,365,7,0,0
2022-07-06,50,133,3,0.5124,1,13,7,0,0
2022-07-06,33,968,4,0.7535,2,157,7,0,1
2022-07-06,45,942,5,0.5281,3,365,7,0,0
2022-07-06,25,204,5,0.5629,0,22,7,0,0
2022-07-06,57,795,6,0.2485,5,164,7,0,0
2022-07-06,40,1258,2,0.1519,4,365,7,0,0
2022-07-06,54,98,2,0.1933,3,144,7,0,0
2022-07-07,61,1432,2,0.6153,5,365,7,0,0
2022-07-07,21,241,6,0.8666,3,32,7,0,1
2022-07-08,59,992,2,0.5452,0,158,7,0,0
2022-07-08,39,1343,4,0.3605,2,111,7,0,0
2022-07-08,50,1469,6,0.9832,0,365,7,0,1
2022-07-09,21,1485,8,0.1877,0,19,7,0,1
2022-07-09,24,1478,5,0.6849,3,142,7,0,1
2022-07-09,20,1148,4,0.7679,1,85,7,0,1
2022-07-09,56,1309,6,0.6749,3,59,7,0,1
2022-07-10,33,1382,5,0.1989,5,38,7,0,0
2022-07-10,32,164,5,0.4153,1,168,7,0,0
2022-07-11,30,292,1,0.6758,3,173,7,0,0
2022-07-11,32,593,3,0.3932,0,144,7,0,1
2022-07-11,62,1377,2,0.6787,0,146,7,0,1
2022-07-11,39,541,3,0.6779,1,115,7,0,0
2022-07-12,39,178,2,0.4988,1,164,7,0,0
2022-07-12,29,618,4,0.9161,3,131,7,0,1
2022-07-12,32,1250,4,0.351,2,144,7,0,0
2022-07-12,64,741,5,0.1854,3,89,7,0,0
2022-07-12,41,1381,1,0.5922,2,171,7,0,0
2022-07-13,57,1245,3,0.3709,0,167,7,0,0
2022-07-13,40,321,6,0.4788,4,147,7,0,0
2022-07-13,25,284,7,0.2533,5,111,7,0,0
2022-07-13,59,1431,1,0.6186,4,365,7,0,0
2022-07-13,45,1269,4,0.3951,0,165,7,0,0
2022-07-14,56,831,3,0.3282,4,170,7,0,0
2022-07-14,38,719,7,0.2462,3,94,7,0,1
2022-07-14,47,1209,3,0.5174,0,77,7,0,1
2022-07-15,22,819,4,0.5284,4,138,7,0,0
2022-07-15,53,743,3,0.4265,0,72,7,0,0
2022-07-15,40,789,2,0.5526,1,365,7,0,0
2022-07-15,62,1475,5,0.7806,0,58,7,0,0
2022-07-16,48,1378,3,0.1774,3,154,7,0,1
2022-07-16,54,517,3,0.5873,2,151,7,0,1
2022-07-16,61,727,5,0.825,3,150,7,0,1
2022-07-16,59,1375,4,0.7614,2,25,7,0,1
2022-07-17,62,1098,2,0.5055,5,365,7,0,1
2022-07-17,62,951,4,0.1993,1,75,7,0,1
2022-07-17,24,1098,4,0.4212,5,102,7,0,0
2022-07-17,32,1121,6,0.5805,4,2,7,0,1
2022-07-18,50,980,5,0.4903,3,13,7,0,0
2022-07-18,18,103,3,0.5711,1,53,7,0,0
2022-07-18,45,560,3,0.7653,3,37,7,0,0
2022-07-19,59,1480,0,0.3415,3,365,7,0,0
2022-07-19,43,122,3,0.3107,2,83,7,0,0
2022-07-19,57,1307,5,0.5224,1,365,7,0,0
2022-07-19,34,746,9,0.5283,5,365,7,0,0
2022-07-20,26,880,5,0.6133,2,16,7,0,0
2022-07-20,19,403,6,0.6844,2,167,7,0,0
2022-07-20,51,1189,5,0.5624,4,109,7,0,0
2022-07-20,61,659,2,0.2024,0,90,7,0,0
2022-07-20,37,1363,1,0.2388,3,169,7,0,0
2022-07-20,45,1159,5,0.2121,0,104,7,0,0
2022-07-22,61,437,5,0.683,2,106,7,0,0
2022-07-22,18,797,9,0.8663,1,42,7,0,0
2022-07-22,62,1442,3,0.3544,5,109,7,0,0
2022-07-22,29,193,3,0.5633,0,49,7,0,0
2022-07-22,20,1126,5,0.3126,5,144,7,0,0
2022-07-23,28,209,4,0.0175,3,16,7,0,0
2022-07-23,52,1101,5,0.8253,3,103,7,0,1
2022-07-23,63,693,5,0.6355,0,96,7,0,1
2022-07-24,29,1336,2,0.8025,2,115,7,0,0
2022-07-24,26,175,4,0.1082,5,365,7,0,0
2022-07-24,31,1207,1,0.7093,4,127,7,0,1
2022-07-24,58,448,2,0.7719,1,161,7,0,0
2022-07-24,46,679,6,0.7063,0,31,7,0,1
2022-07-24,56,915,2,0.3517,3,107,7,0,0
2022-07-26,65,250,8,0.4901,5,64,7,0,0
2022-07-26,38,135,3,0.4493,2,38,7,0,0
2022-07-26,28,1117,4,0.4441,5,55,7,0,0
2022-07-26,25,665,6,0.6107,0,34,7,0,0
2022-07-26,45,1286,3,0.2099,3,164,7,0,0
2022-07-26,62,880,5,0.6466,4,38,7,0,0
2022-07-26,55,741,4,0.7939,1,41,7,0,1
2022-07-26,55,143,3,0.9143,0,174,7,0,1
2022-07-26,63,868,7,0.5901,5,104,7,0,0
2022-07-26,48,896,3,0.155,4,3,7,0,0
2022-07-26,51,1200,5,0.8458,1,159,7,0,1
2022-07-26,33,1041,4,0.7707,4,158,7,0,0
2022-07-26,40,337,1,0.4506,3,98,7,0,0
2022-07-26,40,1460,4,0.4307,3,62,7,0,1
2022-07-27,19,373,4,0.807,4,10,7,0,0
2022-07-28,48,1009,4,0.5685,4,121,7,0,0
2022-07-28,23,821,5,0.7862,2,133,7,0,1
2022-07-28,35,512,5,0.5337,4,158,7,0,0
2022-07-28,64,1176,4,0.607,4,365,7,0,1
2022-07-28,28,1065,2,0.7147,1,71,7,0,0
2022-07-28,40,1475,2,0.5015,2,14,7,0,0
2022-07-29,63,754,4,0.5903,2,37,7,0,1
2022-07-29,23,395,4,0.49,2,44,7,0,0
2022-07-30,19,964,5,0.2157,0,12,7,0,0
2022-07-30,48,1139,7,0.6469,5,365,7,0,0
2022-07-30,32,404,0,0.0977,4,130,7,0,0
2022-07-31,63,211,3,0.9138,5,150,7,0,1
2022-07-31,43,680,3,0.2456,3,110,7,0,0
2022-07-31,38,120,7,0.7442,0,33,7,0,1
2022-08-01,22,585,8,0.6978,1,5,8,1,1
2022-08-01,20,1082,3,0.6027,2,87,8,1,1
2022-08-01,35,1029,3,0.689,1,0,8,1,0
2022-08-01,31,609,4,0.3769,2,73,8,1,1
2022-08-01,46,952,3,0.8905,3,133,8,1,0
2022-08-01,31,290,2,0.6868,0,2,8,1,0
2022-08-01,61,771,0,0.7416,1,28,8,1,0
2022-08-01,33,1455,5,0.8014,2,365,8,1,1
2022-08-01,52,938,8,0.2931,3,122,8,1,1
2022-08-02,20,139,5,0.8377,0,109,8,1,0
2022-08-03,59,753,4,0.4339,5,153,8,1,0
2022-08-03,23,1066,4,0.5092,2,365,8,1,0
2022-08-04,38,1499,7,0.6808,5,172,8,1,1
2022-08-04,19,396,4,0.4474,5,82,8,1,0
2022-08-05,61,913,7,0.823,1,176,8,1,1
2022-08-05,57,212,3,0.587,2,105,8,1,1
2022-08-05,40,1209,6,0.4536,1,88,8,1,0
2022-08-05,34,1006,1,0.5859,0,113,8,1,1
2022-08-06,31,1190,4,0.3076,2,21,8,1,1
2022-08-06,26,1121,5,0.1964,5,160,8,1,0
2022-08-06,26,1410,3,0.2222,0,48,8,1,0
2022-08-06,54,1401,1,0.5439,4,114,8,1,1
2022-08-07,29,314,7,0.25,4,141,8,1,0
2022-08-07,52,1348,3,0.578,3,153,8,1,1
2022-08-07,29,160,4,0.7601,5,150,8,1,0
2022-08-07,57,294,7,0.2847,0,26,8,1,0
2022-08-07,48,495,2,0.0804,1,137,8,1,0
2022-08-07,55,1117,5,0.7272,2,32,8,1,0
2022-08-08,58,1262,4,0.1709,2,365,8,1,0
2022-08-08,45,457,0,0.23,2,69,8,1,0
2022-08-09,62,938,5,0.5269,5,0,8,1,0
2022-08-09,60,481,3,0.6741,5,144,8,1,0
2022-08-09,24,1334,4,0.3576,2,49,8,1,1
2022-08-09,54,598,4,0.4842,1,108,8,1,0
2022-08-09,65,153,5,0.5291,5,36,8,1,0
2022-08-09,32,673,5,0.8548,1,89,8,1,0
2022-08-10,53,416,4,0.6311,4,27,8,1,1
2022-08-10,25,1292,4,0.2299,5,24,8,1,0
2022-08-10,19,1238,4,0.565,1,173,8,1,0
2022-08-11,25,436,4,0.7824,1,21,8,1,0
2022-08-11,25,1139,2,0.455,0,365,8,1,1
2022-08-11,39,712,4,0.746,1,33,8,1,1
2022-08-11,30,1270,4,0.7196,4,42,8,1,1
2022-08-11,35,764,2,0.6245,5,136,8,1,0
2022-08-11,28,1167,3,0.6106,5,54,8,1,0
2022-08-11,42,545,7,0.5569,2,11,8,1,0
2022-08-11,55,764,3,0.5169,5,15,8,1,0
2022-08-12,59,677,4,0.312,2,88,8,1,1
2022-08-12,65,587,3,0.4482,0,112,8,1,0
2022-08-12,45,1460,4,0.25,3,33,8,1,1
2022-08-13,59,425,1,0.5475,1,365,8,1,1
2022-08-13,19,1467,3,0.4484,2,160,8,1,1
2022-08-13,31,1437,3,0.4955,5,97,8,1,0
2022-08-13,55,899,4,0.9488,1,150,8,1,0
2022-08-14,20,829,6,0.8492,1,162,8,1,1
2022-08-14,62,178,3,0.2042,1,31,8,1,0
2022-08-14,57,426,4,0.6557,4,92,8,1,0
2022-08-14,64,1311,5,0.8363,2,148,8,1,0
2022-08-14,20,1204,1,0.3548,1,13,8,1,0
2022-08-14,29,953,4,0.1504,3,69,8,1,0
2022-08-14,24,872,3,0.5643,0,17,8,1,0
2022-08-15,23,518,2,0.7869,0,139,8,1,0
2022-08-15,42,1195,6,0.3773,4,103,8,1,0
2022-08-16,49,1281,4,0.6128,0,168,8,1,1
2022-08-16,58,298,4,0.0522,3,56,8,1,0
2022-08-16,55,1257,4,0.2946,0,58,8,1,1
2022-08-17,37,1250,2,0.4232,3,173,8,1,0
2022-08-17,19,355,4,0.4399,2,174,8,1,0
2022-08-18,23,1021,1,0.623,0,158,8,1,0
2022-08-18,37,980,5,0.7555,5,153,8,1,0
2022-08-18,56,978,4,0.4632,2,73,8,1,0
2022-08-18,41,1103,5,0.2891,1,365,8,1,1
2022-08-19,60,1061,6,0.0493,0,365,8,1,0
2022-08-19,18,202,4,0.4335,3,25,8,1,0
2022-08-19,38,856,7,0.4899,0,365,8,1,1
2022-08-19,22,531,2,0.2702,3,76,8,1,0
2022-08-19,36,1204,3,0.4903,0,91,8,1,1
2022-08-19,25,245,2,0.4708,2,74,8,1,0
2022-08-20,28,831,1,0.8821,2,365,8,1,1
2022-08-20,21,293,5,0.1634,5,365,8,1,0
2022-08-20,40,1142,7,0.776,0,3,8,1,0
2022-08-20,48,530,5,0.3787,0,120,8,1,1
2022-08-21,38,353,4,0.7829,5,31,8,1,1
2022-08-21,25,638,3,0.2997,5,62,8,1,0
2022-08-21,28,1308,2,0.2871,5,9,8,1,0
2022-08-21,42,1072,4,0.2446,1,43,8,1,0
2022-08-21,40,201,3,0.771,2,102,8,1,0
2022-08-21,23,786,2,0.5007,4,75,8,1,0
2022-08-21,23,608,7,0.4254,1,53,8,1,1
2022-08-22,38,1101,3,0.5948,1,75,8,1,1
2022-08-22,25,222,1,0.6066,3,32,8,1,0
2022-08-22,22,137,3,0.5214,0,133,8,1,0
2022-08-22,38,1427,4,0.1167,5,56,8,1,0
2022-08-22,47,549,4,0.7465,4,109,8,1,1
2022-08-22,62,1274,2,0.7421,2,365,8,1,0
2022-08-23,52,1231,2,0.4608,2,146,8,1,0
2022-08-23,31,602,3,0.8546,2,142,8,1,0
2022-08-23,20,290,5,0.1648,3,155,8,1,0
2022-08-23,22,464,2,0.8464,1,114,8,1,0
2022-08-24,22,1261,2,0.2758,4,109,8,1,0
2022-08-24,37,1148,1,0.7448,4,177,8,1,1
2022-08-24,45,349,2,0.5439,1,178,8,1,0
2022-08-24,45,1191,5,0.699,2,64,8,1,0
2022-08-25,28,542,9,0.4019,1,19,8,1,0
2022-08-25,59,1032,2,0.3405,1,365,8,1,0
2022-08-25,31,247,8,0.6688,5,131,8,1,0
2022-08-26,52,690,3,0.8313,5,65,8,1,1
2022-08-27,63,1487,2,0.2946,1,145,8,1,0
2022-08-28,43,353,5,0.4887,2,139,8,1,1
2022-08-28,26,1403,3,0.5272,3,5,8,1,0
2022-08-28,53,841,7,0.5879,3,365,8,1,1
2022-08-28,36,516,3,0.5134,0,124,8,1,0
2022-08-29,51,491,7,0.1912,0,121,8,1,1
2022-08-29,19,1176,1,0.6957,1,365,8,1,1
2022-08-30,41,1127,3,0.4858,1,148,8,1,0
2022-08-30,19,1053,4,0.1092,5,128,8,1,0
2022-08-30,61,111,3,0.6011,0,6,8,1,0
2022-08-31,24,481,4,0.3501,4,167,8,1,0
2022-08-31,44,1271,4,0.5875,3,365,8,1,0
2022-08-31,45,1265,1,0.5613,0,179,8,1,0
2022-08-31,47,166,3,0.5374,1,160,8,1,0
2022-09-01,49,610,7,0.3229,3,93,9,0,1
2022-09-01,26,904,3,0.5918,0,365,9,0,0
2022-09-01,45,1165,10,0.7457,5,169,9,0,0
2022-09-01,35,421,11,0.4604,3,174,9,0,1
2022-09-01,56,1333,2,0.8143,1,175,9,0,0
2022-09-02,30,801,4,0.1765,4,93,9,0,0
2022-09-02,47,1131,4,0.6869,1,365,9,0,0
2022-09-02,36,1368,2,0.3079,3,49,9,0,1
2022-09-02,53,896,4,0.3556,3,365,9,0,0
2022-09-02,39,873,3,0.2807,5,86,9,0,0
2022-09-03,39,1401,3,0.5304,2,179,9,0,1
2022-09-03,52,1164,4,0.5083,2,36,9,0,1
2022-09-03,53,586,4,0.3173,4,365,9,0,0
2022-09-03,26,784,5,0.5794,1,172,9,0,0
2022-09-03,61,950,3,0.6946,1,365,9,0,1
2022-09-04,28,1167,1,0.6895,3,365,9,0,0
2022-09-04,65,1336,3,0.0496,1,76,9,0,0
2022-09-04,56,1098,5,0.2248,5,16,9,0,0
2022-09-04,65,758,8,0.1611,2,112,9,0,0
2022-09-05,20,483,3,0.3309,1,61,9,0,1
2022-09-05,59,996,6,0.1787,0,83,9,0,1
2022-09-05,27,247,2,0.3511,0,99,9,0,0
2022-09-05,57,1047,2,0.9303,2,48,9,0,1
2022-09-06,47,283,0,0.5411,2,5,9,0,0
2022-09-06,22,561,5,0.728,3,101,9,0,1
2022-09-06,40,1335,6,0.8836,4,365,9,0,0
2022-09-07,21,871,2,0.4378,4,127,9,0,0
2022-09-07,21,527,5,0.7049,2,365,9,0,1
2022-09-08,25,103,4,0.3107,5,27,9,0,0
2022-09-08,46,319,5,0.6676,4,157,9,0,0
2022-09-09,34,494,5,0.4196,0,365,9,0,0
2022-09-09,58,1223,2,0.8142,0,61,9,0,0
2022-09-09,24,602,7,0.4599,5,128,9,0,0
2022-09-09,24,910,4,0.815,1,21,9,0,1
2022-09-09,53,1275,5,0.7809,1,365,9,0,0
2022-09-10,25,982,1,0.4462,4,22,9,0,0
2022-09-10,30,1409,2,0.6277,0,365,9,0,0
2022-09-10,31,510,2,0.0967,4,170,9,0,0
2022-09-10,23,1059,2,0.5531,4,110,9,0,0
2022-09-11,41,843,2,0.3663,2,365,9,0,1
2022-09-11,37,803,4,0.1075,3,35,9,0,0
2022-09-11,61,1200,4,0.9101,4,94,9,0,0
2022-09-11,57,425,1,0.4426,5,365,9,0,1
2022-09-11,60,531,4,0.3485,5,124,9,0,0
2022-09-12,54,651,3,0.7889,0,365,9,0,0
2022-09-12,55,309,4,0.409,3,55,9,0,1
2022-09-12,57,1155,2,0.9025,2,125,9,0,0
2022-09-13,39,702,3,0.5908,1,140,9,0,0
2022-09-14,28,1006,5,0.3443,5,86,9,0,0
2022-09-14,52,524,3,0.6162,0,40,9,0,1
2022-09-14,29,1423,2,0.5828,4,169,9,0,0
2022-09-14,33,238,5,0.0821,1,365,9,0,0
2022-09-15,26,818,3,0.7206,2,142,9,0,0
2022-09-15,27,591,1,0.3246,3,146,9,0,0
2022-09-15,63,1001,8,0.6139,0,147,9,0,0
2022-09-15,42,1250,4,0.7533,2,77,9,0,0
2022-09-15,33,980,4,0.7858,1,26,9,0,1
2022-09-16,45,196,4,0.9047,0,126,9,0,1
2022-09-16,23,914,7,0.417,1,38,9,0,0
2022-09-16,54,98,7,0.7151,4,89,9,0,0
2022-09-17,40,1398,4,0.1876,4,54,9,0,0
2022-09-17,36,146,4,0.3749,4,161,9,0,0
2022-09-17,39,132,2,0.4553,4,78,9,0,0
2022-09-17,32,652,11,0.9341,0,141,9,0,1
2022-09-17,38,1239,5,0.4577,2,32,9,0,0
2022-09-18,60,926,3,0.5615,2,128,9,0,0
2022-09-18,44,519,6,0.779,5,139,9,0,0
2022-09-18,24,109,3,0.8088,0,44,9,0,0
2022-09-18,54,358,3,0.1846,0,21,9,0,0
2022-09-18,46,1225,5,0.1045,3,365,9,0,0
2022-09-18,23,1202,2,0.586,3,365,9,0,0
2022-09-19,52,877,0,0.6654,2,365,9,0,0
2022-09-19,47,561,2,0.3499,2,159,9,0,1
2022-09-19,60,570,3,0.5191,1,117,9,0,0
2022-09-19,52,1406,4,0.8284,3,161,9,0,1
2022-09-19,46,1267,1,0.6841,2,69,9,0,1
2022-09-20,56,157,9,0.6591,3,10,9,0,0
2022-09-20,23,783,4,0.7163,0,113,9,0,0
2022-09-20,55,216,3,0.2855,4,162,9,0,1
2022-09-20,39,491,2,0.7296,3,365,9,0,0
2022-09-20,50,772,6,0.6341,4,138,9,0,0
2022-09-20,63,576,5,0.4058,4,37,9,0,0
2022-09-20,50,937,7,0.4497,1,85,9,0,0
2022-09-21,32,825,6,0.5985,3,365,9,0,0
2022-09-21,22,628,7,0.319,0,365,9,0,1
2022-09-21,29,1195,3,0.6044,0,54,9,0,1
2022-09-21,25,430,4,0.488,3,63,9,0,0
2022-09-21,43,399,7,0.9594,5,365,9,0,0
2022-09-22,34,1199,4,0.1894,5,33,9,0,0
2022-09-22,35,1064,0,0.5098,3,109,9,0,0
2022-09-22,43,172,1,0.1211,2,24,9,0,1
2022-09-23,58,210,4,0.7517,4,56,9,0,0
2022-09-23,25,719,6,0.638,3,121,9,0,0
2022-09-23,29,536,2,0.7119,0,62,9,0,0
2022-09-23,43,1284,4,0.325,2,13,9,0,0
2022-09-23,56,308,4,0.3861,3,44,9,0,0
2022-09-23,38,1006,3,0.7075,3,120,9,0,1
2022-09-24,51,1373,7,0.8768,4,8,9,0,1
2022-09-24,23,291,3,0.2803,5,35,9,0,0
2022-09-24,65,1232,4,0.5797,3,163,9,0,0
2022-09-26,27,583,7,0.2182,4,365,9,0,1
2022-09-26,45,1468,3,0.5056,2,19,9,0,0
2022-09-26,46,1341,4,0.834,4,177,9,0,0
2022-09-27,59,926,4,0.8097,1,88,9,0,1
2022-09-27,32,315,8,0.4337,3,132,9,0,0
2022-09-27,23,1111,4,0.4896,1,145,9,0,0
2022-09-27,25,454,5,0.7205,4,22,9,0,0
2022-09-27,46,1119,7,0.4414,3,66,9,0,0
2022-09-27,38,961,5,0.3974,1,38,9,0,1
2022-09-27,42,157,5,0.2605,2,101,9,0,0
2022-09-27,42,1114,4,0.2869,3,15,9,0,0
2022-09-28,44,1258,3,0.4879,1,28,9,0,0
2022-09-28,62,495,5,0.4401,0,125,9,0,0
2022-09-28,48,972,5,0.7314,2,60,9,0,1
2022-09-28,50,541,3,0.4093,1,172,9,0,0
2022-09-28,63,595,0,0.6344,5,137,9,0,0
2022-09-28,42,1325,9,0.3158,0,126,9,0,0
2022-09-29,29,920,4,0.3965,2,94,9,0,0
2022-09-29,56,625,6,0.679,2,50,9,0,0
2022-09-29,23,1057,6,0.9388,5,365,9,0,1
2022-09-29,50,525,3,0.5164,0,52,9,0,1
2022-09-29,28,371,7,0.2733,2,177,9,0,0
2022-09-30,19,105,5,0.7525,5,144,9,0,1
2022-09-30,21,896,3,0.4881,3,365,9,0,1
2022-09-30,22,932,2,0.329,5,84,9,0,0
2022-10-01,33,1320,6,0.2923,2,365,10,1,0
2022-10-01,56,1153,7,0.5414,5,143,10,1,0
2022-10-02,25,676,5,0.6131,0,170,10,1,1
2022-10-02,48,1403,4,0.3006,0,132,10,1,0
2022-10-02,32,819,6,0.7639,2,105,10,1,0
2022-10-02,38,889,2,0.4068,2,365,10,1,1
2022-10-02,59,1319,5,0.2468,3,50,10,1,0
2022-10-03,18,316,4,0.4046,4,365,10,1,0
2022-10-03,28,922,1,0.2479,0,58,10,1,1
2022-10-04,56,1229,2,0.5137,3,60,10,1,0
2022-10-04,64,467,3,0.6561,0,177,10,1,0
2022-10-04,49,1163,7,0.6444,1,153,10,1,1
2022-10-04,57,139,5,0.6195,5,114,10,1,0
2022-10-04,30,835,5,0.6556,3,102,10,1,1
2022-10-04,45,337,3,0.5408,5,108,10,1,0
2022-10-04,28,818,7,0.4158,4,129,10,1,1
2022-10-04,33,166,3,0.6984,1,23,10,1,0
2022-10-05,52,539,4,0.6976,2,33,10,1,0
2022-10-05,65,875,4,0.3694,0,365,10,1,0
2022-10-05,25,329,6,0.3483,4,46,10,1,0
2022-10-05,58,878,0,0.4678,3,141,10,1,0
2022-10-05,51,584,3,0.4439,3,4,10,1,0
2022-10-06,27,1087,1,0.5887,1,131,10,1,0
2022-10-06,20,269,1,0.4224,4,78,10,1,0
2022-10-06,34,1014,5,0.5994,3,72,10,1,0
2022-10-06,51,1324,2,0.2401,5,16,10,1,0
2022-10-06,40,1330,1,0.3805,3,7,10,1,0
2022-10-07,39,704,0,0.2697,2,4,10,1,0
2022-10-07,55,1107,2,0.5535,5,59,10,1,0
2022-10-07,55,705,5,0.4055,3,25,10,1,0
2022-10-07,63,1369,5,0.7724,0,92,10,1,1
2022-10-08,36,949,5,0.1087,1,365,10,1,0
2022-10-08,65,873,4,0.5877,3,170,10,1,0
2022-10-08,29,799,8,0.7582,2,365,10,1,1
2022-10-08,59,1474,7,0.3768,3,45,10,1,0
2022-10-08,41,535,3,0.3515,2,365,10,1,1
2022-10-08,22,188,3,0.8558,3,56,10,1,0
2022-10-09,63,964,3,0.602,0,77,10,1,0
2022-10-09,39,1293,8,0.4501,1,153,10,1,0
2022-10-09,54,163,5,0.7238,1,14,10,1,0
2022-10-09,53,810,1,0.3588,0,89,10,1,0
2022-10-09,20,141,4,0.5265,1,365,10,1,1
2022-10-09,44,708,1,0.1919,4,5,10,1,0
2022-10-10,58,478,2,0.4592,4,178,10,1,0
2022-10-10,42,1011,6,0.7645,3,31,10,1,0
2022-10-10,20,1158,3,0.8116,1,61,10,1,0
2022-10-10,58,1067,3,0.5694,4,57,10,1,1
2022-10-10,49,480,5,0.5818,3,121,10,1,0
2022-10-10,55,381,7,0.2555,0,179,10,1,1
2022-10-11,20,1121,7,0.5152,0,365,10,1,1
2022-10-11,35,1158,5,0.5351,2,22,10,1,0
2022-10-11,52,1183,3,0.5012,3,119,10,1,0
2022-10-11,63,413,4,0.8712,4,23,10,1,0
2022-10-12,59,1154,7,0.5708,3,7,10,1,1
2022-10-12,28,358,4,0.6286,0,365,10,1,0
2022-10-13,47,290,4,0.9066,1,109,10,1,0
2022-10-13,41,837,4,0.0928,2,78,10,1,0
2022-10-14,29,1282,6,0.5149,2,365,10,1,0
2022-10-15,20,275,5,0.3831,1,100,10,1,1
2022-10-15,50,870,4,0.6469,5,108,10,1,1
2022-10-15,27,1131,8,0.8203,5,167,10,1,0
2022-10-15,20,1474,4,0.6498,1,27,10,1,0
2022-10-16,35,560,2,0.5525,4,66,10,1,1
2022-10-16,41,673,3,0.1915,4,131,10,1,0
2022-10-16,40,817,7,0.9054,1,88,10,1,1
2022-10-16,49,629,1,0.2772,5,365,10,1,0
2022-10-16,23,996,3,0.5099,1,162,10,1,0
2022-10-16,58,1119,3,0.8552,2,73,10,1,1
2022-10-16,22,825,3,0.4666,0,32,10,1,0
2022-10-16,61,1428,2,0.7996,0,86,10,1,0
2022-10-16,36,656,6,0.5412,3,36,10,1,0
2022-10-17,31,207,5,0.5866,5,365,10,1,0
2022-10-17,23,1452,6,0.5449,2,66,10,1,1
2022-10-17,47,686,5,0.4224,4,86,10,1,0
2022-10-17,29,332,2,0.5456,3,19,10,1,0
2022-10-17,61,311,2,0.329,2,106,10,1,0
2022-10-17,40,283,5,0.2875,3,161,10,1,0
2022-10-18,42,443,2,0.5934,3,126,10,1,0
2022-10-18,32,1183,4,0.3853,0,58,10,1,0
2022-10-18,55,806,2,0.6613,3,365,10,1,1
2022-10-18,59,188,5,0.2668,1,116,10,1,0
2022-10-19,51,169,2,0.6177,1,172,10,1,0
2022-10-19,49,654,3,0.8507,2,365,10,1,0
2022-10-19,52,807,0,0.2652,4,3,10,1,0
2022-10-19,56,200,3,0.7278,4,38,10,1,0
2022-10-20,44,1184,6,0.2444,0,0,10,1,1
2022-10-20,63,961,5,0.4285,2,42,10,1,0
2022-10-21,30,1210,6,0.4976,1,160,10,1,1
2022-10-21,46,983,4,0.3415,2,365,10,1,1
2022-10-21,58,1229,3,0.2148,0,164,10,1,0
2022-10-21,22,98,6,0.0793,5,365,10,1,0
2022-10-22,51,101,3,0.6684,3,58,10,1,1
2022-10-22,60,243,7,0.5064,3,90,10,1,1
2022-10-22,20,602,7,0.2124,4,105,10,1,0
2022-10-23,34,1296,4,0.8564,2,12,10,1,0
2022-10-23,46,587,2,0.0861,5,4,10,1,0
2022-10-23,44,907,8,0.6786,0,365,10,1,0
2022-10-24,60,95,5,0.5848,3,49,10,1,0
2022-10-24,38,884,3,0.6789,4,365,10,1,0
2022-10-26,36,1151,4,0.7564,2,2,10,1,1
2022-10-26,49,234,2,0.1802,5,100,10,1,0
2022-10-26,29,569,3,0.7369,0,21,10,1,1
2022-10-26,33,871,7,0.5094,3,46,10,1,0
2022-10-26,23,150,4,0.4855,0,29,10,1,0
2022-10-27,28,379,6,0.1472,4,162,10,1,1
2022-10-27,24,254,6,0.3742,1,102,10,1,0
2022-10-27,22,706,3,0.5447,1,52,10,1,0
2022-10-27,65,1219,7,0.6331,4,48,10,1,0
2022-10-27,58,697,2,0.6673,4,81,10,1,0
2022-10-27,31,630,5,0.7142,2,122,10,1,1
2022-10-27,22,717,5,0.8357,5,162,10,1,0
2022-10-27,42,403,6,0.246,0,162,10,1,0
2022-10-27,26,496,6,0.4762,1,50,10,1,1
2022-10-28,23,401,2,0.3535,5,89,10,1,0
2022-10-28,42,1278,7,0.4333,1,92,10,1,1
2022-10-28,61,295,3,0.2294,2,93,10,1,0
2022-10-28,28,822,4,0.5801,3,116,10,1,0
2022-10-28,41,1100,4,0.4832,2,20,10,1,0
2022-10-28,56,728,5,0.745,0,146,10,1,1
2022-10-29,62,97,1,0.5061,5,38,10,1,0
2022-10-29,41,753,6,0.4959,5,76,10,1,0
2022-10-29,63,1374,7,0.8592,3,80,10,1,1
2022-10-29,53,666,4,0.5139,1,77,10,1,0
2022-10-30,63,548,4,0.3069,1,25,10,1,0
2022-10-30,20,1295,6,0.3777,3,36,10,1,1
2022-10-31,29,903,2,0.5684,2,157,10,1,1
2022-10-31,50,1103,5,0.4608,3,88,10,1,1
2022-10-31,36,1001,5,0.4041,2,38,10,1,0
2022-10-31,47,106,3,0.4817,4,120,10,1,0
2022-11-01,19,583,2,0.636,5,365,11,1,0
2022-11-01,54,1380,1,0.8976,2,64,11,1,0
2022-11-01,62,669,5,0.3318,5,365,11,1,0
2022-11-01,18,371,2,0.0414,2,175,11,1,0
2022-11-01,59,1420,8,0.6281,3,67,11,1,0
2022-11-01,35,502,2,0.4419,0,109,11,1,0
2022-11-01,44,1191,2,0.3418,3,161,11,1,0
2022-11-02,46,443,5,0.5266,3,147,11,1,0
2022-11-02,48,1165,4,0.7348,5,158,11,1,0
2022-11-02,51,476,3,0.338,2,94,11,1,1
2022-11-02,62,704,7,0.6427,1,3,11,1,0
2022-11-03,44,280,1,0.5787,4,28,11,1,0
2022-11-03,25,109,2,0.5891,3,56,11,1,0
2022-11-03,55,469,0,0.2148,1,57,11,1,0
2022-11-04,46,1224,6,0.7216,3,150,11,1,0
2022-11-04,27,1327,5,0.9296,0,365,11,1,0
2022-11-04,18,1337,3,0.5511,2,17,11,1,1
2022-11-04,56,1253,4,0.5721,1,365,11,1,1
2022-11-04,29,1252,8,0.4957,4,67,11,1,0
2022-11-05,35,576,1,0.6628,1,365,11,1,1
2022-11-05,53,1451,2,0.6347,3,365,11,1,0
2022-11-05,28,94,6,0.8355,3,365,11,1,0
2022-11-06,51,403,3,0.5116,5,82,11,1,1
2022-11-06,43,635,3,0.7035,0,365,11,1,1
2022-11-06,49,1003,6,0.5342,1,131,11,1,0
2022-11-06,22,851,2,0.5446,5,152,11,1,1
2022-11-06,65,907,1,0.7722,3,48,11,1,0
2022-11-06,21,579,7,0.2347,2,365,11,1,0
2022-11-07,19,1284,2,0.5679,2,130,11,1,1
2022-11-07,48,1263,4,0.2245,4,38,11,1,1
2022-11-07,44,1364,2,0.6939,1,21,11,1,1
2022-11-07,23,714,3,0.4777,0,365,11,1,0
2022-11-08,47,123,3,0.3618,2,175,11,1,0
2022-11-08,28,1248,8,0.2288,0,93,11,1,0
2022-11-09,50,1225,4,0.285,0,171,11,1,0
2022-11-09,53,405,1,0.7978,0,152,11,1,1
2022-11-10,58,675,6,0.3674,1,365,11,1,0
2022-11-10,40,243,6,0.3994,0,365,11,1,1
2022-11-10,52,621,6,0.5958,3,54,11,1,0
2022-11-10,29,1072,2,0.1142,4,173,11,1,0
2022-11-10,41,1015,4,0.3484,1,365,11,1,1
2022-11-11,63,1329,2,0.4568,0,170,11,1,0
2022-11-11,28,158,4,0.6637,4,114,11,1,1
2022-11-11,19,771,3,0.8788,3,18,11,1,1
2022-11-12,34,113,5,0.449,1,365,11,1,0
2022-11-12,24,498,2,0.5785,4,52,11,1,1
2022-11-13,34,990,4,0.7861,5,174,11,1,0
2022-11-13,31,646,6,0.6004,5,60,11,1,0
2022-11-13,34,1073,6,0.729,0,176,11,1,0
2022-11-13,49,489,4,0.7744,3,50,11,1,1
2022-11-14,52,563,4,0.8311,4,115,11,1,0
2022-11-14,31,1280,5,0.236,3,5,11,1,1
2022-11-14,53,700,5,0.8094,1,117,11,1,0
2022-11-14,43,265,0,0.2261,4,365,11,1,0
2022-11-15,23,1369,7,0.4159,3,158,11,1,1
2022-11-16,38,1263,2,0.4783,1,48,11,1,0
2022-11-16,39,386,1,0.5634,4,119,11,1,0
2022-11-16,41,105,1,0.6235,3,80,11,1,0
2022-11-16,50,385,5,0.4241,4,149,11,1,0
2022-11-16,55,1240,6,0.5988,5,146,11,1,1
2022-11-17,34,1486,6,0.3803,3,39,11,1,1
2022-11-17,48,414,5,0.9218,4,3,11,1,0
2022-11-17,53,486,2,0.5024,3,90,11,1,0
2022-11-17,41,155,4,0.647,1,118,11,1,1
2022-11-18,49,339,4,0.6774,3,11,11,1,0
2022-11-18,21,958,3,0.4335,5,74,11,1,0
2022-11-18,51,829,2,0.2687,5,75,11,1,0
2022-11-18,45,1306,7,0.4312,5,100,11,1,0
2022-11-18,37,608,8,0.1803,4,31,11,1,0
2022-11-18,34,90,7,0.5289,1,96,11,1,0
2022-11-19,36,1445,3,0.7589,1,3,11,1,1
2022-11-19,34,1208,6,0.3338,0,89,11,1,0
2022-11-19,40,1110,4,0.3753,3,116,11,1,0
2022-11-20,31,1268,6,0.8685,3,70,11,1,1
2022-11-20,24,1085,2,0.2898,3,365,11,1,0
2022-11-20,38,1034,5,0.4463,2,102,11,1,0
2022-11-20,64,772,4,0.6788,3,165,11,1,0
2022-11-20,37,1286,6,0.3985,3,99,11,1,0
2022-11-20,30,1101,6,0.3263,3,178,11,1,0
2022-11-20,18,778,3,0.5943,3,73,11,1,1
2022-11-20,54,645,0,0.8617,1,100,11,1,0
2022-11-21,52,263,7,0.194,0,46,11,1,0
2022-11-21,61,1051,4,0.7121,3,365,11,1,0
2022-11-21,19,348,0,0.1997,0,145,11,1,0
2022-11-21,22,536,2,0.2301,1,175,11,1,0
2022-11-22,45,726,5,0.7238,0,365,11,1,0
2022-11-22,40,258,3,0.7566,3,69,11,1,0
2022-11-22,31,722,2,0.5167,0,170,11,1,0
2022-11-22,23,1233,3,0.3357,1,45,11,1,0
2022-11-23,37,92,4,0.9328,0,154,11,1,0
2022-11-23,56,509,5,0.176,4,46,11,1,0
2022-11-23,29,1487,3,0.8803,3,169,11,1,0
2022-11-24,18,1276,4,0.6405,1,120,11,1,0
2022-11-24,56,602,1,0.4641,2,144,11,1,0
2022-11-24,59,1105,1,0.6809,5,113,11,1,0
2022-11-24,47,145,4,0.2356,4,171,11,1,0
2022-11-25,61,746,6,0.319,0,32,11,1,0
2022-11-25,29,390,6,0.4253,4,81,11,1,0
2022-11-25,62,437,5,0.184,1,53,11,1,1
2022-11-26,49,1031,3,0.4819,4,73,11,1,0
2022-11-26,47,565,9,0.687,4,101,11,1,1
2022-11-26,47,1233,1,0.4182,2,175,11,1,0
2022-11-26,59,1066,5,0.6189,0,164,11,1,1
2022-11-27,22,1120,5,0.5237,0,68,11,1,0
2022-11-27,50,1331,4,0.6709,4,58,11,1,0
2022-11-27,48,953,6,0.6489,0,116,11,1,0
2022-11-28,52,433,5,0.6914,0,49,11,1,0
2022-11-28,50,870,3,0.5951,3,365,11,1,0
2022-11-28,57,1007,7,0.737,2,37,11,1,0
2022-11-28,33,1098,4,0.539,5,365,11,1,1
2022-11-29,60,1212,3,0.7788,0,365,11,1,0
2022-11-29,36,1459,5,0.2464,1,102,11,1,0
2022-11-29,46,686,3,0.0734,0,56,11,1,0
2022-11-29,32,1049,5,0.326,5,53,11,1,0
2022-11-30,26,634,9,0.4446,1,365,11,1,1
2022-11-30,34,1106,6,0.7972,3,125,11,1,0
2022-12-01,51,928,7,0.421,4,63,12,0,0
2022-12-01,58,867,7,0.2612,0,6,12,0,0
2022-12-01,63,1161,3,0.6033,2,365,12,0,0
2022-12-01,42,1350,2,0.7648,3,34,12,0,0
2022-12-02,20,296,2,0.589,3,60,12,0,0
2022-12-02,58,178,6,0.6772,0,111,12,0,0
2022-12-03,25,1124,2,0.4707,0,34,12,0,0
2022-12-03,63,280,1,0.6319,3,134,12,0,1
2022-12-03,65,1058,9,0.5616,0,147,12,0,0
2022-12-03,47,1362,4,0.6383,3,28,12,0,0
2022-12-04,46,361,4,0.5135,5,3,12,0,0
2022-12-04,20,359,8,0.5602,0,83,12,0,0
2022-12-04,61,318,5,0.1472,1,24,12,0,0
2022-12-04,58,996,5,0.2654,2,174,12,0,0
2022-12-05,58,203,8,0.2043,0,114,12,0,0
2022-12-05,18,980,3,0.6622,4,155,12,0,0
2022-12-05,45,244,0,0.3672,2,100,12,0,0
2022-12-05,48,773,6,0.3911,0,164,12,0,1
2022-12-05,45,1095,5,0.7621,2,113,12,0,0
2022-12-05,50,448,4,0.7202,2,96,12,0,0
2022-12-06,43,546,3,0.43,1,79,12,0,0
2022-12-06,24,199,6,0.4245,2,365,12,0,0
2022-12-06,38,679,2,0.3015,5,72,12,0,0
2022-12-06,43,554,5,0.2108,2,91,12,0,1
2022-12-06,26,1034,1,0.3713,3,78,12,0,0
2022-12-07,61,871,3,0.9243,1,365,12,0,0
2022-12-07,46,179,5,0.5999,0,122,12,0,0
2022-12-07,63,1335,5,0.121,3,44,12,0,0
2022-12-08,32,504,3,0.639,4,30,12,0,1
2022-12-09,27,705,5,0.6691,4,10,12,0,1
2022-12-09,38,821,3,0.9135,4,75,12,0,0
2022-12-09,41,514,2,0.5044,5,113,12,0,0
2022-12-09,63,274,8,0.6872,4,156,12,0,0
2022-12-09,46,302,2,0.6364,0,106,12,0,0
2022-12-10,44,767,6,0.5589,3,153,12,0,0
2022-12-10,24,1237,4,0.6803,2,138,12,0,0
2022-12-10,63,1492,7,0.5828,1,21,12,0,0
2022-12-11,35,1364,8,0.8786,3,29,12,0,0
2022-12-11,55,429,6,0.3792,5,131,12,0,0
2022-12-11,50,411,1,0.7248,5,11,12,0,1
2022-12-11,35,1056,2,0.299,4,93,12,0,0
2022-12-11,32,1281,4,0.1946,1,139,12,0,0
2022-12-13,48,1369,5,0.4584,0,365,12,0,0
2022-12-13,42,1113,4,0.6472,0,171,12,0,1
2022-12-13,41,977,6,0.2241,4,365,12,0,0
2022-12-13,57,590,4,0.27,2,131,12,0,0
2022-12-13,51,142,3,0.8255,0,365,12,0,0
2022-12-13,58,420,2,0.4982,0,78,12,0,1
2022-12-14,63,1391,4,0.6637,0,95,12,0,1
2022-12-14,28,971,5,0.6201,1,125,12,0,0
2022-12-14,60,837,4,0.7043,0,365,12,0,1
2022-12-14,53,272,2,0.0949,3,9,12,0,0
2022-12-15,27,1268,4,0.389,5,365,12,0,0
2022-12-15,63,216,3,0.1189,2,135,12,0,0
2022-12-15,54,138,2,0.1551,4,365,12,0,0
2022-12-15,34,1471,6,0.51,5,110,12,0,0
2022-12-15,41,463,8,0.655,4,36,12,0,0
2022-12-16,25,415,4,0.7456,0,153,12,0,0
2022-12-16,51,347,6,0.5973,3,72,12,0,1
2022-12-16,38,579,5,0.3179,2,155,12,0,0
2022-12-17,54,1187,4,0.8665,1,108,12,0,1
2022-12-17,63,528,2,0.4979,5,365,12,0,0
2022-12-17,42,304,3,0.6196,0,113,12,0,0
2022-12-17,64,1255,1,0.3046,3,170,12,0,0
2022-12-17,28,735,5,0.6636,5,99,12,0,0
2022-12-18,36,1167,5,0.6673,0,5,12,0,0
2022-12-18,32,1104,3,0.4438,5,66,12,0,0
2022-12-18,55,901,6,0.6547,0,153,12,0,1
2022-12-18,20,260,4,0.8388,1,60,12,0,1
2022-12-19,59,112,4,0.7738,1,63,12,0,1
2022-12-19,18,722,5,0.7923,2,40,12,0,0
2022-12-19,47,851,3,0.7765,3,97,12,0,1
2022-12-19,37,1129,3,0.7799,4,82,12,0,0
2022-12-20,55,255,2,0.6703,4,88,12,0,1
2022-12-20,47,1194,3,0.5939,0,30,12,0,0
2022-12-21,60,625,6,0.7372,5,2,12,0,0
2022-12-21,62,1362,7,0.5545,1,26,12,0,0
2022-12-21,44,1187,8,0.3746,5,126,12,0,0
2022-12-21,28,307,3,0.8273,1,167,12,0,1
2022-12-21,20,1205,7,0.6475,1,365,12,0,0
2022-12-21,19,996,5,0.5699,5,127,12,0,0
2022-12-21,57,637,1,0.7735,5,7,12,0,0
2022-12-22,24,289,2,0.284,2,24,12,0,1
2022-12-22,45,1374,6,0.2496,1,166,12,0,0
2022-12-22,65,1231,8,0.1947,4,15,12,0,0
2022-12-22,53,181,5,0.8769,5,365,12,0,0
2022-12-23,64,525,2,0.4014,1,153,12,0,0
2022-12-23,54,724,2,0.2073,1,171,12,0,0
2022-12-23,65,1243,2,0.7203,1,138,12,0,0
2022-12-23,58,394,2,0.569,2,61,12,0,1
2022-12-23,54,257,2,0.2482,5,365,12,0,0
2022-12-24,58,909,1,0.2387,2,9,12,0,0
2022-12-24,24,587,4,0.7531,3,172,12,0,0
2022-12-24,40,366,6,0.9489,1,170,12,0,1
2022-12-24,39,1393,2,0.362,0,99,12,0,0
2022-12-24,25,534,3,0.4261,5,121,12,0,0
2022-12-24,21,1064,3,0.5158,5,38,12,0,0
2022-12-25,63,1082,3,0.0845,2,128,12,0,0
2022-12-25,36,388,3,0.648,1,92,12,0,0
2022-12-25,59,140,5,0.4297,5,27,12,0,0
2022-12-25,42,1437,5,0.3385,0,158,12,0,0
2022-12-26,55,852,3,0.4711,1,169,12,0,1
2022-12-26,45,303,4,0.8013,5,179,12,0,0
2022-12-26,45,337,3,0.6391,2,365,12,0,0
2022-12-26,51,557,3,0.0883,1,86,12,0,0
2022-12-27,33,523,5,0.3833,4,98,12,0,0
2022-12-27,30,1418,3,0.2624,4,168,12,0,0
2022-12-27,25,744,4,0.8097,4,106,12,0,0
2022-12-28,52,653,11,0.2534,2,24,12,0,0
2022-12-28,47,1031,4,0.9309,2,51,12,0,1
2022-12-28,59,949,3,0.5007,2,17,12,0,0
2022-12-28,40,729,5,0.2683,5,67,12,0,1
2022-12-29,55,1468,6,0.8846,1,4,12,0,0
2022-12-29,32,215,5,0.8483,1,17,12,0,0
2022-12-29,36,1250,4,0.5612,2,110,12,0,0
2022-12-29,30,793,2,0.4236,5,97,12,0,0
2022-12-29,59,508,4,0.2652,3,108,12,0,0
2022-12-29,19,938,4,0.299,3,37,12,0,0
2022-12-29,31,1023,8,0.728,5,365,12,0,0
2022-12-29,30,1197,3,0.3954,4,32,12,0,0
2022-12-29,44,1455,1,0.9039,2,85,12,0,0
2022-12-30,60,956,6,0.6192,0,168,12,0,0
2022-12-30,46,576,5,0.5797,2,15,12,0,0
2022-12-31,40,1329,2,0.4642,4,43,12,0,0
2022-12-31,19,1160,9,0.0812,2,166,12,0,1
2022-12-31,22,1312,5,0.5687,1,143,12,0,0
2022-12-31,48,357,5,0.5065,0,92,12,0,0
2022-12-31,55,1207,5,0.501,5,365,12,0,0
2023-01-01,20,1425,4,0.2165,4,84,1,1,0
2023-01-01,60,1338,3,0.397,0,131,1,1,0
2023-01-01,28,521,3,0.3495,5,45,1,1,0
2023-01-01,29,1270,1,0.317,4,165,1,1,1
2023-01-01,60,1482,6,0.8341,4,365,1,1,1
2023-01-01,60,1241,2,0.381,4,137,1,1,1
2023-01-01,55,1024,4,0.6738,4,176,1,1,0
2023-01-01,54,944,2,0.8943,5,13,1,1,1
2023-01-01,20,322,7,0.8384,5,365,1,1,0
2023-01-01,19,1114,6,0.3556,4,365,1,1,0
2023-01-01,26,1135,3,0.3901,5,38,1,1,0
2023-01-02,42,1227,5,0.6037,3,160,1,1,0
2023-01-02,52,321,1,0.7196,1,365,1,1,1
2023-01-02,38,1230,4,0.4115,5,148,1,1,0
2023-01-03,59,173,3,0.212,4,119,1,1,0
2023-01-03,36,378,4,0.8156,3,2,1,1,0
2023-01-03,41,924,8,0.6477,4,114,1,1,0
2023-01-03,39,988,2,0.5071,0,99,1,1,0
2023-01-04,49,1492,3,0.419,4,3,1,1,0
2023-01-04,59,917,3,0.5812,5,29,1,1,0
2023-01-04,37,275,5,0.8693,0,85,1,1,1
2023-01-05,50,682,1,0.4306,2,141,1,1,0
2023-01-05,22,692,4,0.4376,5,365,1,1,0
2023-01-05,29,1074,4,0.1063,0,365,1,1,0
2023-01-06,18,501,5,0.8377,1,116,1,1,1
2023-01-06,35,1315,3,0.1928,1,365,1,1,0
2023-01-06,41,1366,4,0.5014,1,6,1,1,1
2023-01-06,25,739,3,0.4654,1,49,1,1,0
2023-01-07,56,1400,5,0.7788,0,365,1,1,1
2023-01-07,27,324,3,0.6397,4,365,1,1,0
2023-01-07,37,617,5,0.4232,4,106,1,1,0
2023-01-07,23,553,5,0.2839,3,26,1,1,0
2023-01-08,49,970,2,0.4764,0,135,1,1,1
2023-01-08,44,828,9,0.3595,4,20,1,1,0
2023-01-08,41,1018,6,0.2818,3,160,1,1,0
2023-01-08,52,1043,3,0.5986,2,150,1,1,1
2023-01-08,25,201,3,0.5632,4,69,1,1,0
2023-01-08,41,893,6,0.2314,0,365,1,1,1
2023-01-09,30,1215,2,0.7461,2,130,1,1,1
2023-01-09,56,423,3,0.4339,3,176,1,1,0
2023-01-09,60,485,4,0.6457,0,158,1,1,0
2023-01-10,29,476,5,0.8464,4,112,1,1,0
2023-01-11,64,795,9,0.0871,2,152,1,1,0
2023-01-11,22,676,2,0.7144,5,36,1,1,0
2023-01-11,53,877,4,0.3909,4,365,1,1,0
2023-01-12,52,1130,3,0.3873,0,121,1,1,0
2023-01-12,32,869,6,0.7697,2,96,1,1,1
2023-01-12,47,1061,2,0.2315,4,8,1,1,0
2023-01-13,47,661,4,0.6853,3,69,1,1,0
2023-01-13,40,1349,8,0.6391,3,2,1,1,0
2023-01-14,36,220,4,0.1722,4,170,1,1,1
2023-01-14,52,851,4,0.0779,1,19,1,1,0
2023-01-14,62,436,2,0.6719,0,179,1,1,0
2023-01-15,45,1417,4,0.8696,4,365,1,1,1
2023-01-15,58,670,9,0.8141,3,138,1,1,1
2023-01-15,61,1096,2,0.8967,1,67,1,1,1
2023-01-16,33,530,6,0.5904,4,365,1,1,0
2023-01-16,45,1304,6,0.7152,2,365,1,1,0
2023-01-16,48,1060,4,0.6708,0,98,1,1,0
2023-01-16,30,507,6,0.7977,3,120,1,1,1
2023-01-17,64,256,2,0.9259,0,68,1,1,1
2023-01-18,48,1176,4,0.0763,4,60,1,1,0
2023-01-18,51,412,3,0.6304,0,65,1,1,0
2023-01-18,18,612,5,0.8446,2,164,1,1,0
2023-01-18,40,887,1,0.6753,1,158,1,1,1
2023-01-18,52,1267,3,0.7257,2,88,1,1,1
2023-01-19,21,1224,3,0.4939,5,83,1,1,0
2023-01-19,55,1428,6,0.5065,4,365,1,1,0
2023-01-19,41,851,4,0.3125,3,365,1,1,0
2023-01-20,54,566,1,0.068,4,30,1,1,0
2023-01-20,36,375,6,0.9082,0,2,1,1,0
2023-01-20,28,308,3,0.5608,2,45,1,1,0
2023-01-20,60,344,4,0.8324,3,365,1,1,0
2023-01-20,48,1070,7,0.7419,4,22,1,1,0
2023-01-20,64,589,3,0.1383,0,12,1,1,0
2023-01-20,25,1147,4,0.8397,5,11,1,1,0
2023-01-21,51,903,2,0.1293,0,120,1,1,0
2023-01-21,65,799,1,0.7576,2,31,1,1,0
2023-01-21,64,1436,3,0.414,2,136,1,1,0
2023-01-21,45,1056,7,0.6025,0,130,1,1,1
2023-01-21,49,899,3,0.8998,1,177,1,1,0
2023-01-22,34,257,2,0.5794,0,14,1,1,1
2023-01-22,23,242,3,0.2827,2,75,1,1,0
2023-01-22,58,228,6,0.5684,0,81,1,1,0
2023-01-22,50,330,4,0.014,0,163,1,1,0
2023-01-22,44,1027,4,0.2734,1,365,1,1,0
2023-01-23,60,1247,4,0.4253,1,87,1,1,0
2023-01-23,52,1346,3,0.3487,2,120,1,1,0
2023-01-23,57,913,3,0.8148,5,32,1,1,0
2023-01-23,54,1248,5,0.8443,1,120,1,1,0
2023-01-24,19,1011,6,0.7444,1,85,1,1,1
2023-01-24,36,990,6,0.6844,0,52,1,1,1
2023-01-24,43,733,3,0.4527,1,365,1,1,1
2023-01-24,19,1028,2,0.9042,0,25,1,1,1
2023-01-24,52,1249,3,0.0902,1,365,1,1,1
2023-01-24,54,808,4,0.6279,0,32,1,1,0
2023-01-25,34,135,1,0.5666,1,150,1,1,1
2023-01-25,55,1450,3,0.1915,1,109,1,1,1
2023-01-25,42,620,4,0.6412,5,162,1,1,1
2023-01-25,23,1413,1,0.5847,0,100,1,1,1
2023-01-25,39,498,6,0.3554,1,131,1,1,0
2023-01-26,50,1078,2,0.8082,5,40,1,1,1
2023-01-26,23,862,2,0.1015,2,29,1,1,1
2023-01-26,60,831,5,0.5656,4,141,1,1,0
2023-01-27,30,1243,7,0.4807,2,365,1,1,1
2023-01-27,56,493,3,0.7299,0,168,1,1,0
2023-01-27,55,145,4,0.3375,1,140,1,1,0
2023-01-27,38,1106,8,0.4548,2,81,1,1,1
2023-01-28,57,595,4,0.3709,1,149,1,1,1
2023-01-28,37,1030,6,0.485,3,17,1,1,0
2023-01-28,60,449,6,0.3996,2,45,1,1,1
2023-01-28,21,1403,4,0.6523,5,365,1,1,0
2023-01-28,29,150,5,0.6427,4,145,1,1,0
2023-01-29,22,1366,6,0.2794,5,161,1,1,1
2023-01-29,22,859,4,0.3449,5,365,1,1,1
2023-01-30,19,842,4,0.3952,4,65,1,1,0
2023-01-30,47,1127,5,0.4482,4,165,1,1,0
2023-01-31,39,124,5,0.1298,0,365,1,1,1
2023-01-31,43,1027,4,0.4675,4,136,1,1,0
2023-01-31,63,921,4,0.5491,0,365,1,1,0
2023-01-31,23,535,2,0.1813,0,44,1,1,1
2023-02-01,57,905,7,0.5303,4,123,2,0,0
2023-02-01,61,1151,4,0.2486,0,41,2,0,0
2023-02-02,28,911,5,0.4634,0,19,2,0,0
2023-02-02,31,691,3,0.7315,3,30,2,0,0
2023-02-03,47,949,5,0.5538,0,41,2,0,0
2023-02-03,57,631,4,0.6881,5,43,2,0,0
2023-02-03,37,870,6,0.5625,5,58,2,0,0
2023-02-03,34,1367,3,0.4802,2,34,2,0,1
2023-02-04,45,1131,2,0.0886,3,70,2,0,0
2023-02-04,47,749,7,0.1007,4,101,2,0,1
2023-02-04,62,784,3,0.8611,5,20,2,0,0
2023-02-04,23,1327,9,0.423,4,52,2,0,0
2023-02-05,25,1013,5,0.7262,1,102,2,0,0
2023-02-05,20,1385,3,0.2438,1,169,2,0,1
2023-02-05,51,1253,4,0.7899,2,365,2,0,0
2023-02-05,65,191,4,0.3838,5,161,2,0,0
2023-02-05,47,520,3,0.7228,4,180,2,0,0
2023-02-05,34,335,10,0.8374,2,153,2,0,0
2023-02-05,36,733,7,0.6469,1,365,2,0,0
2023-02-06,48,1199,5,0.3095,0,4,2,0,0
2023-02-06,38,752,7,0.4069,5,152,2,0,0
2023-02-06,19,1397,4,0.6788,0,84,2,0,0
2023-02-07,45,663,9,0.4077,4,151,2,0,1
2023-02-07,24,1014,1,0.3034,2,141,2,0,0
2023-02-07,37,968,4,0.2171,4,28,2,0,0
2023-02-07,38,1048,5,0.3482,0,55,2,0,1
2023-02-07,43,1332,1,0.7724,3,174,2,0,0
2023-02-08,30,1078,2,0.4459,2,61,2,0,0
2023-02-08,27,1198,3,0.7021,1,128,2,0,0
2023-02-08,40,1378,1,0.497,5,122,2,0,1
2023-02-09,30,943,7,0.73,2,90,2,0,1
2023-02-09,53,550,2,0.2657,5,74,2,0,0
2023-02-09,54,182,2,0.6901,4,138,2,0,0
2023-02-09,58,294,6,0.1598,3,68,2,0,0
2023-02-09,56,1098,2,0.8213,5,70,2,0,0
2023-02-09,51,1417,6,0.8726,0,365,2,0,0
2023-02-10,18,908,3,0.9212,5,41,2,0,0
2023-02-10,39,1165,4,0.334,5,168,2,0,0
2023-02-10,50,332,3,0.715,3,37,2,0,0
2023-02-11,54,688,3,0.4625,2,27,2,0,1
2023-02-11,53,1475,5,0.1944,3,161,2,0,0
2023-02-11,37,103,11,0.2944,5,365,2,0,0
2023-02-12,46,1149,4,0.6605,4,167,2,0,0
2023-02-12,62,767,6,0.799,0,111,2,0,1
2023-02-12,53,229,6,0.5242,5,365,2,0,1
2023-02-13,57,876,2,0.3041,1,178,2,0,0
2023-02-14,65,1049,2,0.1711,2,71,2,0,0
2023-02-14,24,785,4,0.1798,2,81,2,0,0
2023-02-14,58,1113,7,0.3733,1,74,2,0,1
2023-02-14,43,836,6,0.0633,5,365,2,0,0
2023-02-15,49,173,4,0.3611,0,112,2,0,0
2023-02-15,61,181,6,0.6692,5,365,2,0,0
2023-02-15,20,1417,5,0.5059,2,149,2,0,0
2023-02-16,47,1100,2,0.1268,1,163,2,0,0
2023-02-16,24,522,2,0.6295,4,365,2,0,0
2023-02-16,28,933,3,0.641,4,95,2,0,0
2023-02-16,30,565,4,0.5149,0,138,2,0,0
2023-02-16,40,760,5,0.1256,3,42,2,0,0
2023-02-17,24,361,5,0.5616,0,104,2,0,1
2023-02-17,31,236,6,0.6195,4,365,2,0,1
2023-02-17,27,997,3,0.7419,0,17,2,0,0
2023-02-18,24,770,2,0.4923,4,77,2,0,0
2023-02-18,30,351,8,0.4015,2,365,2,0,0
2023-02-18,38,124,4,0.2369,2,132,2,0,0
2023-02-18,56,1118,5,0.3683,3,167,2,0,0
2023-02-18,56,598,4,0.3438,1,135,2,0,1
2023-02-18,60,687,2,0.3753,1,43,2,0,0
2023-02-18,48,1160,4,0.1045,5,39,2,0,1
2023-02-19,49,264,1,0.4305,1,41,2,0,0
2023-02-19,32,978,2,0.1207,5,5,2,0,0
2023-02-20,23,931,2,0.3526,3,143,2,0,0
2023-02-20,55,308,6,0.4592,1,56,2,0,0
2023-02-21,52,675,5,0.914,0,365,2,0,1
2023-02-22,53,1125,1,0.9151,1,180,2,0,1
2023-02-22,37,1106,7,0.4287,2,34,2,0,0
2023-02-22,35,1109,5,0.4563,0,122,2,0,1
2023-02-22,62,310,7,0.3986,5,365,2,0,0
2023-02-22,40,596,5,0.684,0,3,2,0,0
2023-02-23,43,551,4,0.2645,1,154,2,0,1
2023-02-23,52,1217,3,0.7038,1,102,2,0,0
2023-02-23,24,174,6,0.2255,0,9,2,0,1
2023-02-24,37,244,2,0.4499,1,365,2,0,0
2023-02-24,21,637,7,0.802,1,365,2,0,1
2023-02-24,19,537,2,0.6323,2,141,2,0,0
2023-02-25,55,1155,6,0.8069,4,46,2,0,0
2023-02-25,52,1010,4,0.2779,4,114,2,0,0
2023-02-25,28,1104,4,0.3356,3,36,2,0,0
2023-02-25,23,203,5,0.7412,4,158,2,0,0
2023-02-25,52,684,5,0.4436,4,365,2,0,0
2023-02-26,48,998,6,0.4854,5,90,2,0,0
2023-02-26,21,155,4,0.4986,2,24,2,0,0
2023-02-27,28,315,1,0.112,0,365,2,0,1
2023-02-27,61,1004,4,0.3001,3,365,2,0,0
2023-02-27,33,893,4,0.3538,4,131,2,0,0
2023-02-27,23,737,2,0.3613,0,146,2,0,0
2023-02-28,46,844,6,0.2988,2,7,2,0,0
2023-02-28,47,1421,7,0.5465,2,54,2,0,0
2023-02-28,46,1031,0,0.2384,2,42,2,0,0
2023-03-01,26,977,2,0.7503,2,39,3,0,0
2023-03-01,65,686,4,0.0896,2,72,3,0,0
2023-03-01,27,1422,6,0.7252,0,77,3,0,0
2023-03-02,29,509,5,0.4195,0,134,3,0,1
2023-03-02,57,688,6,0.3224,5,99,3,0,0
2023-03-02,43,420,3,0.2052,0,107,3,0,0
2023-03-02,25,1370,3,0.5685,3,68,3,0,0
2023-03-02,18,997,3,0.357,4,172,3,0,0
2023-03-02,53,1452,3,0.9234,5,365,3,0,1
2023-03-02,43,543,3,0.18,1,131,3,0,0
2023-03-02,41,333,3,0.5976,4,79,3,0,0
2023-03-03,38,1224,8,0.5567,1,365,3,0,0
2023-03-03,57,703,2,0.5142,2,81,3,0,0
2023-03-03,38,589,2,0.9138,3,177,3,0,1
2023-03-03,57,1211,3,0.6659,0,59,3,0,0
2023-03-03,19,106,2,0.0489,2,95,3,0,0
2023-03-03,35,767,8,0.5274,0,125,3,0,0
2023-03-03,52,1155,4,0.5948,5,365,3,0,0
2023-03-04,64,1221,2,0.8291,1,87,3,0,1
2023-03-04,43,400,3,0.6616,0,93,3,0,0
2023-03-04,45,909,3,0.4706,4,98,3,0,0
2023-03-04,37,893,4,0.5305,3,90,3,0,0
2023-03-05,47,437,1,0.2276,3,136,3,0,0
2023-03-05,45,955,4,0.1812,2,365,3,0,0
2023-03-05,41,870,2,0.5377,3,365,3,0,0
2023-03-06,21,677,4,0.6106,0,365,3,0,1
2023-03-06,46,919,3,0.3839,0,10,3,0,0
2023-03-07,27,1007,4,0.7462,4,36,3,0,0
2023-03-07,24,367,2,0.5621,4,45,3,0,1
2023-03-08,61,1119,2,0.5312,5,176,3,0,0
2023-03-08,49,1437,3,0.6259,3,75,3,0,0
2023-03-08,60,1071,7,0.6754,3,60,3,0,0
2023-03-08,40,351,3,0.3585,3,113,3,0,0
2023-03-08,25,450,4,0.5474,4,93,3,0,1
2023-03-09,51,1338,5,0.5171,2,97,3,0,1
2023-03-09,48,415,4,0.838,4,91,3,0,0
2023-03-09,51,870,0,0.6919,0,33,3,0,1
2023-03-09,39,336,1,0.6055,4,365,3,0,1
2023-03-10,46,1282,2,0.7683,1,11,3,0,0
2023-03-11,44,289,11,0.0384,4,134,3,0,0
2023-03-11,21,1127,10,0.8906,2,67,3,0,0
2023-03-11,64,472,5,0.706,2,365,3,0,1
2023-03-11,53,1188,5,0.8728,2,152,3,0,1
2023-03-12,55,622,4,0.6824,2,161,3,0,0
2023-03-12,31,485,4,0.6728,3,29,3,0,1
2023-03-12,48,1313,7,0.7622,4,97,3,0,0
2023-03-12,59,322,5,0.1786,5,365,3,0,1
2023-03-12,37,1467,3,0.3746,0,117,3,0,0
2023-03-12,24,583,10,0.7677,3,46,3,0,0
2023-03-13,41,1168,4,0.5278,4,105,3,0,0
2023-03-13,50,636,6,0.2822,4,77,3,0,0
2023-03-14,43,567,2,0.1879,1,161,3,0,0
2023-03-14,29,1104,6,0.1732,4,90,3,0,0
2023-03-14,63,840,2,0.3418,4,365,3,0,0
2023-03-14,29,872,4,0.5868,2,11,3,0,0
2023-03-14,39,679,4,0.4838,3,90,3,0,1
2023-03-14,26,282,3,0.4273,0,20,3,0,0
2023-03-14,43,230,3,0.6941,4,100,3,0,0
2023-03-15,31,916,5,0.5873,1,108,3,0,0
2023-03-15,30,393,6,0.6174,1,365,3,0,0
2023-03-15,61,1145,2,0.3347,4,52,3,0,1
2023-03-15,62,576,2,0.1865,1,365,3,0,0
2023-03-15,44,104,4,0.318,1,134,3,0,0
2023-03-15,48,125,3,0.418,5,166,3,0,0
2023-03-15,46,584,4,0.5908,0,159,3,0,1
2023-03-16,21,1384,4,0.5607,4,56,3,0,0
2023-03-16,54,135,4,0.6031,0,32,3,0,0
2023-03-16,36,432,5,0.4364,1,19,3,0,0
2023-03-17,42,628,4,0.7019,3,53,3,0,0
2023-03-18,36,1330,6,0.7381,0,172,3,0,1
2023-03-18,18,191,3,0.8416,3,112,3,0,0
2023-03-18,39,188,2,0.8047,5,365,3,0,0
2023-03-18,29,366,4,0.2644,5,365,3,0,0
2023-03-19,34,1130,3,0.7885,2,365,3,0,1
2023-03-19,65,1321,3,0.6431,2,131,3,0,1
2023-03-20,62,1182,5,0.558,2,96,3,0,1
2023-03-20,42,244,4,0.879,5,107,3,0,0
2023-03-20,39,579,3,0.6961,4,365,3,0,0
2023-03-20,30,255,5,0.7967,2,40,3,0,1
2023-03-20,58,1331,6,0.2722,5,122,3,0,0
2023-03-20,42,171,6,0.6317,3,72,3,0,0
2023-03-20,45,1337,5,0.7269,1,365,3,0,0
2023-03-20,62,1431,9,0.6543,3,24,3,0,1
2023-03-20,22,887,1,0.518,5,152,3,0,1
2023-03-21,62,1251,4,0.3267,3,365,3,0,0
2023-03-21,58,1151,4,0.7747,4,1,3,0,0
2023-03-21,40,243,2,0.9226,5,125,3,0,0
2023-03-21,64,1001,7,0.4663,3,34,3,0,0
2023-03-21,20,956,3,0.4102,3,96,3,0,0
2023-03-21,32,758,2,0.7702,5,365,3,0,0
2023-03-22,20,759,3,0.2093,1,365,3,0,0
2023-03-22,44,364,4,0.3507,2,365,3,0,1
2023-03-22,50,308,3,0.2284,0,123,3,0,0
2023-03-22,52,416,5,0.748,2,154,3,0,0
2023-03-23,34,222,1,0.4191,5,105,3,0,0
2023-03-23,47,1312,5,0.6211,1,154,3,0,0
2023-03-23,35,1464,7,0.1233,2,139,3,0,0
2023-03-23,39,276,2,0.6301,5,172,3,0,0
2023-03-24,65,296,9,0.638,3,66,3,0,0
2023-03-24,21,423,4,0.5274,5,365,3,0,1
2023-03-24,63,428,9,0.6292,0,45,3,0,1
2023-03-25,29,611,4,0.6742,4,365,3,0,0
2023-03-25,59,1144,2,0.5905,3,81,3,0,0
2023-03-25,48,1259,7,0.7988,1,144,3,0,1
2023-03-26,20,1171,4,0.7831,0,49,3,0,1
2023-03-26,51,772,2,0.3904,3,365,3,0,0
2023-03-26,39,995,3,0.358,2,156,3,0,0
2023-03-26,53,722,5,0.8093,0,365,3,0,0
2023-03-26,34,1077,7,0.4737,0,54,3,0,1
2023-03-26,59,1177,8,0.6131,3,149,3,0,1
2023-03-27,37,707,5,0.7559,2,35,3,0,0
2023-03-27,43,1116,6,0.8421,3,114,3,0,0
2023-03-27,26,1214,5,0.3718,3,132,3,0,0
2023-03-28,26,1282,6,0.1966,5,88,3,0,0
2023-03-28,44,935,4,0.5646,1,23,3,0,0
2023-03-29,60,1435,6,0.5567,3,123,3,0,1
2023-03-29,59,992,3,0.8199,0,104,3,0,0
2023-03-29,28,381,3,0.134,3,126,3,0,0
2023-03-29,63,856,5,0.4145,1,152,3,0,0
2023-03-29,41,1268,9,0.6582,3,100,3,0,1
2023-03-29,46,992,5,0.5899,4,173,3,0,0
2023-03-29,64,151,2,0.5682,2,365,3,0,1
2023-03-30,42,958,4,0.5186,2,91,3,0,0
2023-03-30,26,692,4,0.3651,5,177,3,0,1
2023-03-30,34,797,6,0.561,4,150,3,0,0
2023-03-30,44,557,3,0.4923,5,27,3,0,1
2023-03-30,61,804,2,0.2083,0,119,3,0,0
2023-03-30,53,164,5,0.4454,1,61,3,0,0
2023-03-31,41,1146,6,0.287,4,365,3,0,0
2023-03-31,23,570,1,0.4954,4,75,3,0,0
2023-03-31,28,501,4,0.403,1,89,3,0,0
2023-03-31,38,392,7,0.6919,0,170,3,0,1
2023-03-31,52,165,5,0.2193,3,98,3,0,0
2023-03-31,25,821,5,0.4571,2,77,3,0,0
2023-04-01,38,591,3,0.6036,0,8,4,0,1
2023-04-01,37,1187,3,0.1236,1,38,4,0,1
2023-04-01,56,935,2,0.5209,1,176,4,0,0
2023-04-01,62,375,7,0.6552,4,365,4,0,0
2023-04-01,30,675,2,0.6766,2,37,4,0,0
2023-04-02,35,513,2,0.342,1,104,4,0,1
2023-04-02,22,1250,2,0.5762,2,365,4,0,0
2023-04-02,53,909,5,0.9514,3,110,4,0,1
2023-04-02,42,1375,7,0.8788,0,365,4,0,1
2023-04-02,51,151,7,0.9029,2,49,4,0,0
2023-04-03,31,531,5,0.2553,4,365,4,0,0
2023-04-04,26,387,4,0.3185,5,0,4,0,1
2023-04-04,48,334,3,0.7409,5,365,4,0,1
2023-04-04,45,1000,3,0.0365,3,365,4,0,0
2023-04-04,59,644,4,0.1597,4,365,4,0,0
2023-04-04,58,704,2,0.8429,5,111,4,0,0
2023-04-04,26,500,6,0.5992,2,175,4,0,1
2023-04-05,47,702,3,0.3633,2,133,4,0,0
2023-04-05,36,1129,4,0.4998,4,178,4,0,1
2023-04-06,59,1122,4,0.7741,4,67,4,0,0
2023-04-06,21,1500,3,0.3417,0,34,4,0,0
2023-04-06,51,748,8,0.8241,2,162,4,0,1
2023-04-07,57,1239,6,0.6188,3,164,4,0,1
2023-04-07,32,827,4,0.8268,4,31,4,0,1
2023-04-07,39,1422,3,0.6322,5,38,4,0,1
2023-04-08,28,784,1,0.4911,5,365,4,0,0
2023-04-08,60,908,3,0.7157,0,17,4,0,0
2023-04-08,34,389,6,0.6387,4,59,4,0,1
2023-04-09,61,1067,2,0.7166,3,22,4,0,1
2023-04-09,64,707,2,0.5148,2,123,4,0,0
2023-04-09,32,948,3,0.1563,5,365,4,0,0
2023-04-09,59,1140,4,0.4122,4,122,4,0,0
2023-04-09,34,466,3,0.4975,0,365,4,0,0
2023-04-09,25,112,4,0.5329,1,107,4,0,1
2023-04-10,33,529,7,0.5317,1,94,4,0,0
2023-04-10,46,1067,3,0.8627,2,89,4,0,0
2023-04-10,59,1042,2,0.907,1,53,4,0,0
2023-04-10,33,1240,2,0.2503,3,66,4,0,0
2023-04-11,50,1213,4,0.8858,1,365,4,0,1
2023-04-11,33,785,3,0.1913,2,34,4,0,0
2023-04-12,48,630,4,0.6227,2,120,4,0,0
2023-04-12,22,745,6,0.7559,3,365,4,0,1
2023-04-12,21,626,3,0.362,0,175,4,0,0
2023-04-12,38,1273,5,0.1318,2,365,4,0,0
2023-04-12,30,982,7,0.7003,3,142,4,0,1
2023-04-12,29,1269,4,0.368,3,365,4,0,0
2023-04-12,34,1350,4,0.2751,4,365,4,0,0
2023-04-13,62,1275,7,0.5639,5,165,4,0,0
2023-04-14,22,422,5,0.8229,4,155,4,0,1
2023-04-14,51,585,2,0.3717,4,167,4,0,0
2023-04-14,29,997,5,0.4847,0,118,4,0,1
2023-04-14,64,196,2,0.2352,4,147,4,0,0
2023-04-14,60,403,4,0.792,2,25,4,0,0
2023-04-14,47,1042,4,0.2747,0,20,4,0,0
2023-04-14,36,1444,6,0.4923,4,48,4,0,1
2023-04-14,25,356,5,0.43,5,36,4,0,0
2023-04-14,18,224,2,0.4413,0,8,4,0,0
2023-04-15,24,1039,4,0.4295,3,365,4,0,0
2023-04-15,44,513,5,0.9476,1,169,4,0,0
2023-04-15,31,607,2,0.6505,5,365,4,0,0
2023-04-15,59,1102,7,0.3778,5,365,4,0,1
2023-04-15,24,893,2,0.5085,1,64,4,0,1
2023-04-15,45,834,7,0.1972,0,105,4,0,0
2023-04-16,40,256,3,0.5353,4,9,4,0,0
2023-04-16,19,1453,6,0.4597,0,365,4,0,0
2023-04-16,46,346,3,0.6499,2,99,4,0,0
2023-04-16,46,828,6,0.6319,1,53,4,0,0
2023-04-16,54,255,2,0.6576,2,152,4,0,0
2023-04-16,26,1463,4,0.3404,3,365,4,0,0
2023-04-17,33,912,1,0.6995,2,172,4,0,0
2023-04-17,47,847,2,0.2276,0,118,4,0,0
2023-04-17,37,499,4,0.8174,5,365,4,0,0
2023-04-18,23,1289,6,0.5636,3,46,4,0,0
2023-04-18,50,655,5,0.9068,1,94,4,0,1
2023-04-18,31,1454,7,0.7746,5,98,4,0,0
2023-04-18,41,445,4,0.3139,5,124,4,0,0
2023-04-19,19,1491,3,0.3831,4,365,4,0,0
2023-04-19,29,142,7,0.4166,3,73,4,0,0
2023-04-19,20,254,2,0.3026,1,22,4,0,0
2023-04-20,28,406,3,0.6108,0,75,4,0,1
2023-04-20,29,383,2,0.5156,4,365,4,0,0
2023-04-20,58,883,6,0.5364,2,27,4,0,0
2023-04-21,45,792,4,0.4168,4,17,4,0,0
2023-04-21,52,1143,4,0.2908,4,109,4,0,0
2023-04-21,34,511,1,0.9546,2,133,4,0,1
2023-04-21,33,322,6,0.0802,2,365,4,0,1
2023-04-21,57,1284,3,0.5983,3,41,4,0,0
2023-04-22,62,883,2,0.4947,2,22,4,0,0
2023-04-22,18,410,1,0.8878,0,15,4,0,0
2023-04-22,21,231,6,0.5324,0,60,4,0,0
2023-04-22,42,157,4,0.558,0,150,4,0,1
2023-04-22,55,1278,2,0.6606,1,63,4,0,1
2023-04-22,19,1341,2,0.7419,0,165,4,0,1
2023-04-23,56,1405,3,0.4821,1,98,4,0,0
2023-04-23,19,385,10,0.4912,0,28,4,0,0
2023-04-23,22,1233,7,0.7326,4,125,4,0,0
2023-04-23,52,929,3,0.3262,0,142,4,0,0
2023-04-23,47,640,3,0.3361,0,54,4,0,0
2023-04-24,55,634,4,0.2795,0,24,4,0,0
2023-04-24,55,130,3,0.423,0,127,4,0,0
2023-04-24,51,436,4,0.4122,4,149,4,0,0
2023-04-24,44,1477,5,0.1635,3,365,4,0,0
2023-04-24,35,109,7,0.4227,2,83,4,0,0
2023-04-25,57,1384,9,0.3924,4,149,4,0,1
2023-04-25,53,227,4,0.29,4,365,4,0,1
2023-04-25,22,1206,4,0.5082,4,150,4,0,0
2023-04-25,25,615,7,0.7852,0,157,4,0,0
2023-04-25,23,1367,6,0.4277,3,79,4,0,1
2023-04-25,49,1215,2,0.2562,5,365,4,0,0
2023-04-25,35,1037,3,0.6521,5,126,4,0,0
2023-04-26,31,1400,5,0.4676,2,365,4,0,0
2023-04-26,50,377,4,0.1305,3,365,4,0,0
2023-04-26,58,105,5,0.6569,5,50,4,0,0
2023-04-26,27,1118,2,0.2708,3,148,4,0,1
2023-04-26,26,981,5,0.9006,5,117,4,0,0
2023-04-26,28,1154,0,0.1724,1,83,4,0,1
2023-04-26,63,1498,3,0.3696,2,135,4,0,0
2023-04-27,23,1200,3,0.6151,2,15,4,0,0
2023-04-27,59,279,4,0.591,1,365,4,0,1
2023-04-27,49,339,1,0.6299,3,112,4,0,1
2023-04-27,45,658,3,0.7861,4,365,4,0,1
2023-04-27,31,722,8,0.8248,1,115,4,0,1
2023-04-28,55,843,5,0.8713,5,143,4,0,1
2023-04-28,22,259,4,0.181,1,18,4,0,0
2023-04-28,48,354,3,0.1895,1,8,4,0,0
2023-04-29,33,368,5,0.4263,4,129,4,0,0
2023-04-29,53,604,6,0.2438,5,145,4,0,0
2023-04-29,33,795,2,0.5965,4,365,4,0,0
2023-04-29,41,1270,3,0.9679,4,74,4,0,0
2023-04-29,37,1034,4,0.412,3,163,4,0,0
2023-04-29,29,1087,1,0.4065,1,139,4,0,0
2023-04-30,40,942,7,0.3479,1,72,4,0,1
2023-04-30,50,1231,5,0.4941,1,57,4,0,0
2023-04-30,54,370,4,0.777,2,162,4,0,0
2023-04-30,62,594,0,0.1456,2,117,4,0,0
2023-04-30,64,922,3,0.5645,2,171,4,0,0
2023-05-01,21,360,7,0.1149,0,155,5,0,1
2023-05-01,61,205,7,0.1246,3,5,5,0,0
2023-05-02,52,813,2,0.0659,3,175,5,0,0
2023-05-02,19,335,2,0.5212,0,31,5,0,0
2023-05-02,21,804,3,0.5612,2,111,5,0,0
2023-05-03,39,1272,3,0.4182,2,41,5,0,1
2023-05-03,40,93,4,0.5145,5,24,5,0,0
2023-05-03,45,1298,8,0.489,5,365,5,0,0
2023-05-04,41,758,3,0.2139,3,93,5,0,0
2023-05-04,27,926,2,0.5683,2,61,5,0,1
2023-05-04,36,930,3,0.418,1,135,5,0,0
2023-05-04,23,1295,1,0.7156,3,44,5,0,1
2023-05-05,42,1256,5,0.2995,4,166,5,0,0
2023-05-05,64,1485,4,0.5664,0,179,5,0,1
2023-05-05,19,1030,3,0.1843,2,127,5,0,0
2023-05-05,58,870,2,0.5982,5,161,5,0,0
2023-05-05,40,986,2,0.7531,2,126,5,0,0
2023-05-05,30,397,5,0.7859,0,98,5,0,1
2023-05-05,52,869,5,0.6159,1,36,5,0,0
2023-05-05,59,1161,3,0.6655,3,0,5,0,0
2023-05-05,42,1141,5,0.4312,4,365,5,0,0
2023-05-05,37,153,4,0.3951,0,169,5,0,0
2023-05-05,48,142,3,0.1444,5,119,5,0,0
2023-05-06,23,1316,4,0.8333,5,365,5,0,0
2023-05-06,45,1282,1,0.275,3,365,5,0,0
2023-05-06,48,744,5,0.6814,5,93,5,0,0
2023-05-06,43,1195,4,0.8757,3,91,5,0,0
2023-05-07,33,530,4,0.5674,4,177,5,0,0
2023-05-07,61,431,4,0.7937,1,100,5,0,0
2023-05-08,23,331,6,0.5326,0,365,5,0,0
2023-05-08,27,136,2,0.7702,4,145,5,0,0
2023-05-08,37,427,1,0.5654,5,94,5,0,0
2023-05-08,65,128,1,0.78,1,61,5,0,1
2023-05-08,28,573,1,0.1988,3,365,5,0,1
2023-05-09,31,1451,1,0.5612,4,16,5,0,0
2023-05-09,45,870,5,0.6655,1,28,5,0,0
2023-05-09,43,383,6,0.3723,2,127,5,0,0
2023-05-09,47,626,0,0.5429,5,114,5,0,0
2023-05-09,27,948,4,0.5818,4,100,5,0,0
2023-05-09,37,1332,5,0.8455,1,91,5,0,1
2023-05-09,39,126,9,0.3354,1,365,5,0,0
2023-05-10,22,1468,4,0.2532,2,75,5,0,0
2023-05-10,29,1095,2,0.707,0,162,5,0,0
2023-05-10,34,452,4,0.7242,1,147,5,0,0
2023-05-11,27,296,5,0.5726,2,100,5,0,1
2023-05-11,64,1335,7,0.409,1,365,5,0,0
2023-05-11,34,412,2,0.2679,0,23,5,0,0
2023-05-11,36,1284,3,0.8097,5,106,5,0,0
2023-05-11,24,523,4,0.1961,4,163,5,0,1
2023-05-11,51,530,3,0.6978,5,173,5,0,0
2023-05-12,23,531,3,0.721,5,75,5,0,1
2023-05-12,27,1048,3,0.2959,1,365,5,0,0
2023-05-12,24,799,1,0.518,3,365,5,0,0
2023-05-12,40,431,6,0.6806,5,131,5,0,0
2023-05-13,25,786,7,0.2386,5,55,5,0,0
2023-05-14,36,938,5,0.7805,4,159,5,0,0
2023-05-14,32,1428,7,0.1957,2,65,5,0,0
2023-05-14,36,944,2,0.6849,5,58,5,0,0
2023-05-14,37,883,5,0.3469,5,365,5,0,1
2023-05-14,29,155,7,0.1905,0,365,5,0,0
2023-05-14,30,313,8,0.6207,1,99,5,0,1
2023-05-14,34,619,3,0.4194,1,63,5,0,0
2023-05-14,48,798,2,0.48,4,365,5,0,0
2023-05-15,30,111,5,0.2182,0,36,5,0,0
2023-05-15,44,1075,4,0.6268,3,119,5,0,1
2023-05-15,63,250,7,0.6225,0,365,5,0,0
2023-05-16,54,122,3,0.4614,1,14,5,0,0
2023-05-16,64,712,4,0.5026,1,84,5,0,1
2023-05-16,65,1196,3,0.7166,2,62,5,0,0
2023-05-16,37,404,1,0.3912,0,99,5,0,0
2023-05-16,18,1116,8,0.6337,4,116,5,0,1
2023-05-17,41,983,7,0.802,3,365,5,0,1
2023-05-17,57,449,3,0.5224,0,112,5,0,0
2023-05-18,48,1014,6,0.2957,0,30,5,0,0
2023-05-18,34,1011,3,0.5946,2,69,5,0,1
2023-05-18,22,500,3,0.3493,3,73,5,0,1
2023-05-19,29,931,3,0.7661,2,365,5,0,0
2023-05-19,41,1088,1,0.2646,5,157,5,0,0
2023-05-19,53,1224,2,0.2694,4,25,5,0,0
2023-05-20,51,426,2,0.85,0,365,5,0,0
2023-05-20,43,391,8,0.2368,0,80,5,0,1
2023-05-20,38,1009,2,0.6687,2,80,5,0,0
2023-05-21,20,594,4,0.6189,5,38,5,0,0
2023-05-21,19,743,1,0.6174,1,365,5,0,1
2023-05-21,63,1097,6,0.2554,0,114,5,0,1
2023-05-21,19,209,2,0.6117,2,131,5,0,0
2023-05-22,33,1483,7,0.7365,4,365,5,0,0
2023-05-22,23,1357,6,0.7434,4,81,5,0,0
2023-05-23,22,1350,6,0.7189,5,173,5,0,1
2023-05-23,42,682,5,0.212,0,55,5,0,0
2023-05-23,41,843,5,0.8961,3,365,5,0,1
2023-05-24,46,98,5,0.2332,0,24,5,0,0
2023-05-24,26,203,1,0.8491,5,365,5,0,0
2023-05-25,63,356,6,0.4129,3,8,5,0,0
2023-05-25,29,110,4,0.7443,0,84,5,0,1
2023-05-26,42,1471,6,0.6864,0,68,5,0,1
2023-05-26,52,488,3,0.7592,1,69,5,0,0
2023-05-26,21,1159,4,0.6424,1,22,5,0,0
2023-05-26,56,491,7,0.9195,4,26,5,0,1
2023-05-26,49,181,3,0.5259,3,89,5,0,0
2023-05-27,51,419,4,0.8774,3,38,5,0,0
2023-05-27,52,597,3,0.6846,0,57,5,0,0
2023-05-27,61,807,8,0.5421,0,365,5,0,0
2023-05-27,59,1176,4,0.3745,1,365,5,0,0
2023-05-27,61,978,7,0.2867,1,147,5,0,0
2023-05-27,36,1192,3,0.7186,5,133,5,0,1
2023-05-27,46,521,3,0.713,4,69,5,0,0
2023-05-28,32,817,4,0.634,5,117,5,0,0
2023-05-28,40,1048,3,0.5452,1,56,5,0,1
2023-05-28,45,1052,5,0.6878,3,365,5,0,0
2023-05-29,32,1402,2,0.6214,5,98,5,0,1
2023-05-29,64,207,3,0.8043,2,164,5,0,0
2023-05-29,65,504,6,0.2296,1,118,5,0,0
2023-05-29,58,624,3,0.3543,4,129,5,0,0
2023-05-29,62,864,5,0.5875,2,100,5,0,1
2023-05-29,63,885,6,0.4795,0,51,5,0,1
2023-05-29,44,1209,2,0.4544,1,74,5,0,0
2023-05-29,59,1074,4,0.2189,5,46,5,0,0
2023-05-30,63,1099,3,0.4102,5,125,5,0,0
2023-05-31,34,1097,1,0.518,0,365,5,0,1
2023-05-31,62,560,4,0.5334,5,25,5,0,0
2023-05-31,60,130,2,0.132,2,132,5,0,0
2023-05-31,26,866,3,0.5252,1,160,5,0,1
2023-06-01,61,1279,6,0.6667,2,77,6,0,0
2023-06-01,42,837,8,0.5777,4,18,6,0,0
2023-06-01,55,1202,3,0.6896,3,38,6,0,0
2023-06-01,31,1205,0,0.7523,1,163,6,0,0
2023-06-01,27,777,1,0.2608,0,144,6,0,0
2023-06-01,27,1245,2,0.8888,1,45,6,0,1
2023-06-02,61,360,3,0.3623,5,64,6,0,1
2023-06-02,23,1015,2,0.4146,2,21,6,0,1
2023-06-02,18,1353,6,0.6905,5,365,6,0,0
2023-06-02,29,864,7,0.7841,3,6,6,0,0
2023-06-03,45,457,2,0.6317,4,82,6,0,0
2023-06-03,55,1070,7,0.5776,5,129,6,0,0
2023-06-03,44,674,2,0.7339,5,78,6,0,0
2023-06-03,23,1271,5,0.5061,0,89,6,0,0
2023-06-04,35,947,3,0.5002,5,31,6,0,0
2023-06-04,48,356,9,0.5584,2,79,6,0,0
2023-06-04,52,1017,3,0.3861,5,75,6,0,0
2023-06-05,62,654,1,0.8305,3,23,6,0,0
2023-06-05,52,808,4,0.6785,2,365,6,0,0
2023-06-05,44,902,2,0.4175,3,25,6,0,0
2023-06-06,53,818,7,0.4791,5,365,6,0,0
2023-06-07,51,1347,6,0.5155,1,101,6,0,0
2023-06-07,43,681,7,0.6048,0,365,6,0,0
2023-06-07,43,500,6,0.2968,2,365,6,0,1
2023-06-07,54,995,4,0.8725,5,33,6,0,0
2023-06-07,24,1076,4,0.4427,3,40,6,0,1
2023-06-08,37,793,6,0.5503,3,365,6,0,1
2023-06-08,37,826,3,0.5602,2,365,6,0,1
2023-06-08,53,560,6,0.8726,2,365,6,0,0
2023-06-09,61,575,4,0.2127,0,365,6,0,0
2023-06-09,40,1469,2,0.466,5,1,6,0,0
2023-06-09,44,550,9,0.1006,5,47,6,0,0
2023-06-09,29,633,3,0.5478,0,143,6,0,1
2023-06-09,35,861,5,0.2271,0,73,6,0,1
2023-06-09,27,563,5,0.757,1,19,6,0,1
2023-06-10,19,472,8,0.5196,1,365,6,0,1
2023-06-10,51,843,3,0.5114,4,151,6,0,0
2023-06-10,48,930,4,0.7315,4,68,6,0,0
2023-06-10,27,311,5,0.3073,4,365,6,0,0
2023-06-12,30,1222,3,0.1453,0,365,6,0,0
2023-06-12,51,1103,1,0.853,5,146,6,0,0
2023-06-12,46,444,3,0.7328,3,124,6,0,1
2023-06-12,65,1142,7,0.3367,0,365,6,0,0
2023-06-13,22,180,2,0.736,4,155,6,0,0
2023-06-13,37,95,5,0.6816,5,132,6,0,0
2023-06-13,21,1230,7,0.7135,4,42,6,0,0
2023-06-13,19,1363,2,0.4286,0,27,6,0,1
2023-06-14,20,1028,4,0.1627,2,103,6,0,0
2023-06-14,40,1231,6,0.2972,4,146,6,0,0
2023-06-15,23,1271,3,0.4714,1,36,6,0,0
2023-06-15,49,1069,8,0.84,0,68,6,0,1
2023-06-15,22,1206,2,0.6048,5,18,6,0,0
2023-06-15,39,635,3,0.3688,4,107,6,0,0
2023-06-15,26,230,4,0.6847,4,2,6,0,0
2023-06-16,25,1035,4,0.3211,1,365,6,0,0
2023-06-17,44,558,3,0.3702,4,365,6,0,0
2023-06-17,40,688,4,0.2952,1,41,6,0,0
2023-06-17,35,308,6,0.8106,1,25,6,0,0
2023-06-17,21,895,4,0.1998,0,50,6,0,0
2023-06-18,56,1495,5,0.2469,0,100,6,0,1
2023-06-18,62,930,5,0.8491,4,77,6,0,1
2023-06-18,40,686,4,0.3603,4,89,6,0,0
2023-06-18,57,432,4,0.6489,5,76,6,0,0
2023-06-18,65,527,4,0.512,3,51,6,0,0
2023-06-18,30,1020,11,0.4193,3,32,6,0,0
2023-06-19,51,1097,9,0.6984,0,30,6,0,0
2023-06-20,43,663,4,0.1114,4,365,6,0,0
2023-06-20,60,1402,5,0.4548,4,98,6,0,0
2023-06-20,52,1462,3,0.3979,3,157,6,0,0
2023-06-21,41,895,4,0.168,1,62,6,0,0
2023-06-21,50,981,6,0.4785,3,25,6,0,0
2023-06-21,31,746,4,0.7782,5,365,6,0,0
2023-06-22,39,747,3,0.8914,2,4,6,0,0
2023-06-22,60,1030,6,0.6628,4,71,6,0,1
2023-06-22,27,602,11,0.1491,5,84,6,0,0
2023-06-23,50,641,4,0.5035,1,365,6,0,0
2023-06-23,63,300,3,0.6099,5,174,6,0,0
2023-06-24,46,1029,5,0.4608,1,115,6,0,0
2023-06-24,53,263,3,0.5028,1,365,6,0,0
2023-06-24,23,1304,6,0.9071,2,365,6,0,1
2023-06-24,38,1159,3,0.5833,3,69,6,0,1
2023-06-25,50,1114,2,0.7119,2,116,6,0,1
2023-06-25,59,1343,7,0.6881,1,179,6,0,0
2023-06-25,26,666,1,0.3209,0,179,6,0,1
2023-06-26,42,605,1,0.7937,4,84,6,0,0
2023-06-26,60,1101,3,0.3455,3,113,6,0,0
2023-06-26,58,915,4,0.7921,0,168,6,0,1
2023-06-26,28,323,4,0.4313,5,365,6,0,0
2023-06-26,22,1003,5,0.8224,3,124,6,0,0
2023-06-27,33,132,2,0.3814,0,158,6,0,0
2023-06-27,56,480,3,0.504,3,96,6,0,0
2023-06-27,60,385,5,0.698,1,365,6,0,1
2023-06-27,52,1246,3,0.4931,5,100,6,0,0
2023-06-28,56,311,5,0.5074,2,2,6,0,0
2023-06-28,57,805,3,0.5781,0,19,6,0,1
2023-06-28,26,1465,2,0.1876,5,117,6,0,0
2023-06-28,64,1491,7,0.522,3,27,6,0,0
2023-06-28,45,385,3,0.9227,3,4,6,0,1
2023-06-29,48,245,3,0.1805,3,178,6,0,0
2023-06-29,61,590,5,0.7518,4,103,6,0,0
2023-06-29,60,922,10,0.6522,2,365,6,0,0
2023-06-29,18,1350,1,0.9663,1,365,6,0,1
2023-07-01,25,1369,3,0.7804,1,49,7,0,0
2023-07-01,55,314,9,0.2405,2,145,7,0,0
2023-07-01,46,1077,3,0.6926,1,29,7,0,0
2023-07-01,38,1497,5,0.7363,5,174,7,0,1
2023-07-01,34,1229,3,0.5363,4,0,7,0,0
2023-07-01,38,835,2,0.2545,3,365,7,0,0
2023-07-02,36,1238,4,0.8189,1,9,7,0,0
2023-07-02,48,873,2,0.2375,4,31,7,0,0
2023-07-02,24,675,4,0.8056,1,138,7,0,1
2023-07-03,18,343,3,0.3467,5,365,7,0,0
2023-07-04,30,715,3,0.4107,1,365,7,0,1
2023-07-04,63,1103,4,0.2384,3,41,7,0,0
2023-07-04,62,393,3,0.3406,5,177,7,0,0
2023-07-04,25,945,4,0.5137,1,131,7,0,1
2023-07-05,35,664,5,0.3409,0,7,7,0,0
2023-07-05,59,241,7,0.6262,3,168,7,0,0
2023-07-05,44,333,4,0.7544,0,115,7,0,1
2023-07-05,63,198,5,0.287,5,140,7,0,0
2023-07-06,24,209,6,0.692,0,20,7,0,1
2023-07-06,31,164,3,0.3507,5,124,7,0,0
2023-07-06,43,921,5,0.5141,2,5,7,0,0
2023-07-06,32,863,1,0.1837,5,46,7,0,0
2023-07-07,65,513,4,0.2963,2,69,7,0,1
2023-07-07,20,1469,3,0.5132,3,87,7,0,1
2023-07-07,26,978,5,0.9026,2,81,7,0,1
2023-07-07,60,1273,6,0.1442,4,13,7,0,0
2023-07-07,33,236,3,0.6766,2,365,7,0,0
2023-07-07,28,581,2,0.6641,1,100,7,0,0
2023-07-07,31,956,5,0.4241,0,110,7,0,0
2023-07-07,21,426,4,0.4227,5,10,7,0,0
2023-07-07,61,361,3,0.6971,2,119,7,0,0
2023-07-08,48,769,2,0.8621,4,365,7,0,0
2023-07-08,36,893,3,0.8253,0,41,7,0,1
2023-07-08,64,549,5,0.8051,2,8,7,0,1
2023-07-08,62,343,3,0.7726,2,87,7,0,0
2023-07-09,36,1120,3,0.8198,2,46,7,0,1
2023-07-09,20,785,3,0.8289,1,145,7,0,0
2023-07-09,40,1100,3,0.3306,2,132,7,0,1
2023-07-09,53,108,6,0.4549,0,10,7,0,1
2023-07-09,50,1376,6,0.6676,2,103,7,0,1
2023-07-09,29,1285,5,0.2743,0,22,7,0,0
2023-07-09,32,827,4,0.4465,0,106,7,0,1
2023-07-09,53,1189,5,0.8926,4,157,7,0,1
2023-07-10,46,994,3,0.8157,4,19,7,0,0
2023-07-10,38,454,5,0.7726,2,57,7,0,0
2023-07-10,65,351,3,0.4914,5,13,7,0,0
2023-07-10,27,1498,6,0.4418,0,365,7,0,0
2023-07-11,59,864,2,0.8322,0,61,7,0,1
2023-07-11,37,383,2,0.9211,5,115,7,0,1
2023-07-11,44,1393,6,0.6291,1,6,7,0,1
2023-07-11,34,730,3,0.3393,1,20,7,0,1
2023-07-12,54,255,5,0.074,3,155,7,0,0
2023-07-12,48,244,1,0.6449,1,52,7,0,0
2023-07-12,26,1487,6,0.6026,5,365,7,0,0
2023-07-13,31,1089,4,0.8165,4,136,7,0,0
2023-07-13,35,642,4,0.4342,1,73,7,0,0
2023-07-14,19,1313,9,0.6648,3,149,7,0,1
2023-07-14,34,97,4,0.8472,3,116,7,0,0
2023-07-14,36,1404,3,0.5864,0,365,7,0,0
2023-07-15,62,754,6,0.7533,2,15,7,0,0
2023-07-15,53,626,4,0.8146,2,166,7,0,1
2023-07-15,42,715,3,0.1868,3,177,7,0,0
2023-07-15,36,1000,5,0.6673,4,365,7,0,0
2023-07-15,55,647,4,0.5425,1,365,7,0,0
2023-07-16,41,1061,5,0.8121,5,365,7,0,1
2023-07-16,48,898,5,0.2594,5,96,7,0,0
2023-07-16,37,782,4,0.9601,3,79,7,0,1
2023-07-17,64,162,4,0.4191,4,365,7,0,0
2023-07-17,43,573,5,0.8626,0,49,7,0,1
2023-07-17,22,709,4,0.3112,2,365,7,0,0
2023-07-17,65,872,7,0.4819,2,21,7,0,0
2023-07-18,19,478,6,0.7752,4,95,7,0,0
2023-07-18,54,1033,1,0.3089,2,157,7,0,0
2023-07-18,29,756,6,0.847,0,38,7,0,1
2023-07-19,63,1089,6,0.6701,3,80,7,0,0
2023-07-19,31,1395,8,0.1909,4,9,7,0,0
2023-07-19,28,240,6,0.8818,2,64,7,0,1
2023-07-19,55,499,4,0.1403,3,166,7,0,0
2023-07-19,57,521,5,0.7458,3,142,7,0,1
2023-07-19,53,1338,4,0.5148,5,64,7,0,0
2023-07-20,39,187,6,0.4364,2,118,7,0,1
2023-07-20,58,402,7,0.2084,4,365,7,0,1
2023-07-20,56,1336,3,0.4602,0,152,7,0,1
2023-07-20,65,1347,2,0.6327,5,163,7,0,1
2023-07-20,50,385,4,0.2145,1,25,7,0,0
2023-07-20,57,832,3,0.4428,4,69,7,0,0
2023-07-21,53,1131,7,0.4658,3,365,7,0,0
2023-07-21,63,1472,6,0.3323,3,10,7,0,0
2023-07-21,28,708,4,0.5343,3,164,7,0,0
2023-07-21,27,282,8,0.3953,1,155,7,0,1
2023-07-22,60,117,1,0.644,1,17,7,0,0
2023-07-22,62,1272,5,0.7639,3,32,7,0,0
2023-07-23,37,1255,2,0.4267,3,365,7,0,0
2023-07-23,40,1206,3,0.0831,0,154,7,0,0
2023-07-23,36,750,6,0.5662,1,66,7,0,0
2023-07-23,43,756,6,0.7333,5,148,7,0,1
2023-07-24,19,878,4,0.9037,2,54,7,0,1
2023-07-24,40,1444,5,0.5997,2,60,7,0,0
2023-07-24,58,1007,3,0.5359,3,171,7,0,0
2023-07-24,54,1363,5,0.4859,4,96,7,0,0
2023-07-24,45,900,5,0.8196,2,25,7,0,1
2023-07-24,31,898,3,0.322,3,69,7,0,0
2023-07-25,53,685,2,0.1669,4,17,7,0,0
2023-07-25,38,851,7,0.5944,0,174,7,0,1
2023-07-25,48,1365,3,0.8635,5,59,7,0,0
2023-07-25,40,381,1,0.3708,5,179,7,0,0
2023-07-26,36,104,4,0.2902,3,17,7,0,0
2023-07-26,60,1093,2,0.7738,5,37,7,0,0
2023-07-26,48,1401,4,0.6481,4,73,7,0,0
2023-07-26,19,122,4,0.1874,5,89,7,0,0
2023-07-26,56,533,5,0.2433,4,21,7,0,0
2023-07-27,36,1275,6,0.8326,4,150,7,0,0
2023-07-27,27,1099,6,0.6132,5,65,7,0,0
2023-07-27,32,1492,8,0.5252,1,365,7,0,0
2023-07-27,54,1130,3,0.4958,1,25,7,0,0
2023-07-27,58,1024,4,0.4624,5,365,7,0,0
2023-07-27,65,1063,9,0.9328,0,120,7,0,0
2023-07-28,37,370,2,0.7785,0,365,7,0,0
2023-07-28,53,395,6,0.7626,3,146,7,0,1
2023-07-29,18,907,7,0.1618,5,155,7,0,0
2023-07-29,44,525,3,0.7824,5,52,7,0,0
2023-07-29,60,971,2,0.4834,3,161,7,0,0
2023-07-29,31,303,8,0.7275,1,72,7,0,0
2023-07-30,57,1241,5,0.5328,5,69,7,0,1
2023-07-30,59,1297,6,0.7779,3,148,7,0,0
2023-07-30,48,999,2,0.4073,2,115,7,0,0
2023-07-30,32,771,5,0.6351,3,13,7,0,0
2023-07-31,29,979,5,0.7656,2,365,7,0,1
2023-07-31,57,1052,4,0.4049,5,154,7,0,0
2023-07-31,27,551,4,0.4953,2,365,7,0,0
2023-07-31,57,645,5,0.3653,1,365,7,0,0
2023-07-31,29,206,9,0.6789,3,7,7,0,0
2023-07-31,60,833,4,0.5662,2,10,7,0,0
2023-08-01,43,1182,6,0.1394,0,131,8,1,0
2023-08-01,60,1209,2,0.3526,0,365,8,1,0
2023-08-01,19,775,4,0.6666,1,116,8,1,1
2023-08-01,60,585,5,0.7399,1,103,8,1,0
2023-08-01,30,106,2,0.7867,5,46,8,1,0
2023-08-02,54,694,3,0.6869,1,70,8,1,0
2023-08-02,25,1185,2,0.3714,5,112,8,1,0
2023-08-02,39,968,7,0.3985,3,116,8,1,0
2023-08-02,47,271,3,0.5365,3,135,8,1,1
2023-08-02,24,1037,2,0.6331,1,7,8,1,0
2023-08-02,55,1487,3,0.1132,1,178,8,1,0
2023-08-03,46,1105,6,0.2381,1,47,8,1,1
2023-08-03,37,330,3,0.8046,1,175,8,1,1
2023-08-03,34,1062,4,0.2092,2,365,8,1,0
2023-08-03,37,940,4,0.5873,2,80,8,1,0
2023-08-04,57,475,6,0.0803,3,118,8,1,0
2023-08-04,27,570,8,0.4428,2,32,8,1,0
2023-08-05,51,911,3,0.4008,2,60,8,1,0
2023-08-05,61,1386,1,0.5394,0,30,8,1,1
2023-08-05,32,1208,8,0.8327,0,365,8,1,1
2023-08-05,19,1425,8,0.323,2,96,8,1,0
2023-08-05,50,660,4,0.547,3,96,8,1,0
2023-08-05,34,1347,0,0.8613,3,154,8,1,1
2023-08-05,56,931,4,0.6557,3,79,8,1,0
2023-08-05,44,1376,7,0.8443,0,129,8,1,1
2023-08-06,20,660,4,0.8105,5,4,8,1,1
2023-08-06,52,167,4,0.4567,1,144,8,1,0
2023-08-07,35,697,5,0.3711,4,60,8,1,0
2023-08-07,40,1180,4,0.3135,3,68,8,1,0
2023-08-07,42,1195,5,0.1889,1,11,8,1,1
2023-08-07,39,336,7,0.4528,4,101,8,1,0
2023-08-08,52,649,4,0.9189,3,145,8,1,1
2023-08-08,43,787,1,0.7445,5,59,8,1,0
2023-08-08,61,1148,6,0.3463,0,93,8,1,1
2023-08-08,51,717,4,0.5601,4,164,8,1,1
2023-08-08,19,535,2,0.4396,4,365,8,1,0
2023-08-08,25,1090,4,0.8927,0,16,8,1,0
2023-08-08,45,827,4,0.5793,2,123,8,1,0
2023-08-08,39,319,2,0.7117,1,17,8,1,1
2023-08-08,44,1359,8,0.5859,2,365,8,1,1
2023-08-09,57,1091,4,0.2027,2,2,8,1,0
2023-08-09,28,565,2,0.6162,1,23,8,1,0
2023-08-10,58,935,7,0.9286,3,93,8,1,0
2023-08-10,51,829,5,0.5584,3,37,8,1,1
2023-08-11,61,507,5,0.1613,3,39,8,1,0
2023-08-11,35,304,3,0.6067,2,88,8,1,1
2023-08-11,52,420,3,0.5501,4,148,8,1,1
2023-08-11,50,261,3,0.8084,4,57,8,1,0
2023-08-11,65,1061,4,0.3217,3,3,8,1,0
2023-08-12,25,213,5,0.2145,0,1,8,1,0
2023-08-13,38,623,3,0.8294,2,57,8,1,1
2023-08-13,50,1204,4,0.2625,1,128,8,1,0
2023-08-13,37,276,3,0.5174,4,365,8,1,1
2023-08-13,49,604,2,0.2588,4,10,8,1,0
2023-08-13,27,1085,2,0.4812,2,171,8,1,0
2023-08-13,47,1460,4,0.8767,3,365,8,1,0
2023-08-14,20,711,7,0.686,2,365,8,1,0
2023-08-14,23,1300,3,0.1501,5,365,8,1,0
2023-08-14,26,378,5,0.3752,1,365,8,1,0
2023-08-14,46,381,8,0.9594,3,365,8,1,1
2023-08-14,41,157,4,0.259,3,167,8,1,0
2023-08-15,19,1393,4,0.6407,4,365,8,1,0
2023-08-15,19,548,6,0.6574,4,139,8,1,0
2023-08-15,34,1003,3,0.3804,1,25,8,1,0
2023-08-15,37,583,3,0.0745,2,89,8,1,0
2023-08-15,39,1466,3,0.2593,5,159,8,1,0
2023-08-16,63,244,7,0.3759,5,116,8,1,0
2023-08-16,24,910,3,0.5605,4,365,8,1,0
2023-08-16,55,778,4,0.1892,4,75,8,1,0
2023-08-16,37,734,6,0.553,5,106,8,1,1
2023-08-17,57,175,3,0.3095,4,11,8,1,1
2023-08-17,50,448,5,0.803,2,92,8,1,0
2023-08-17,42,1202,8,0.6562,2,137,8,1,0
2023-08-17,40,934,4,0.9887,5,92,8,1,0
2023-08-18,55,437,5,0.3319,3,125,8,1,0
2023-08-18,62,1499,5,0.2324,5,15,8,1,0
2023-08-18,42,119,5,0.3928,0,77,8,1,1
2023-08-18,42,1062,2,0.3314,0,167,8,1,0
2023-08-18,19,1004,7,0.6907,5,30,8,1,0
2023-08-18,28,445,2,0.885,3,365,8,1,0
2023-08-19,58,1486,5,0.7397,4,60,8,1,0
2023-08-19,27,418,3,0.6361,2,176,8,1,1
2023-08-20,50,1300,3,0.7553,0,9,8,1,1
2023-08-20,32,1269,2,0.2985,1,173,8,1,0
2023-08-20,34,1024,4,0.2436,2,135,8,1,0
2023-08-21,59,1361,2,0.33,4,365,8,1,0
2023-08-21,43,426,7,0.4825,0,365,8,1,1
2023-08-21,37,1430,1,0.6566,2,175,8,1,1
2023-08-22,60,641,3,0.2259,5,95,8,1,0
2023-08-22,43,528,4,0.1226,5,144,8,1,0
2023-08-22,24,661,6,0.4427,2,137,8,1,0
2023-08-22,44,448,5,0.4175,2,153,8,1,0
2023-08-23,60,771,5,0.75,2,365,8,1,1
2023-08-23,41,225,5,0.5286,3,81,8,1,0
2023-08-23,55,252,6,0.4838,5,68,8,1,0
2023-08-23,43,995,10,0.6699,3,7,8,1,1
2023-08-23,38,833,3,0.8402,0,122,8,1,0
2023-08-24,32,237,3,0.4502,3,19,8,1,0
2023-08-24,38,1107,7,0.2043,4,101,8,1,0
2023-08-25,40,421,4,0.6334,3,106,8,1,0
2023-08-25,46,114,1,0.0943,3,32,8,1,0
2023-08-26,21,1126,3,0.4631,2,109,8,1,1
2023-08-26,45,1218,1,0.7957,3,50,8,1,0
2023-08-27,26,913,4,0.4445,5,165,8,1,0
2023-08-27,48,597,0,0.7733,2,125,8,1,0
2023-08-27,26,713,4,0.4203,2,18,8,1,0
2023-08-27,24,916,4,0.398,0,0,8,1,1
2023-08-27,44,1144,3,0.1366,5,93,8,1,0
2023-08-28,32,811,3,0.5465,0,26,8,1,0
2023-08-28,25,1476,1,0.6186,0,7,8,1,1
2023-08-28,50,858,3,0.6786,1,365,8,1,1
2023-08-28,60,1054,6,0.768,2,67,8,1,1
2023-08-28,43,1372,6,0.4775,5,365,8,1,0
2023-08-28,43,1080,2,0.7064,5,174,8,1,0
2023-08-29,23,398,4,0.4023,4,79,8,1,0
2023-08-29,24,798,6,0.3019,1,31,8,1,0
2023-08-29,45,963,2,0.6212,1,180,8,1,1
2023-08-29,42,240,3,0.6978,0,175,8,1,0
2023-08-29,31,678,4,0.6352,3,8,8,1,1
2023-08-29,33,1374,1,0.5402,4,126,8,1,0
2023-08-30,34,1335,6,0.6304,4,68,8,1,1
2023-08-30,24,347,3,0.6856,0,126,8,1,0
2023-08-30,63,943,4,0.4293,4,21,8,1,0
2023-08-30,35,609,3,0.8039,3,365,8,1,1
2023-08-30,59,201,2,0.4896,4,17,8,1,0
2023-08-31,37,1284,3,0.8476,1,125,8,1,1
2023-08-31,48,300,4,0.3654,4,365,8,1,1
2023-08-31,21,957,5,0.6883,3,19,8,1,0
2023-08-31,48,678,5,0.1377,1,146,8,1,0
2023-09-01,32,1318,4,0.7294,3,131,9,0,1
2023-09-01,29,1363,3,0.2746,3,66,9,0,0
2023-09-01,50,485,2,0.7213,2,70,9,0,0
2023-09-01,22,760,5,0.8384,5,121,9,0,0
2023-09-01,62,1110,3,0.3129,0,365,9,0,0
2023-09-02,27,180,3,0.3103,0,91,9,0,0
2023-09-02,56,1389,4,0.9091,4,111,9,0,0
2023-09-02,41,368,5,0.7473,0,365,9,0,0
2023-09-02,29,457,4,0.5026,5,106,9,0,0
2023-09-03,33,829,6,0.3753,5,43,9,0,0
2023-09-03,25,994,4,0.6349,0,28,9,0,0
2023-09-03,49,413,3,0.4345,0,68,9,0,0
2023-09-03,30,1226,3,0.9766,2,48,9,0,1
2023-09-03,29,255,1,0.6097,0,63,9,0,0
2023-09-03,27,1380,4,0.7949,2,0,9,0,0
2023-09-03,31,865,4,0.4677,0,123,9,0,0
2023-09-05,55,127,2,0.7573,0,1,9,0,1
2023-09-05,49,602,5,0.4972,4,171,9,0,0
2023-09-06,49,755,6,0.5417,0,117,9,0,0
2023-09-06,58,753,3,0.4084,0,144,9,0,0
2023-09-06,30,628,3,0.4816,3,365,9,0,0
2023-09-06,27,1357,1,0.8168,3,161,9,0,0
2023-09-06,45,1439,6,0.1491,5,365,9,0,0
2023-09-06,49,1168,4,0.5585,1,144,9,0,1
2023-09-07,60,767,4,0.5806,2,51,9,0,0
2023-09-07,38,1048,2,0.6303,2,175,9,0,1
2023-09-07,34,144,5,0.928,1,2,9,0,1
2023-09-08,33,946,6,0.5436,2,365,9,0,1
2023-09-09,21,201,2,0.601,0,27,9,0,1
2023-09-09,38,634,3,0.9472,5,92,9,0,0
2023-09-09,60,526,3,0.7035,5,145,9,0,0
2023-09-10,20,478,3,0.6627,0,176,9,0,1
2023-09-10,36,1321,8,0.1727,1,365,9,0,0
2023-09-10,22,364,4,0.753,2,179,9,0,0
2023-09-11,19,1065,7,0.5773,2,56,9,0,0
2023-09-11,51,1138,4,0.4668,0,56,9,0,0
2023-09-12,64,532,3,0.7315,5,112,9,0,0
2023-09-12,61,1266,5,0.223,4,116,9,0,0
2023-09-12,38,771,3,0.4395,1,159,9,0,0
2023-09-12,36,762,5,0.7716,5,33,9,0,0
2023-09-13,22,613,3,0.3214,4,60,9,0,0
2023-09-13,64,1151,6,0.7821,3,1,9,0,0
2023-09-14,21,1246,3,0.9045,0,176,9,0,1
2023-09-14,40,155,2,0.7818,1,175,9,0,1
2023-09-14,49,1372,1,0.6231,5,130,9,0,0
2023-09-14,32,180,3,0.1259,0,80,9,0,1
2023-09-14,62,615,2,0.6951,1,365,9,0,0
2023-09-15,24,911,6,0.2782,3,365,9,0,0
2023-09-15,55,264,5,0.6112,0,53,9,0,1
2023-09-15,32,1454,4,0.3011,3,1,9,0,0
2023-09-15,22,964,4,0.6524,0,57,9,0,0
2023-09-15,37,905,5,0.3775,4,365,9,0,1
2023-09-16,61,946,2,0.1466,4,65,9,0,0
2023-09-16,35,1307,7,0.6093,5,31,9,0,0
2023-09-16,56,1156,4,0.3601,3,148,9,0,0
2023-09-17,44,1074,5,0.3132,0,63,9,0,0
2023-09-17,29,1032,3,0.2828,2,154,9,0,1
2023-09-17,57,803,2,0.6124,1,56,9,0,0
2023-09-17,50,945,3,0.2852,2,174,9,0,1
2023-09-18,37,427,9,0.4728,1,128,9,0,0
2023-09-19,37,845,6,0.603,5,365,9,0,0
2023-09-19,56,1185,3,0.7152,4,93,9,0,0
2023-09-19,64,658,5,0.4067,3,49,9,0,0
2023-09-19,21,289,2,0.739,2,365,9,0,0
2023-09-20,39,1393,7,0.2035,0,180,9,0,0
2023-09-20,29,1327,5,0.6744,2,70,9,0,0
2023-09-20,22,423,3,0.681,5,62,9,0,0
2023-09-21,37,379,4,0.4162,2,103,9,0,1
2023-09-21,49,1233,1,0.5699,0,140,9,0,0
2023-09-21,53,851,3,0.3401,1,25,9,0,0
2023-09-21,56,461,2,0.4405,4,11,9,0,0
2023-09-22,65,503,7,0.2054,2,365,9,0,1
2023-09-22,29,1290,0,0.7297,1,87,9,0,1
2023-09-22,48,1185,2,0.5296,2,13,9,0,0
2023-09-22,35,267,3,0.1363,0,13,9,0,0
2023-09-23,33,470,1,0.6999,2,75,9,0,0
2023-09-23,50,420,2,0.6088,3,43,9,0,0
2023-09-23,35,194,6,0.359,2,365,9,0,0
2023-09-23,20,1458,7,0.5032,4,365,9,0,0
2023-09-24,41,1442,6,0.4841,2,103,9,0,1
2023-09-24,65,1487,6,0.5848,4,56,9,0,0
2023-09-24,23,218,3,0.0956,4,120,9,0,0
2023-09-24,47,763,4,0.3806,0,140,9,0,1
2023-09-24,21,275,7,0.8436,0,365,9,0,1
2023-09-25,21,159,3,0.7724,0,150,9,0,1
2023-09-25,63,751,1,0.9251,1,70,9,0,1
2023-09-25,52,385,3,0.3852,2,117,9,0,0
2023-09-25,31,1181,2,0.9614,1,14,9,0,0
2023-09-25,39,1345,4,0.4297,4,2,9,0,0
2023-09-25,26,1366,2,0.2106,0,13,9,0,1
2023-09-25,63,997,5,0.5722,1,137,9,0,0
2023-09-25,34,1300,6,0.8455,2,33,9,0,0
2023-09-25,33,152,7,0.6192,3,36,9,0,0
2023-09-26,40,191,4,0.7929,1,179,9,0,1
2023-09-26,31,248,4,0.8124,5,177,9,0,0
2023-09-26,30,1245,4,0.4577,1,40,9,0,1
2023-09-26,26,363,7,0.3507,2,28,9,0,1
2023-09-26,34,1083,4,0.8662,0,28,9,0,1
2023-09-27,55,131,4,0.507,3,13,9,0,0
2023-09-27,34,575,3,0.6491,5,144,9,0,0
2023-09-27,49,838,4,0.7977,3,17,9,0,0
2023-09-27,61,1289,4,0.3678,2,365,9,0,0
2023-09-27,27,885,3,0.475,5,106,9,0,0
2023-09-28,49,1235,3,0.8403,4,162,9,0,1
2023-09-29,18,1185,6,0.1062,3,101,9,0,0
2023-09-29,38,678,3,0.8621,3,365,9,0,0
2023-09-30,26,254,2,0.2249,2,127,9,0,0
2023-09-30,22,408,4,0.1173,3,365,9,0,0
2023-09-30,36,1431,3,0.6969,5,82,9,0,0
2023-10-01,54,1147,9,0.6821,3,8,10,1,1
2023-10-01,18,492,7,0.4751,4,80,10,1,0
2023-10-01,56,992,6,0.8198,0,146,10,1,1
2023-10-01,41,1359,5,0.2135,2,97,10,1,0
2023-10-01,42,715,3,0.2264,4,46,10,1,0
2023-10-01,46,1025,2,0.382,5,162,10,1,0
2023-10-01,40,1152,0,0.5499,4,176,10,1,0
2023-10-02,56,997,4,0.5302,4,14,10,1,0
2023-10-03,35,1284,5,0.6181,2,111,10,1,0
2023-10-03,63,157,6,0.5182,5,39,10,1,0
2023-10-03,22,862,6,0.3992,3,158,10,1,0
2023-10-03,18,1310,7,0.4985,3,136,10,1,0
2023-10-04,61,480,5,0.8161,4,83,10,1,1
2023-10-04,23,698,7,0.6581,4,365,10,1,0
2023-10-04,37,829,5,0.4363,0,107,10,1,0
2023-10-05,57,803,2,0.3187,2,171,10,1,0
2023-10-05,64,187,7,0.1853,0,365,10,1,1
2023-10-05,26,858,5,0.4306,5,129,10,1,0
2023-10-05,63,1057,6,0.1368,5,45,10,1,0
2023-10-05,64,901,3,0.8261,2,77,10,1,1
2023-10-06,48,1231,4,0.9132,5,365,10,1,1
2023-10-06,62,547,4,0.757,1,152,10,1,0
2023-10-07,31,183,4,0.4362,3,365,10,1,0
2023-10-07,45,1325,5,0.0778,2,81,10,1,0
2023-10-07,32,1320,2,0.4427,2,50,10,1,1
2023-10-07,21,1100,7,0.8674,1,10,10,1,1
2023-10-07,47,269,5,0.8016,1,365,10,1,0
2023-10-07,59,841,2,0.7921,1,57,10,1,0
2023-10-07,49,287,3,0.4686,1,176,10,1,0
2023-10-08,33,1025,5,0.2684,3,169,10,1,0
2023-10-08,42,559,3,0.4515,1,365,10,1,0
2023-10-08,38,105,5,0.4907,5,162,10,1,0
2023-10-08,65,472,2,0.4825,0,89,10,1,0
2023-10-08,20,1246,2,0.2037,3,365,10,1,0
2023-10-08,65,466,6,0.549,1,50,10,1,0
2023-10-08,35,96,4,0.1585,5,136,10,1,0
2023-10-09,45,975,4,0.4609,3,64,10,1,1
2023-10-09,26,127,6,0.748,2,177,10,1,0
2023-10-09,20,592,4,0.8711,5,14,10,1,0
2023-10-10,35,458,1,0.8177,4,76,10,1,1
2023-10-10,37,938,1,0.8831,1,365,10,1,1
2023-10-10,18,1068,4,0.7353,4,4,10,1,0
2023-10-11,43,518,5,0.6203,5,104,10,1,0
2023-10-11,36,624,3,0.7287,5,107,10,1,1
2023-10-11,41,1167,9,0.5748,1,365,10,1,1
2023-10-11,29,457,2,0.2847,5,134,10,1,1
2023-10-11,54,1405,5,0.8061,4,123,10,1,0
2023-10-12,50,981,0,0.4504,3,69,10,1,0
2023-10-12,25,1345,3,0.5321,5,70,10,1,0
2023-10-12,26,765,3,0.5425,0,93,10,1,0
2023-10-12,61,135,2,0.6397,5,155,10,1,0
2023-10-13,22,1311,5,0.4886,2,120,10,1,0
2023-10-13,38,288,5,0.8652,5,117,10,1,0
2023-10-13,26,1235,2,0.5029,4,73,10,1,0
2023-10-14,46,1343,4,0.146,0,80,10,1,0
2023-10-14,53,259,3,0.2073,4,167,10,1,0
2023-10-14,60,191,4,0.6441,5,170,10,1,0
2023-10-14,64,634,7,0.3072,3,85,10,1,0
2023-10-14,49,902,3,0.5308,2,365,10,1,0
2023-10-15,25,762,4,0.8396,0,365,10,1,1
2023-10-15,36,782,3,0.5171,3,54,10,1,0
2023-10-15,25,121,1,0.4321,2,365,10,1,0
2023-10-15,18,1087,5,0.7441,0,63,10,1,1
2023-10-15,39,342,5,0.3085,2,84,10,1,0
2023-10-16,58,811,5,0.6437,3,44,10,1,0
2023-10-16,19,932,2,0.6906,5,20,10,1,0
2023-10-16,46,557,1,0.2372,0,31,10,1,0
2023-10-17,61,1177,5,0.2852,1,57,10,1,0
2023-10-17,39,728,4,0.8141,3,110,10,1,0
2023-10-17,26,422,4,0.7471,0,3,10,1,0
2023-10-17,45,464,5,0.662,0,33,10,1,1
2023-10-17,63,1375,4,0.462,5,138,10,1,1
2023-10-18,27,101,2,0.9397,3,90,10,1,1
2023-10-18,22,689,0,0.3112,5,60,10,1,0
2023-10-18,59,1443,8,0.0896,0,365,10,1,1
2023-10-19,50,194,4,0.6419,2,179,10,1,0
2023-10-19,19,1418,3,0.2518,1,365,10,1,0
2023-10-19,25,107,5,0.1978,1,12,10,1,0
2023-10-19,30,1341,6,0.6135,2,114,10,1,1
2023-10-20,65,541,3,0.1859,1,139,10,1,0
2023-10-20,47,1250,3,0.7281,5,47,10,1,1
2023-10-20,61,1181,6,0.5438,4,365,10,1,1
2023-10-21,22,1331,4,0.6897,2,365,10,1,0
2023-10-22,45,1408,1,0.5168,5,365,10,1,0
2023-10-22,57,947,7,0.9526,3,15,10,1,0
2023-10-23,33,1372,3,0.4952,5,150,10,1,1
2023-10-23,57,691,3,0.1373,2,84,10,1,0
2023-10-23,54,790,7,0.4499,3,97,10,1,0
2023-10-24,39,125,3,0.5423,0,365,10,1,1
2023-10-24,60,501,6,0.0726,5,365,10,1,1
2023-10-24,32,1188,4,0.8129,0,172,10,1,1
2023-10-24,34,1352,1,0.1233,1,36,10,1,1
2023-10-24,37,1141,4,0.3298,2,138,10,1,0
2023-10-25,45,180,2,0.8394,2,96,10,1,0
2023-10-26,55,1154,5,0.8442,5,365,10,1,0
2023-10-26,30,250,3,0.9494,2,6,10,1,0
2023-10-27,28,552,3,0.2622,5,103,10,1,0
2023-10-27,39,390,3,0.6157,1,120,10,1,0
2023-10-27,48,520,2,0.2648,2,21,10,1,0
2023-10-27,39,934,5,0.4871,4,24,10,1,1
2023-10-27,64,768,1,0.7022,2,365,10,1,1
2023-10-28,23,720,3,0.6246,3,95,10,1,0
2023-10-28,39,1430,4,0.6402,2,69,10,1,1
2023-10-28,49,1347,3,0.6475,3,123,10,1,1
2023-10-29,61,747,3,0.8063,1,87,10,1,0
2023-10-30,54,1100,3,0.5845,2,87,10,1,1
2023-10-30,41,136,2,0.5438,0,111,10,1,1
2023-10-30,55,662,9,0.3836,1,52,10,1,0
2023-10-31,26,484,3,0.5979,1,142,10,1,0
2023-10-31,19,1386,4,0.4826,3,365,10,1,0
2023-10-31,20,389,6,0.0882,4,3,10,1,0
2023-10-31,41,957,6,0.7152,3,41,10,1,0
2023-10-31,65,1440,3,0.765,0,365,10,1,1
2023-10-31,63,1475,4,0.6714,1,45,10,1,0
2023-11-01,58,321,5,0.2563,2,365,11,1,0
2023-11-01,55,235,5,0.1853,5,365,11,1,0
2023-11-01,37,1236,3,0.7455,1,365,11,1,1
2023-11-01,21,107,4,0.8252,0,365,11,1,0
2023-11-01,60,1113,12,0.5119,3,5,11,1,0
2023-11-02,54,689,4,0.227,4,13,11,1,0
2023-11-03,52,1269,4,0.8978,4,92,11,1,1
2023-11-03,19,985,1,0.7001,0,113,11,1,1
2023-11-03,26,1475,2,0.52,0,124,11,1,0
2023-11-03,26,1485,3,0.6694,1,32,11,1,1
2023-11-03,53,802,6,0.9078,4,156,11,1,0
2023-11-03,29,808,3,0.2095,4,87,11,1,0
2023-11-04,53,1500,2,0.6042,4,74,11,1,0
2023-11-04,42,497,8,0.764,1,16,11,1,0
2023-11-04,46,1499,3,0.4681,0,16,11,1,0
2023-11-05,21,376,4,0.4415,2,163,11,1,0
2023-11-05,37,1003,4,0.8485,4,28,11,1,0
2023-11-06,45,134,11,0.6621,4,30,11,1,1
2023-11-06,36,122,3,0.6319,0,85,11,1,1
2023-11-06,31,683,1,0.1332,4,365,11,1,0
2023-11-06,58,480,5,0.1082,2,44,11,1,0
2023-11-06,51,925,6,0.4538,4,43,11,1,0
2023-11-06,27,1168,3,0.2933,5,108,11,1,0
2023-11-06,36,504,3,0.7705,0,73,11,1,0
2023-11-06,25,1415,3,0.1501,1,99,11,1,1
2023-11-06,40,91,3,0.4708,2,112,11,1,0
2023-11-07,31,1041,8,0.4783,4,6,11,1,1
2023-11-07,54,1088,5,0.5444,4,38,11,1,0
2023-11-07,60,983,2,0.0951,4,146,11,1,1
2023-11-07,55,1253,5,0.2362,5,46,11,1,0
2023-11-07,65,393,2,0.7665,1,1,11,1,0
2023-11-08,43,879,5,0.436,4,365,11,1,0
2023-11-08,38,1250,7,0.4799,2,159,11,1,1
2023-11-08,49,1210,1,0.3313,3,42,11,1,0
2023-11-09,20,621,7,0.5489,3,169,11,1,0
2023-11-09,43,1420,4,0.4698,5,124,11,1,0
2023-11-09,53,612,4,0.8318,0,16,11,1,1
2023-11-10,59,1383,4,0.5808,5,164,11,1,0
2023-11-10,47,508,7,0.7282,4,106,11,1,1
2023-11-10,31,1135,7,0.3594,0,365,11,1,1
2023-11-10,46,193,4,0.9179,1,365,11,1,0
2023-11-11,35,734,4,0.4711,3,111,11,1,1
2023-11-11,24,369,4,0.5871,3,138,11,1,0
2023-11-11,30,1484,3,0.839,1,86,11,1,0
2023-11-12,47,1147,4,0.4956,5,3,11,1,0
2023-11-12,45,364,3,0.5958,0,33,11,1,0
2023-11-12,23,1335,3,0.5944,2,18,11,1,0
2023-11-13,50,456,2,0.6408,5,149,11,1,0
2023-11-13,27,510,3,0.2578,0,31,11,1,0
2023-11-14,24,663,4,0.1638,3,45,11,1,0
2023-11-14,30,1079,7,0.5295,0,122,11,1,0
2023-11-16,45,1089,7,0.5338,4,10,11,1,1
2023-11-16,30,124,3,0.8003,5,156,11,1,0
2023-11-16,44,503,6,0.3635,5,48,11,1,0
2023-11-17,56,143,10,0.2291,4,105,11,1,0
2023-11-18,32,395,5,0.8352,3,30,11,1,0
2023-11-18,30,780,3,0.6068,4,79,11,1,0
2023-11-19,63,1289,6,0.5666,3,177,11,1,0
2023-11-19,51,1127,1,0.1897,4,63,11,1,0
2023-11-20,30,1300,2,0.609,5,74,11,1,1
2023-11-21,65,328,3,0.7466,0,126,11,1,0
2023-11-21,36,1209,2,0.4661,2,83,11,1,0
2023-11-21,49,1261,2,0.4013,5,57,11,1,0
2023-11-21,36,96,7,0.8441,1,137,11,1,1
2023-11-21,49,995,5,0.0531,1,163,11,1,0
2023-11-21,27,207,3,0.4095,3,365,11,1,0
2023-11-21,65,183,6,0.479,0,169,11,1,1
2023-11-22,64,313,3,0.6079,2,158,11,1,0
2023-11-22,27,1495,10,0.1268,5,30,11,1,0
2023-11-22,38,557,1,0.5424,3,72,11,1,0
2023-11-22,37,1131,4,0.4213,1,81,11,1,0
2023-11-23,24,648,5,0.8443,2,365,11,1,1
2023-11-23,38,965,7,0.8041,5,112,11,1,0
2023-11-23,24,107,4,0.947,2,83,11,1,0
2023-11-23,50,854,3,0.1133,4,68,11,1,0
2023-11-23,38,254,10,0.5001,0,153,11,1,0
2023-11-23,53,1166,4,0.2179,4,142,11,1,0
2023-11-23,40,564,3,0.2912,5,161,11,1,1
2023-11-23,55,355,8,0.7095,1,365,11,1,0
2023-11-23,30,969,2,0.4014,3,16,11,1,0
2023-11-24,20,709,5,0.5107,4,34,11,1,0
2023-11-24,35,213,5,0.5442,2,17,11,1,0
2023-11-24,65,1008,2,0.9385,4,65,11,1,0
2023-11-24,63,729,4,0.1124,1,137,11,1,0
2023-11-24,44,828,5,0.1897,4,167,11,1,0
2023-11-25,35,1254,2,0.5795,5,365,11,1,0
2023-11-25,27,204,1,0.0792,1,168,11,1,0
2023-11-25,19,219,4,0.2938,5,69,11,1,0
2023-11-25,37,603,3,0.6903,4,31,11,1,1
2023-11-27,37,1025,3,0.6537,2,365,11,1,0
2023-11-27,45,1063,3,0.5191,1,28,11,1,0
2023-11-27,37,215,2,0.4249,3,28,11,1,0
2023-11-27,52,1174,4,0.2823,0,178,11,1,0
2023-11-27,34,881,3,0.4842,0,101,11,1,0
2023-11-27,36,107,6,0.7855,3,60,11,1,1
2023-11-27,41,449,6,0.4531,3,178,11,1,1
2023-11-27,54,1466,6,0.7071,5,365,11,1,0
2023-11-28,56,341,5,0.3923,1,28,11,1,0
2023-11-28,39,1384,1,0.4775,0,365,11,1,1
2023-11-28,44,1149,7,0.5277,0,8,11,1,0
2023-11-29,53,794,7,0.5888,1,365,11,1,0
2023-11-29,46,1263,8,0.765,0,166,11,1,1
2023-11-30,49,1287,3,0.9063,1,145,11,1,0
2023-12-01,47,420,4,0.6137,1,75,12,0,0
2023-12-01,63,253,4,0.8105,4,365,12,0,0
2023-12-02,55,376,2,0.5898,3,100,12,0,0
2023-12-02,26,1329,0,0.4578,3,174,12,0,1
2023-12-02,20,876,8,0.8038,1,154,12,0,1
2023-12-02,47,490,5,0.4912,0,161,12,0,1
2023-12-02,41,1151,5,0.6202,3,22,12,0,1
2023-12-03,30,700,2,0.7951,5,48,12,0,0
2023-12-03,33,837,2,0.8665,4,63,12,0,1
2023-12-03,49,972,6,0.8202,3,1,12,0,1
2023-12-03,30,1307,4,0.4825,4,116,12,0,0
2023-12-03,63,520,6,0.5968,5,163,12,0,0
2023-12-03,25,589,4,0.7843,0,28,12,0,1
2023-12-04,64,833,1,0.0933,1,102,12,0,0
2023-12-04,65,746,3,0.7236,0,169,12,0,0
2023-12-04,21,1128,3,0.411,4,91,12,0,0
2023-12-04,59,883,1,0.2077,4,33,12,0,0
2023-12-04,31,1192,4,0.4445,3,17,12,0,0
2023-12-04,31,1430,3,0.6019,2,365,12,0,0
2023-12-05,62,412,3,0.4023,5,80,12,0,0
2023-12-05,55,1206,5,0.656,1,107,12,0,0
2023-12-05,41,703,4,0.3994,3,78,12,0,0
2023-12-05,39,1164,4,0.8492,5,127,12,0,1
2023-12-05,32,693,2,0.5273,4,0,12,0,0
2023-12-06,41,1442,5,0.7214,3,90,12,0,0
2023-12-06,50,1057,8,0.1629,1,145,12,0,1
2023-12-06,65,1472,2,0.4724,1,145,12,0,0
2023-12-07,42,1441,5,0.5388,4,77,12,0,0
2023-12-07,46,1452,4,0.6181,1,100,12,0,0
2023-12-07,53,868,4,0.2133,1,365,12,0,0
2023-12-08,42,1498,6,0.6564,2,24,12,0,0
2023-12-08,45,626,6,0.3083,1,83,12,0,0
2023-12-08,56,770,5,0.1936,4,163,12,0,0
2023-12-09,38,1106,2,0.8126,0,44,12,0,0
2023-12-09,56,1306,5,0.4429,4,100,12,0,0
2023-12-09,62,808,3,0.437,3,365,12,0,0
2023-12-10,52,958,4,0.592,2,65,12,0,0
2023-12-10,65,1360,4,0.4653,4,161,12,0,0
2023-12-10,23,1020,6,0.5561,2,61,12,0,0
2023-12-10,47,894,4,0.4751,2,87,12,0,1
2023-12-11,30,754,6,0.35,2,63,12,0,0
2023-12-12,46,894,0,0.5577,0,125,12,0,0
2023-12-12,56,1439,1,0.3722,4,64,12,0,0
2023-12-12,29,1327,4,0.2533,5,365,12,0,0
2023-12-12,18,462,5,0.4567,5,153,12,0,0
2023-12-13,53,234,8,0.1728,3,157,12,0,0
2023-12-13,39,1482,4,0.1997,5,79,12,0,0
2023-12-14,43,509,9,0.7326,4,145,12,0,1
2023-12-14,23,1126,6,0.6944,4,120,12,0,0
2023-12-14,25,796,9,0.4322,4,167,12,0,1
2023-12-14,40,496,2,0.2069,5,177,12,0,0
2023-12-14,25,661,5,0.626,5,91,12,0,0
2023-12-14,20,957,4,0.4786,0,137,12,0,1
2023-12-14,42,889,4,0.5383,4,46,12,0,0
2023-12-15,62,1224,8,0.57,0,51,12,0,1
2023-12-15,55,378,7,0.233,3,156,12,0,0
2023-12-15,57,299,2,0.5571,0,101,12,0,1
2023-12-15,33,340,5,0.1433,3,24,12,0,0
2023-12-16,49,1081,2,0.4811,0,45,12,0,1
2023-12-16,43,157,2,0.6338,5,8,12,0,0
2023-12-16,23,115,4,0.641,2,131,12,0,0
2023-12-17,39,1404,2,0.4746,0,120,12,0,0
2023-12-17,42,1317,6,0.6546,2,101,12,0,1
2023-12-17,43,474,2,0.4118,5,138,12,0,0
2023-12-17,39,803,6,0.2911,4,60,12,0,0
2023-12-17,28,984,2,0.768,0,173,12,0,1
2023-12-17,42,247,10,0.6852,0,71,12,0,1
2023-12-18,43,899,4,0.8132,2,365,12,0,1
2023-12-18,35,493,6,0.611,0,365,12,0,0
2023-12-18,31,1382,4,0.7397,1,175,12,0,1
2023-12-18,31,104,5,0.3069,3,167,12,0,0
2023-12-19,52,985,3,0.4299,5,67,12,0,0
2023-12-20,36,726,4,0.4528,4,8,12,0,1
2023-12-20,36,1373,7,0.5126,4,149,12,0,0
2023-12-20,50,906,6,0.5962,4,41,12,0,0
2023-12-20,41,157,2,0.4179,5,89,12,0,0
2023-12-20,62,993,4,0.3101,5,162,12,0,0
2023-12-21,65,447,6,0.4225,0,87,12,0,1
2023-12-21,26,533,2,0.4782,3,85,12,0,0
2023-12-21,34,481,1,0.3823,5,104,12,0,0
2023-12-21,24,1460,0,0.8216,5,60,12,0,1
2023-12-22,57,1084,6,0.4404,1,54,12,0,0
2023-12-22,52,1441,5,0.622,4,83,12,0,1
2023-12-23,30,576,4,0.4033,5,365,12,0,0
2023-12-23,57,307,9,0.6093,1,138,12,0,0
2023-12-23,39,1320,3,0.7731,0,171,12,0,0
2023-12-24,58,646,4,0.6297,0,23,12,0,0
2023-12-24,38,1456,3,0.4391,2,365,12,0,0
2023-12-24,38,1294,3,0.4693,3,71,12,0,0
2023-12-24,22,714,3,0.4595,5,171,12,0,0
2023-12-24,29,1143,9,0.3607,2,25,12,0,0
2023-12-24,35,1013,1,0.1951,2,85,12,0,1
2023-12-25,53,98,4,0.1111,2,365,12,0,0
2023-12-25,49,775,2,0.1307,3,170,12,0,0
2023-12-26,21,224,2,0.4645,4,7,12,0,1
2023-12-26,54,404,2,0.4809,0,176,12,0,0
2023-12-26,27,125,6,0.3674,1,57,12,0,0
2023-12-26,43,160,6,0.5461,0,111,12,0,0
2023-12-26,41,292,3,0.6149,4,131,12,0,0
2023-12-27,41,759,3,0.6081,0,133,12,0,1
2023-12-28,36,1494,2,0.4081,0,8,12,0,0
2023-12-28,48,834,6,0.0845,1,10,12,0,1
2023-12-28,56,1497,5,0.52,4,127,12,0,0
2023-12-28,65,237,6,0.3942,2,365,12,0,0
2023-12-28,21,1071,2,0.3986,4,94,12,0,0
2023-12-29,59,518,4,0.8382,4,75,12,0,0
2023-12-29,45,581,8,0.6927,2,161,12,0,0
2023-12-29,18,1225,5,0.7295,4,7,12,0,0
2023-12-29,28,856,2,0.254,5,98,12,0,0
2023-12-29,28,560,0,0.2602,3,61,12,0,0
2023-12-30,63,1217,4,0.6908,1,45,12,0,0
2023-12-30,65,959,6,0.5738,3,7,12,0,0
2023-12-30,31,1278,1,0.3497,0,51,12,0,1
2023-12-30,25,286,8,0.6928,0,116,12,0,0
2023-12-30,31,783,2,0.6356,1,93,12,0,0
2023-12-31,25,1269,2,0.688,3,110,12,0,0
2023-12-31,60,860,6,0.3409,3,137,12,0,0
2023-12-31,43,924,2,0.5602,0,140,12,0,1
2023-12-31,18,407,5,0.5375,0,73,12,0,1
2024-01-01,46,881,3,0.3469,1,71,1,1,0
2024-01-01,44,1068,2,0.5564,4,365,1,1,0
2024-01-01,57,251,0,0.2678,4,365,1,1,0
2024-01-02,42,809,9,0.8298,5,70,1,1,1
2024-01-02,50,682,3,0.5705,2,75,1,1,0
2024-01-03,64,317,4,0.7613,5,135,1,1,0
2024-01-03,55,1222,5,0.8207,1,32,1,1,0
2024-01-04,65,800,9,0.7882,1,59,1,1,0
2024-01-04,30,348,4,0.6876,3,78,1,1,1
2024-01-04,61,296,2,0.3334,5,133,1,1,0
2024-01-04,23,338,2,0.4814,2,66,1,1,0
2024-01-05,44,1285,5,0.8161,3,145,1,1,1
2024-01-05,22,869,4,0.6067,4,152,1,1,0
2024-01-05,36,835,0,0.5466,1,167,1,1,1
2024-01-06,49,151,7,0.6202,4,88,1,1,0
2024-01-06,30,216,4,0.9609,1,74,1,1,1
2024-01-06,65,1467,7,0.3882,1,365,1,1,0
2024-01-06,21,1345,2,0.7956,4,365,1,1,0
2024-01-07,47,1425,2,0.7562,1,7,1,1,1
2024-01-07,49,1021,3,0.4592,2,84,1,1,1
2024-01-08,18,1134,7,0.4841,1,147,1,1,1
2024-01-08,39,1314,5,0.6904,5,105,1,1,0
2024-01-08,52,318,1,0.1913,3,71,1,1,0
2024-01-08,35,280,7,0.5299,5,365,1,1,0
2024-01-08,51,420,3,0.8655,5,22,1,1,0
2024-01-08,62,226,8,0.3655,4,29,1,1,0
2024-01-09,21,93,4,0.3734,5,84,1,1,0
2024-01-09,19,1019,3,0.7629,2,132,1,1,1
2024-01-09,28,825,0,0.1655,3,43,1,1,0
2024-01-10,35,561,1,0.359,0,135,1,1,0
2024-01-10,44,712,2,0.7412,4,365,1,1,0
2024-01-10,54,1214,3,0.3581,0,128,1,1,0
2024-01-11,43,259,8,0.3667,3,51,1,1,0
2024-01-11,60,593,1,0.6833,2,134,1,1,0
2024-01-12,24,895,6,0.201,0,107,1,1,0
2024-01-12,60,671,2,0.6995,0,365,1,1,0
2024-01-12,50,422,8,0.4513,5,82,1,1,0
2024-01-12,64,444,7,0.4733,3,102,1,1,0
2024-01-13,61,432,2,0.4393,3,45,1,1,0
2024-01-13,31,1349,2,0.5412,2,170,1,1,1
2024-01-13,49,1382,8,0.445,3,28,1,1,0
2024-01-13,39,1497,5,0.7615,3,23,1,1,0
2024-01-13,38,257,5,0.6413,0,108,1,1,0
2024-01-14,19,399,7,0.6917,1,15,1,1,1
2024-01-14,46,505,4,0.5764,5,365,1,1,0
2024-01-14,65,1133,4,0.5751,5,109,1,1,0
2024-01-14,42,1018,5,0.8548,4,139,1,1,0
2024-01-16,28,754,9,0.2525,5,110,1,1,0
2024-01-16,53,1315,2,0.7121,0,133,1,1,0
2024-01-17,50,809,1,0.7841,2,84,1,1,1
2024-01-17,27,1386,6,0.5239,3,63,1,1,0
2024-01-17,36,364,2,0.5938,1,365,1,1,1
2024-01-18,27,767,4,0.4884,3,87,1,1,0
2024-01-18,42,1072,7,0.7184,3,114,1,1,1
2024-01-18,33,402,2,0.5415,0,9,1,1,0
2024-01-18,47,723,3,0.4522,3,153,1,1,0
2024-01-18,36,1384,5,0.6553,2,365,1,1,1
2024-01-18,24,697,2,0.6589,2,128,1,1,1
2024-01-18,49,414,9,0.4173,0,160,1,1,0
2024-01-19,28,498,5,0.4932,4,174,1,1,1
2024-01-20,38,951,4,0.8875,4,25,1,1,0
2024-01-20,50,597,4,0.1611,5,119,1,1,0
2024-01-20,38,1209,3,0.3953,3,1,1,1,0
2024-01-21,32,138,6,0.2409,4,365,1,1,0
2024-01-21,58,1043,1,0.3989,4,106,1,1,0
2024-01-21,32,861,1,0.6395,1,365,1,1,0
2024-01-21,63,1493,5,0.2472,1,53,1,1,1
2024-01-22,52,1125,5,0.4481,2,110,1,1,0
2024-01-22,48,563,9,0.6511,5,117,1,1,0
2024-01-22,64,593,3,0.8115,4,139,1,1,1
2024-01-23,62,154,4,0.5965,3,152,1,1,0
2024-01-23,55,1272,4,0.0886,4,65,1,1,0
2024-01-23,58,1471,3,0.7312,1,365,1,1,0
2024-01-23,65,663,8,0.3803,5,89,1,1,0
2024-01-24,26,683,5,0.2226,3,7,1,1,0
2024-01-24,38,857,6,0.864,3,365,1,1,0
2024-01-24,29,446,2,0.8486,1,365,1,1,1
2024-01-24,29,685,4,0.1486,3,365,1,1,1
2024-01-25,58,586,1,0.3451,1,174,1,1,0
2024-01-25,61,222,6,0.2397,5,130,1,1,0
2024-01-25,26,511,2,0.8675,2,23,1,1,0
2024-01-25,22,436,3,0.5837,2,33,1,1,1
2024-01-25,39,808,3,0.458,1,365,1,1,1
2024-01-26,41,1286,1,0.5185,2,365,1,1,0
2024-01-26,61,537,2,0.5271,3,108,1,1,0
2024-01-26,47,909,2,0.5511,1,365,1,1,0
2024-01-26,41,90,5,0.3277,5,36,1,1,0
2024-01-26,57,1134,1,0.4513,3,126,1,1,1
2024-01-27,23,393,4,0.8387,3,54,1,1,0
2024-01-28,61,1363,1,0.4284,1,54,1,1,1
2024-01-28,26,945,8,0.6215,2,3,1,1,0
2024-01-29,63,999,1,0.2907,4,29,1,1,0
2024-01-29,24,737,3,0.2248,4,172,1,1,0
2024-01-29,30,379,2,0.8719,3,365,1,1,0
2024-01-29,25,389,2,0.2327,5,77,1,1,0
2024-01-29,52,1016,1,0.313,5,14,1,1,0
2024-01-30,53,1243,9,0.1018,4,100,1,1,1
2024-01-30,45,1252,4,0.452,3,365,1,1,0
2024-01-30,23,627,5,0.6634,1,365,1,1,0
2024-01-30,54,152,4,0.668,4,63,1,1,1
2024-01-30,27,488,4,0.3461,1,9,1,1,0
2024-01-31,42,1415,5,0.2334,4,22,1,1,0
2024-01-31,22,1250,3,0.1919,2,91,1,1,0
2024-02-01,20,175,7,0.8421,4,91,2,0,1
2024-02-01,37,951,5,0.3263,0,45,2,0,1
2024-02-01,19,408,2,0.1024,2,47,2,0,0
2024-02-01,43,1210,1,0.4029,1,61,2,0,1
2024-02-01,25,672,9,0.0616,4,45,2,0,0
2024-02-02,43,679,6,0.2123,1,132,2,0,0
2024-02-02,55,314,5,0.5209,4,55,2,0,0
2024-02-02,42,1009,5,0.7524,4,145,2,0,0
2024-02-02,35,775,3,0.93,4,123,2,0,0
2024-02-02,18,842,7,0.4258,0,57,2,0,0
2024-02-02,34,886,1,0.5353,5,178,2,0,0
2024-02-02,61,439,3,0.4975,1,365,2,0,0
2024-02-02,59,1466,4,0.5273,5,79,2,0,0
2024-02-03,54,400,7,0.3897,5,90,2,0,0
2024-02-03,40,1306,1,0.6089,1,95,2,0,0
2024-02-03,29,829,3,0.7888,1,38,2,0,0
2024-02-04,39,1381,1,0.5144,3,33,2,0,0
2024-02-04,65,98,5,0.675,4,38,2,0,1
2024-02-04,45,508,4,0.8317,4,94,2,0,0
2024-02-05,24,1043,3,0.4765,5,93,2,0,0
2024-02-05,64,114,3,0.528,1,7,2,0,0
2024-02-06,57,836,2,0.4771,2,146,2,0,0
2024-02-06,37,754,4,0.8065,0,91,2,0,1
2024-02-06,61,944,5,0.4832,1,79,2,0,0
2024-02-07,43,591,6,0.4794,4,120,2,0,0
2024-02-07,23,1305,6,0.1565,0,63,2,0,0
2024-02-07,42,138,7,0.7908,1,101,2,0,0
2024-02-07,54,576,5,0.1168,1,36,2,0,0
2024-02-07,53,1126,4,0.5275,5,365,2,0,0
2024-02-08,40,1228,5,0.3256,0,7,2,0,0
2024-02-08,45,229,2,0.4474,0,102,2,0,0
2024-02-08,27,1208,5,0.3906,3,61,2,0,0
2024-02-08,54,117,5,0.4119,5,139,2,0,0
2024-02-08,37,152,2,0.4959,3,365,2,0,0
2024-02-08,52,1136,4,0.462,4,90,2,0,0
2024-02-10,56,1266,5,0.3734,4,34,2,0,0
2024-02-10,29,1117,4,0.6944,4,84,2,0,0
2024-02-10,27,1242,7,0.4627,2,125,2,0,0
2024-02-11,43,1343,1,0.7679,1,148,2,0,0
2024-02-11,64,146,4,0.2688,5,85,2,0,0
2024-02-11,61,880,6,0.6721,5,127,2,0,0
2024-02-11,61,1350,3,0.212,0,26,2,0,0
2024-02-11,63,494,4,0.6919,5,365,2,0,0
2024-02-11,54,643,2,0.3618,3,145,2,0,0
2024-02-12,21,898,1,0.8604,3,2,2,0,0
2024-02-12,36,1110,2,0.4424,5,365,2,0,0
2024-02-12,55,743,5,0.4162,3,135,2,0,1
2024-02-13,38,102,3,0.4962,0,56,2,0,0
2024-02-13,18,177,5,0.5476,0,89,2,0,0
2024-02-13,32,635,10,0.5541,3,109,2,0,0
2024-02-13,49,1427,3,0.5001,5,28,2,0,0
2024-02-14,63,413,6,0.0856,4,33,2,0,0
2024-02-14,25,778,4,0.2088,1,365,2,0,1
2024-02-14,62,843,3,0.4709,5,365,2,0,0
2024-02-15,51,258,4,0.1533,0,26,2,0,0
2024-02-15,49,796,5,0.4742,4,74,2,0,1
2024-02-15,30,1220,4,0.769,0,365,2,0,0
2024-02-16,31,611,3,0.5948,4,135,2,0,0
2024-02-16,36,379,2,0.472,0,49,2,0,0
2024-02-16,23,107,3,0.137,1,80,2,0,0
2024-02-16,50,400,5,0.7523,3,33,2,0,0
2024-02-17,27,199,4,0.5078,5,108,2,0,0
2024-02-17,60,286,0,0.1793,0,57,2,0,0
2024-02-17,43,272,6,0.5429,4,27,2,0,1
2024-02-17,54,767,3,0.6465,5,62,2,0,0
2024-02-17,18,926,5,0.706,5,84,2,0,0
2024-02-18,23,1021,5,0.9123,0,49,2,0,1
2024-02-18,18,1214,6,0.2176,1,37,2,0,1
2024-02-18,33,1380,4,0.7045,3,174,2,0,1
2024-02-18,27,777,6,0.6238,3,177,2,0,0
2024-02-18,55,184,7,0.7355,1,173,2,0,0
2024-02-19,51,261,6,0.3476,3,22,2,0,0
2024-02-19,62,901,4,0.1189,1,75,2,0,0
2024-02-19,22,812,9,0.275,2,54,2,0,0
2024-02-19,22,315,4,0.0502,3,12,2,0,0
2024-02-19,27,1040,5,0.414,1,365,2,0,0
2024-02-19,43,1379,3,0.2202,5,147,2,0,0
2024-02-20,50,1278,3,0.9646,5,154,2,0,0
2024-02-20,23,1184,3,0.6415,2,365,2,0,0
2024-02-20,60,1000,6,0.1625,5,44,2,0,0
2024-02-20,50,1440,4,0.509,1,88,2,0,1
2024-02-21,31,1282,5,0.7412,1,54,2,0,1
2024-02-21,38,1385,2,0.9597,0,127,2,0,1
2024-02-22,22,1050,7,0.7567,1,122,2,0,0
2024-02-22,44,738,3,0.5459,3,110,2,0,0
2024-02-22,31,301,7,0.631,2,155,2,0,1
2024-02-22,58,1108,0,0.0895,1,102,2,0,0
2024-02-23,50,511,3,0.5421,1,365,2,0,0
2024-02-23,52,1050,3,0.532,5,47,2,0,0
2024-02-23,59,215,0,0.68,3,141,2,0,0
2024-02-23,27,916,5,0.4664,3,365,2,0,0
2024-02-23,28,432,2,0.3301,4,1,2,0,0
2024-02-24,33,129,6,0.7941,0,61,2,0,1
2024-02-24,49,814,3,0.5033,4,65,2,0,1
2024-02-24,32,575,3,0.8683,0,50,2,0,0
2024-02-24,30,349,4,0.4556,1,127,2,0,0
2024-02-24,18,113,6,0.4227,5,89,2,0,0
2024-02-25,59,1070,2,0.9335,4,365,2,0,1
2024-02-25,62,1070,4,0.3248,0,100,2,0,0
2024-02-25,62,1390,5,0.769,4,24,2,0,0
2024-02-25,41,113,4,0.4739,5,133,2,0,0
2024-02-25,21,437,3,0.4806,5,38,2,0,0
2024-02-26,51,1303,4,0.6049,5,105,2,0,0
2024-02-26,33,1363,6,0.6819,3,164,2,0,1
2024-02-26,43,1364,4,0.6522,3,114,2,0,1
2024-02-26,31,592,3,0.3961,3,138,2,0,0
2024-02-26,52,1202,5,0.5295,5,25,2,0,0
2024-02-27,28,138,6,0.6084,4,160,2,0,0
2024-02-27,58,1489,2,0.2493,2,365,2,0,0
2024-02-28,27,215,3,0.344,5,143,2,0,1
2024-02-28,32,894,1,0.1729,5,63,2,0,0
2024-02-28,63,938,3,0.0123,3,24,2,0,0
2024-02-28,24,499,2,0.3248,0,81,2,0,0
2024-02-28,36,565,5,0.504,3,77,2,0,0
2024-02-28,31,701,1,0.6551,4,109,2,0,0
2024-02-28,41,514,4,0.8168,1,149,2,0,1
2024-02-29,19,1185,6,0.8207,0,149,2,0,1
2024-02-29,35,246,3,0.8419,5,70,2,0,0
2024-02-29,30,1269,1,0.5555,3,365,2,0,1
2024-02-29,34,343,5,0.4127,5,95,2,0,0
2024-02-29,51,718,3,0.4313,3,140,2,0,0
2024-02-29,26,268,7,0.7347,0,365,2,0,0
2024-02-29,54,105,4,0.5065,5,76,2,0,0
2024-03-01,58,1399,5,0.347,4,110,3,0,0
2024-03-01,63,495,7,0.445,4,365,3,0,0
2024-03-01,42,1360,3,0.526,1,149,3,0,0
2024-03-02,62,641,6,0.516,0,66,3,0,1
2024-03-02,45,162,3,0.4102,1,101,3,0,1
2024-03-02,61,957,1,0.5887,0,365,3,0,1
2024-03-02,45,1089,4,0.8524,4,157,3,0,0
2024-03-02,39,999,4,0.5722,2,365,3,0,0
2024-03-04,36,794,4,0.7483,4,365,3,0,1
2024-03-04,21,702,3,0.8292,1,39,3,0,1
2024-03-05,28,1052,3,0.8916,4,126,3,0,1
2024-03-06,49,442,2,0.6277,2,365,3,0,1
2024-03-06,32,1428,2,0.2906,2,365,3,0,0
2024-03-06,39,1190,2,0.1579,4,365,3,0,0
2024-03-07,27,1332,6,0.2486,4,68,3,0,0
2024-03-07,49,1385,3,0.6559,4,24,3,0,1
2024-03-07,56,793,5,0.4429,4,27,3,0,0
2024-03-07,26,1309,3,0.7039,3,26,3,0,0
2024-03-08,62,1212,2,0.0242,4,165,3,0,0
2024-03-08,54,662,3,0.4486,0,41,3,0,0
2024-03-08,42,374,2,0.3727,1,56,3,0,0
2024-03-08,39,518,4,0.4963,0,8,3,0,1
2024-03-08,46,701,3,0.1811,1,168,3,0,0
2024-03-09,56,996,2,0.4941,3,74,3,0,0
2024-03-09,55,1215,3,0.4914,4,13,3,0,0
2024-03-09,37,206,5,0.0637,1,142,3,0,1
2024-03-09,52,804,5,0.522,0,124,3,0,0
2024-03-09,30,253,6,0.5112,1,142,3,0,0
2024-03-09,64,407,5,0.2243,5,160,3,0,0
2024-03-09,33,537,3,0.7173,2,171,3,0,0
2024-03-09,41,1385,4,0.2658,1,44,3,0,1
2024-03-10,58,399,4,0.7638,3,365,3,0,1
2024-03-10,42,596,4,0.7401,5,30,3,0,1
2024-03-10,26,1000,2,0.2582,3,106,3,0,0
2024-03-10,21,948,5,0.8886,2,24,3,0,1
2024-03-10,51,1219,2,0.6754,5,365,3,0,1
2024-03-10,60,1357,1,0.7771,2,66,3,0,0
2024-03-11,45,144,3,0.4652,1,76,3,0,1
2024-03-11,34,1193,4,0.2917,4,1,3,0,0
2024-03-12,22,540,6,0.3652,5,365,3,0,0
2024-03-13,49,385,2,0.4519,4,44,3,0,0
2024-03-13,47,556,5,0.7968,0,56,3,0,0
2024-03-13,42,692,4,0.1943,3,365,3,0,0
2024-03-13,59,814,4,0.5842,2,174,3,0,0
2024-03-13,51,537,2,0.8235,5,365,3,0,0
2024-03-13,65,1431,6,0.6895,5,44,3,0,1
2024-03-14,57,702,6,0.6203,2,82,3,0,0
2024-03-14,59,180,10,0.7815,5,55,3,0,1
2024-03-14,22,1414,1,0.2528,2,144,3,0,0
2024-03-14,36,1196,3,0.145,3,107,3,0,1
2024-03-14,45,1457,3,0.1975,1,13,3,0,1
2024-03-14,31,1315,4,0.4482,0,153,3,0,0
2024-03-14,37,551,6,0.8287,5,39,3,0,0
2024-03-15,24,497,2,0.1126,2,365,3,0,0
2024-03-15,37,699,3,0.6638,5,168,3,0,0
2024-03-16,64,1085,8,0.214,0,39,3,0,0
2024-03-16,21,263,1,0.1828,3,55,3,0,0
2024-03-16,64,627,1,0.126,3,74,3,0,0
2024-03-16,45,453,4,0.7514,0,58,3,0,0
2024-03-16,34,699,6,0.6953,3,365,3,0,0
2024-03-17,39,908,2,0.3658,0,145,3,0,1
2024-03-17,58,586,2,0.0774,2,28,3,0,0
2024-03-17,36,320,4,0.4855,4,104,3,0,0
2024-03-18,20,1055,6,0.3181,1,365,3,0,0
2024-03-18,37,246,5,0.3249,1,365,3,0,1
2024-03-18,26,211,2,0.5801,5,180,3,0,0
2024-03-18,49,923,3,0.7692,5,365,3,0,1
2024-03-18,29,262,3,0.5053,0,365,3,0,1
2024-03-19,23,278,8,0.2315,3,180,3,0,1
2024-03-19,29,601,5,0.7655,0,111,3,0,0
2024-03-19,35,1125,3,0.3899,0,131,3,0,0
2024-03-20,29,94,4,0.5022,1,5,3,0,0
2024-03-20,64,1105,6,0.6501,4,154,3,0,0
2024-03-20,22,858,6,0.6204,5,365,3,0,0
2024-03-20,24,378,3,0.8421,3,365,3,0,0
2024-03-21,44,899,4,0.5657,1,152,3,0,0
2024-03-21,31,827,5,0.4217,3,0,3,0,0
2024-03-21,23,888,1,0.5906,1,30,3,0,1
2024-03-21,28,1425,7,0.8983,5,122,3,0,0
2024-03-21,39,1229,6,0.8059,4,365,3,0,0
2024-03-21,37,1370,2,0.7503,3,17,3,0,0
2024-03-21,22,1316,6,0.5744,1,126,3,0,0
2024-03-21,59,462,3,0.0918,0,113,3,0,0
2024-03-22,44,134,5,0.9713,5,365,3,0,1
2024-03-22,19,979,2,0.303,2,129,3,0,1
2024-03-22,60,934,4,0.7417,0,51,3,0,0
2024-03-23,41,899,1,0.4651,2,64,3,0,0
2024-03-23,29,1252,5,0.4136,0,132,3,0,0
2024-03-23,25,103,6,0.5025,1,97,3,0,1
2024-03-23,28,138,3,0.3865,2,125,3,0,0
2024-03-24,29,1328,1,0.6133,1,79,3,0,1
2024-03-24,63,945,6,0.1792,3,170,3,0,0
2024-03-24,22,1142,6,0.8049,2,57,3,0,0
2024-03-25,60,225,7,0.4413,1,138,3,0,0
2024-03-25,45,235,4,0.6608,0,365,3,0,0
2024-03-25,60,1297,4,0.325,3,64,3,0,0
2024-03-25,34,978,4,0.6573,4,65,3,0,1
2024-03-25,56,158,9,0.394,5,38,3,0,0
2024-03-26,55,797,8,0.5256,2,119,3,0,0
2024-03-26,50,428,6,0.2773,5,65,3,0,0
2024-03-26,18,629,6,0.1391,1,114,3,0,0
2024-03-27,52,1461,2,0.9384,4,117,3,0,0
2024-03-27,44,1353,3,0.2686,4,365,3,0,0
2024-03-27,45,1065,5,0.4873,2,151,3,0,0
2024-03-27,43,918,1,0.6311,4,78,3,0,1
2024-03-27,40,1464,8,0.2769,2,123,3,0,1
2024-03-28,27,429,4,0.6536,0,113,3,0,1
2024-03-28,53,1074,6,0.9137,2,116,3,0,1
2024-03-28,60,1404,4,0.4515,2,365,3,0,0
2024-03-29,39,743,8,0.4519,3,365,3,0,1
2024-03-29,52,1240,10,0.609,5,53,3,0,0
2024-03-29,51,1156,4,0.497,5,60,3,0,0
2024-03-29,28,637,6,0.6633,5,118,3,0,0
2024-03-29,24,519,5,0.625,3,6,3,0,0
2024-03-30,51,784,3,0.6141,2,173,3,0,0
2024-03-30,59,92,1,0.9408,3,56,3,0,0
2024-03-30,48,565,4,0.541,5,365,3,0,1
2024-03-30,18,1451,7,0.1442,3,160,3,0,0
2024-03-31,38,1091,5,0.7147,1,29,3,0,0
2024-03-31,53,1302,4,0.7269,3,81,3,0,1
2024-03-31,46,723,3,0.7127,5,157,3,0,0
2024-03-31,21,162,6,0.1842,1,99,3,0,1
2024-03-31,25,1375,6,0.3163,3,365,3,0,0
2024-03-31,23,682,4,0.601,1,134,3,0,0
2024-04-01,26,197,4,0.6068,4,38,4,0,0
2024-04-01,38,838,1,0.4942,0,113,4,0,0
2024-04-02,25,445,3,0.7361,0,2,4,0,0
2024-04-03,51,652,5,0.5851,1,1,4,0,0
2024-04-03,37,1110,4,0.9441,4,93,4,0,0
2024-04-03,40,527,5,0.3849,3,3,4,0,0
2024-04-04,54,589,4,0.604,0,178,4,0,0
2024-04-04,23,711,3,0.3689,2,28,4,0,0
2024-04-05,19,1324,2,0.776,5,131,4,0,1
2024-04-05,52,1443,4,0.6429,3,177,4,0,0
2024-04-05,25,125,3,0.5088,5,25,4,0,1
2024-04-05,21,264,5,0.3949,0,140,4,0,0
2024-04-06,33,286,3,0.1717,4,4,4,0,0
2024-04-06,55,1030,8,0.4899,3,166,4,0,1
2024-04-06,29,525,2,0.7155,1,100,4,0,0
2024-04-07,53,1257,3,0.6418,1,13,4,0,0
2024-04-07,55,512,3,0.5754,2,71,4,0,0
2024-04-08,39,1363,4,0.5815,5,149,4,0,0
2024-04-08,25,772,6,0.7444,0,39,4,0,1
2024-04-09,41,584,4,0.4549,5,37,4,0,0
2024-04-09,21,1018,2,0.7416,3,16,4,0,0
2024-04-09,31,1251,1,0.6933,3,72,4,0,1
2024-04-09,22,315,2,0.4151,5,157,4,0,0
2024-04-09,27,622,5,0.5771,2,144,4,0,1
2024-04-10,51,885,8,0.3377,3,100,4,0,0
2024-04-10,50,803,10,0.8383,2,149,4,0,1
2024-04-10,51,434,3,0.596,2,15,4,0,0
2024-04-10,31,361,3,0.6686,3,134,4,0,0
2024-04-10,53,396,3,0.6134,3,165,4,0,0
2024-04-10,56,1416,3,0.6202,2,163,4,0,0
2024-04-11,49,1136,5,0.1198,0,16,4,0,0
2024-04-11,58,1457,3,0.469,2,123,4,0,0
2024-04-11,19,630,3,0.6128,2,163,4,0,0
2024-04-11,58,128,5,0.7102,2,29,4,0,1
2024-04-11,46,826,3,0.3478,4,12,4,0,0
2024-04-12,19,1296,7,0.9813,1,180,4,0,1
2024-04-12,33,922,3,0.6683,3,61,4,0,0
2024-04-12,38,740,4,0.5108,3,365,4,0,0
2024-04-13,53,902,3,0.6269,4,365,4,0,0
2024-04-13,36,1475,3,0.3565,1,71,4,0,0
2024-04-13,55,1331,4,0.1222,3,365,4,0,0
2024-04-14,65,1236,5,0.9687,5,36,4,0,0
2024-04-14,20,910,9,0.4292,2,365,4,0,0
2024-04-14,51,1142,2,0.6685,0,27,4,0,1
2024-04-15,55,1070,4,0.6211,3,51,4,0,0
2024-04-15,59,1168,5,0.5507,2,152,4,0,0
2024-04-15,45,1051,6,0.8107,3,132,4,0,0
2024-04-15,36,548,3,0.635,0,179,4,0,1
2024-04-15,55,295,3,0.7689,5,47,4,0,0
2024-04-16,28,1404,3,0.5043,0,65,4,0,0
2024-04-16,53,550,3,0.4159,4,22,4,0,0
2024-04-16,22,429,1,0.5005,0,14,4,0,1
2024-04-16,38,1332,4,0.559,0,50,4,0,0
2024-04-17,21,1328,3,0.3663,1,83,4,0,0
2024-04-17,50,1474,2,0.3645,5,144,4,0,0
2024-04-17,23,982,1,0.6822,3,48,4,0,0
2024-04-17,22,281,3,0.5949,1,92,4,0,0
2024-04-17,44,1248,2,0.5564,2,25,4,0,0
2024-04-18,19,1231,7,0.2382,2,365,4,0,1
2024-04-18,42,1163,6,0.837,4,158,4,0,0
2024-04-18,63,184,4,0.4137,5,79,4,0,0
2024-04-18,54,1064,1,0.6563,5,100,4,0,1
2024-04-18,30,867,7,0.2871,2,30,4,0,0
2024-04-19,61,386,7,0.5371,4,70,4,0,0
2024-04-19,26,938,5,0.8159,4,171,4,0,0
2024-04-19,18,1360,6,0.3815,3,69,4,0,0
2024-04-19,34,804,4,0.4696,4,365,4,0,0
2024-04-20,55,500,4,0.1254,2,70,4,0,0
2024-04-20,53,818,5,0.5838,2,26,4,0,0
2024-04-20,47,1384,7,0.2497,4,158,4,0,0
2024-04-21,62,913,3,0.7739,0,144,4,0,0
2024-04-21,47,1431,4,0.2334,5,41,4,0,0
2024-04-22,26,749,2,0.0852,0,31,4,0,0
2024-04-22,30,895,4,0.3282,0,140,4,0,1
2024-04-22,56,1364,4,0.5333,4,113,4,0,0
2024-04-22,48,1314,2,0.4878,1,112,4,0,0
2024-04-22,28,773,5,0.7205,3,31,4,0,0
2024-04-22,57,368,3,0.5697,1,91,4,0,0
2024-04-22,27,127,5,0.6141,3,164,4,0,0
2024-04-23,63,1390,6,0.2078,2,92,4,0,1
2024-04-23,22,628,5,0.1611,2,18,4,0,0
2024-04-23,19,971,2,0.1766,0,171,4,0,0
2024-04-24,26,880,6,0.3371,5,55,4,0,0
2024-04-24,63,476,5,0.5528,4,43,4,0,0
2024-04-24,31,1000,6,0.6496,2,365,4,0,1
2024-04-24,28,535,3,0.2749,1,70,4,0,0
2024-04-24,47,1451,7,0.6452,3,145,4,0,1
2024-04-24,59,623,3,0.3014,2,365,4,0,0
2024-04-25,31,942,4,0.387,3,141,4,0,0
2024-04-25,40,1236,9,0.3521,1,132,4,0,1
2024-04-25,34,335,2,0.7444,2,30,4,0,0
2024-04-25,21,155,5,0.2924,2,92,4,0,1
2024-04-26,43,854,5,0.7696,4,57,4,0,0
2024-04-26,63,713,1,0.3692,3,365,4,0,0
2024-04-26,50,428,2,0.258,0,7,4,0,0
2024-04-26,40,251,10,0.2953,2,180,4,0,0
2024-04-27,49,402,2,0.6059,2,1,4,0,0
2024-04-27,59,999,3,0.4826,3,134,4,0,0
2024-04-27,54,737,5,0.6653,4,365,4,0,0
2024-04-28,31,1134,10,0.6977,0,172,4,0,0
2024-04-28,54,613,2,0.22,0,45,4,0,0
2024-04-28,18,712,5,0.5368,3,65,4,0,1
2024-04-29,64,369,7,0.2526,3,122,4,0,1
2024-04-29,39,1145,6,0.1911,0,135,4,0,0
2024-04-29,52,1309,2,0.061,0,100,4,0,0
2024-04-30,58,177,4,0.2627,5,85,4,0,0
2024-04-30,36,567,3,0.6917,1,146,4,0,0
2024-04-30,25,703,2,0.7684,4,118,4,0,0
2024-05-01,64,1465,3,0.6275,5,9,5,0,1
2024-05-01,34,1008,6,0.4969,2,78,5,0,0
2024-05-01,57,244,6,0.3076,0,157,5,0,1
2024-05-01,58,942,3,0.8126,0,107,5,0,1
2024-05-02,36,1053,7,0.3819,5,157,5,0,0
2024-05-02,52,646,4,0.6099,5,111,5,0,0
2024-05-02,34,193,2,0.0658,5,149,5,0,0
2024-05-02,43,828,7,0.6244,3,365,5,0,1
2024-05-02,22,1114,6,0.0924,3,97,5,0,1
2024-05-02,47,1457,4,0.721,3,125,5,0,1
2024-05-03,55,1235,8,0.553,2,40,5,0,0
2024-05-04,65,399,1,0.5014,1,38,5,0,1
2024-05-04,45,143,5,0.8805,4,105,5,0,0
2024-05-04,26,529,5,0.5297,1,115,5,0,1
2024-05-04,18,1303,3,0.3387,4,40,5,0,0
2024-05-05,62,797,5,0.0575,1,365,5,0,0
2024-05-05,36,644,4,0.6967,2,36,5,0,0
2024-05-05,42,1288,1,0.7508,3,59,5,0,0
2024-05-05,59,1194,4,0.7695,4,48,5,0,1
2024-05-05,37,834,7,0.8064,1,87,5,0,1
2024-05-06,55,1383,8,0.8499,1,146,5,0,0
2024-05-06,52,149,3,0.4171,3,21,5,0,0
2024-05-06,26,600,6,0.758,5,106,5,0,0
2024-05-06,41,121,5,0.4921,5,44,5,0,0
2024-05-06,23,861,0,0.4926,2,365,5,0,0
2024-05-07,28,1168,7,0.9019,0,4,5,0,1
2024-05-07,45,578,0,0.6718,5,142,5,0,0
2024-05-07,21,789,5,0.701,1,126,5,0,1
2024-05-07,21,256,5,0.7813,2,168,5,0,0
2024-05-07,53,1320,2,0.4197,0,103,5,0,0
2024-05-07,42,586,5,0.4405,5,28,5,0,0
2024-05-07,45,1216,2,0.4839,5,142,5,0,0
2024-05-08,62,1242,5,0.775,3,134,5,0,1
2024-05-08,35,581,2,0.2156,4,1,5,0,0
2024-05-08,46,109,5,0.3775,0,365,5,0,0
2024-05-08,25,1083,4,0.4534,0,113,5,0,0
2024-05-08,34,813,3,0.5072,3,176,5,0,0
2024-05-09,56,162,4,0.7364,5,30,5,0,1
2024-05-09,51,1029,4,0.305,1,71,5,0,0
2024-05-09,37,510,7,0.5175,0,18,5,0,0
2024-05-09,54,120,2,0.4179,1,17,5,0,0
2024-05-09,56,112,7,0.195,5,32,5,0,0
2024-05-10,45,106,2,0.8639,2,12,5,0,1
2024-05-10,44,1352,3,0.7994,3,365,5,0,0
2024-05-10,51,332,6,0.5315,4,365,5,0,0
2024-05-10,57,533,10,0.2556,5,143,5,0,0
2024-05-10,36,447,2,0.6105,0,79,5,0,0
2024-05-10,44,1186,2,0.2197,0,139,5,0,1
2024-05-11,53,917,0,0.8463,4,365,5,0,0
2024-05-11,58,1264,5,0.708,4,130,5,0,0
2024-05-11,32,628,3,0.7624,5,140,5,0,1
2024-05-11,19,469,2,0.2617,1,14,5,0,0
2024-05-11,22,887,4,0.7146,0,178,5,0,1
2024-05-12,40,95,6,0.7377,1,365,5,0,1
2024-05-12,64,713,2,0.0934,0,81,5,0,0
2024-05-12,65,915,7,0.4236,2,62,5,0,0
2024-05-12,59,578,4,0.5805,2,365,5,0,1
2024-05-12,53,669,6,0.5606,2,98,5,0,1
2024-05-13,59,1407,1,0.7661,4,365,5,0,0
2024-05-13,56,649,4,0.364,1,158,5,0,0
2024-05-13,60,1105,5,0.5139,3,365,5,0,0
2024-05-13,34,1061,5,0.4071,0,110,5,0,1
2024-05-13,20,1276,9,0.2248,3,2,5,0,0
2024-05-13,57,1437,4,0.7605,1,146,5,0,0
2024-05-14,25,461,4,0.7925,5,111,5,0,0
2024-05-14,53,797,3,0.2853,3,61,5,0,0
2024-05-14,44,1050,4,0.7666,0,13,5,0,0
2024-05-15,38,696,6,0.5997,3,138,5,0,1
2024-05-15,52,1213,4,0.5315,4,63,5,0,0
2024-05-15,60,1091,1,0.6851,1,117,5,0,1
2024-05-15,47,121,4,0.3518,4,111,5,0,0
2024-05-15,49,765,7,0.6559,3,365,5,0,1
2024-05-16,50,383,7,0.3093,3,93,5,0,0
2024-05-17,39,1043,5,0.3029,4,365,5,0,0
2024-05-17,55,451,4,0.5669,5,119,5,0,1
2024-05-17,31,398,1,0.3756,1,149,5,0,0
2024-05-17,22,1237,7,0.5812,0,55,5,0,1
2024-05-17,22,1340,6,0.6307,2,8,5,0,1
2024-05-18,21,1390,6,0.1078,4,365,5,0,0
2024-05-18,54,1392,4,0.3172,3,115,5,0,0
2024-05-18,39,506,7,0.818,2,17,5,0,1
2024-05-19,56,1395,6,0.4851,3,64,5,0,0
2024-05-19,57,257,5,0.7741,4,41,5,0,0
2024-05-19,33,380,2,0.7518,2,129,5,0,0
2024-05-19,39,163,2,0.7771,2,76,5,0,0
2024-05-20,28,1067,2,0.3297,1,13,5,0,1
2024-05-20,51,635,6,0.5198,3,10,5,0,0
2024-05-21,23,1178,4,0.3787,5,129,5,0,0
2024-05-21,29,1132,4,0.2631,0,25,5,0,0
2024-05-21,20,882,5,0.7605,4,130,5,0,1
2024-05-22,50,847,1,0.6117,5,365,5,0,0
2024-05-23,38,406,8,0.0729,4,50,5,0,0
2024-05-23,48,163,4,0.373,5,112,5,0,0
2024-05-23,40,193,6,0.7433,3,121,5,0,1
2024-05-23,49,901,10,0.3638,5,143,5,0,0
2024-05-23,30,892,9,0.1974,1,61,5,0,1
2024-05-23,33,1151,1,0.5607,4,132,5,0,0
2024-05-23,28,304,6,0.6289,0,131,5,0,1
2024-05-24,56,489,4,0.5917,0,365,5,0,1
2024-05-24,40,646,5,0.6623,3,365,5,0,0
2024-05-24,19,1147,2,0.5333,1,118,5,0,0
2024-05-24,56,1039,4,0.3022,5,129,5,0,0
2024-05-24,49,1472,6,0.6785,4,44,5,0,0
2024-05-24,26,658,7,0.9117,1,365,5,0,0
2024-05-25,65,245,6,0.4097,5,66,5,0,0
2024-05-25,45,1088,5,0.3591,2,40,5,0,0
2024-05-25,42,1141,6,0.7617,0,160,5,0,1
2024-05-25,25,622,5,0.643,3,147,5,0,0
2024-05-25,65,402,5,0.3336,4,126,5,0,0
2024-05-26,65,1208,2,0.3846,3,112,5,0,0
2024-05-26,27,111,3,0.4341,3,124,5,0,0
2024-05-26,55,452,5,0.6969,5,136,5,0,0
2024-05-26,54,355,4,0.5858,5,145,5,0,0
2024-05-26,35,1480,7,0.5692,5,88,5,0,1
2024-05-26,27,1495,4,0.7583,3,365,5,0,1
2024-05-26,50,507,5,0.3094,2,33,5,0,0
2024-05-26,42,294,12,0.4618,3,16,5,0,0
2024-05-27,24,1051,3,0.6066,4,30,5,0,0
2024-05-27,24,224,5,0.4037,0,365,5,0,0
2024-05-27,35,1458,5,0.6374,4,151,5,0,1
2024-05-27,50,793,1,0.7143,4,128,5,0,0
2024-05-27,46,920,4,0.3158,5,58,5,0,0
2024-05-27,40,95,4,0.6003,3,41,5,0,0
2024-05-28,43,1273,5,0.4641,3,365,5,0,1
2024-05-28,52,412,1,0.5456,1,139,5,0,0
2024-05-28,57,201,5,0.4848,5,32,5,0,0
2024-05-28,27,141,0,0.2517,1,365,5,0,0
2024-05-29,39,780,0,0.8572,4,165,5,0,0
2024-05-29,18,722,5,0.299,4,72,5,0,0
2024-05-29,22,441,2,0.3762,5,114,5,0,0
2024-05-29,22,366,4,0.7358,3,365,5,0,0
2024-05-30,42,619,8,0.4624,4,54,5,0,1
2024-05-30,65,1127,5,0.9215,0,365,5,0,1
2024-05-30,25,680,1,0.6386,2,53,5,0,1
2024-05-30,41,804,7,0.3391,1,121,5,0,0
2024-05-31,26,1139,1,0.3671,4,59,5,0,0
2024-05-31,59,1370,4,0.6506,2,160,5,0,1
2024-06-01,38,838,2,0.4464,1,365,6,0,1
2024-06-01,52,1423,3,0.2255,2,67,6,0,0
2024-06-02,50,630,7,0.2412,4,145,6,0,0
2024-06-02,42,915,4,0.5195,5,89,6,0,0
2024-06-02,36,200,1,0.4388,3,365,6,0,0
2024-06-02,26,374,3,0.2364,1,70,6,0,0
2024-06-02,33,1226,8,0.7358,1,76,6,0,0
2024-06-02,63,1369,4,0.2375,2,4,6,0,0
2024-06-02,46,1035,3,0.3764,2,148,6,0,0
2024-06-02,58,241,5,0.6446,4,96,6,0,0
2024-06-03,43,1018,5,0.7124,3,101,6,0,0
2024-06-03,33,826,4,0.5754,4,365,6,0,1
2024-06-03,49,510,4,0.7478,4,365,6,0,0
2024-06-04,52,135,6,0.4312,3,365,6,0,1
2024-06-04,24,1379,4,0.7872,0,32,6,0,1
2024-06-04,19,1374,3,0.1645,5,33,6,0,0
2024-06-04,65,680,6,0.2375,2,116,6,0,0
2024-06-05,25,828,5,0.2463,0,171,6,0,0
2024-06-05,28,1094,3,0.3193,5,49,6,0,0
2024-06-05,42,669,2,0.3062,4,84,6,0,1
2024-06-05,31,616,1,0.3002,3,37,6,0,0
2024-06-06,54,1056,2,0.4948,5,101,6,0,0
2024-06-06,53,239,4,0.5276,5,365,6,0,0
2024-06-06,26,529,3,0.815,5,93,6,0,1
2024-06-07,50,373,3,0.516,4,54,6,0,0
2024-06-07,28,784,6,0.4243,1,46,6,0,0
2024-06-07,36,514,5,0.2897,0,166,6,0,0
2024-06-07,63,1478,3,0.5587,2,107,6,0,0
2024-06-07,18,449,2,0.6059,1,90,6,0,0
2024-06-08,36,1193,6,0.87,2,49,6,0,1
2024-06-08,63,930,2,0.217,0,128,6,0,0
2024-06-08,50,547,4,0.5783,1,123,6,0,0
2024-06-08,37,754,6,0.8948,4,161,6,0,0
2024-06-08,25,1428,6,0.1324,2,365,6,0,0
2024-06-08,65,1475,6,0.4163,2,37,6,0,0
2024-06-09,32,415,2,0.9185,4,142,6,0,0
2024-06-09,63,226,3,0.5431,4,153,6,0,0
2024-06-09,45,1102,3,0.7087,5,160,6,0,1
2024-06-09,37,541,6,0.613,1,133,6,0,0
2024-06-10,48,460,4,0.3709,2,365,6,0,0
2024-06-10,26,1436,4,0.6879,3,102,6,0,1
2024-06-11,51,1033,5,0.5435,1,99,6,0,0
2024-06-12,53,918,6,0.8794,1,44,6,0,1
2024-06-12,27,233,2,0.2349,4,87,6,0,0
2024-06-12,23,505,3,0.8389,1,77,6,0,1
2024-06-12,50,233,3,0.6516,2,170,6,0,0
2024-06-12,42,927,1,0.5217,4,8,6,0,0
2024-06-12,38,450,3,0.1121,1,132,6,0,1
2024-06-13,34,862,4,0.3815,1,179,6,0,0
2024-06-13,28,1164,5,0.6273,4,113,6,0,0
2024-06-13,40,1133,2,0.8334,5,365,6,0,0
2024-06-13,58,524,5,0.8972,5,110,6,0,1
2024-06-14,65,120,7,0.5232,1,144,6,0,0
2024-06-14,52,448,5,0.3185,5,147,6,0,0
2024-06-15,56,1216,7,0.6086,3,365,6,0,0
2024-06-15,32,624,2,0.172,1,96,6,0,0
2024-06-15,49,873,6,0.4856,0,365,6,0,0
2024-06-15,18,394,4,0.9714,2,164,6,0,0
2024-06-15,35,338,4,0.7552,2,139,6,0,1
2024-06-15,43,848,4,0.7411,2,103,6,0,0
2024-06-17,32,288,2,0.1961,5,141,6,0,0
2024-06-17,19,1169,2,0.514,1,124,6,0,1
2024-06-17,22,681,2,0.5227,1,57,6,0,1
2024-06-18,28,294,5,0.7027,5,120,6,0,1
2024-06-19,31,988,3,0.5075,4,0,6,0,0
2024-06-19,43,116,5,0.3538,3,4,6,0,0
2024-06-19,21,520,5,0.6275,0,65,6,0,1
2024-06-19,21,902,5,0.5691,5,149,6,0,0
2024-06-20,46,924,4,0.5917,3,54,6,0,0
2024-06-21,24,577,4,0.3456,2,153,6,0,0
2024-06-21,65,1405,5,0.7672,0,113,6,0,0
2024-06-21,48,1136,2,0.3937,5,103,6,0,0
2024-06-22,42,1119,4,0.8227,4,13,6,0,0
2024-06-22,52,1014,7,0.2677,5,365,6,0,0
2024-06-22,18,783,5,0.764,4,365,6,0,0
2024-06-23,28,250,3,0.4281,3,365,6,0,0
2024-06-23,38,1479,2,0.6772,4,365,6,0,1
2024-06-23,56,231,2,0.7146,5,137,6,0,0
2024-06-23,20,331,2,0.1324,4,159,6,0,0
2024-06-23,25,588,4,0.5517,2,91,6,0,0
2024-06-23,55,920,5,0.4528,4,83,6,0,0
2024-06-23,27,550,4,0.5829,0,12,6,0,0
2024-06-23,36,409,6,0.458,2,14,6,0,0
2024-06-24,62,228,1,0.952,1,148,6,0,0
2024-06-24,64,237,2,0.4492,1,78,6,0,0
2024-06-24,58,1482,3,0.5607,1,150,6,0,0
2024-06-24,20,1260,7,0.3797,3,31,6,0,1
2024-06-24,39,1282,6,0.1608,4,179,6,0,0
2024-06-25,53,1064,3,0.5993,4,133,6,0,0
2024-06-25,19,1435,4,0.5777,3,28,6,0,1
2024-06-25,24,1353,2,0.5108,5,13,6,0,0
2024-06-25,40,962,5,0.1613,2,159,6,0,0
2024-06-26,28,1241,5,0.5746,0,146,6,0,1
2024-06-26,25,1416,8,0.375,3,90,6,0,0
2024-06-26,42,1045,6,0.5645,0,175,6,0,0
2024-06-26,19,1264,6,0.2419,1,167,6,0,0
2024-06-26,22,1349,5,0.8115,1,126,6,0,0
2024-06-27,39,1000,3,0.3091,4,96,6,0,0
2024-06-27,46,858,7,0.8067,5,88,6,0,0
2024-06-27,47,895,3,0.4388,2,115,6,0,0
2024-06-27,55,318,10,0.7521,0,79,6,0,1
2024-06-27,58,479,5,0.7583,4,365,6,0,0
2024-06-28,33,122,5,0.3258,5,125,6,0,0
2024-06-28,46,730,1,0.9428,4,161,6,0,0
2024-06-28,63,722,1,0.7397,2,153,6,0,0
2024-06-28,36,440,3,0.5021,0,163,6,0,0
2024-06-28,50,1454,6,0.721,5,365,6,0,0
2024-06-29,56,246,4,0.6967,2,10,6,0,0
2024-06-29,52,774,7,0.2905,0,31,6,0,0
2024-06-29,54,503,1,0.6438,2,43,6,0,1
2024-06-29,53,1199,5,0.9824,0,101,6,0,1
2024-06-30,47,925,5,0.3756,2,365,6,0,0
2024-06-30,41,110,4,0.1029,0,37,6,0,0
2024-06-30,51,223,3,0.4087,2,365,6,0,0
2024-06-30,24,1247,6,0.6683,4,92,6,0,0
2024-06-30,43,1091,3,0.5263,1,114,6,0,0
2024-07-01,61,1251,2,0.3249,4,155,7,0,0
2024-07-01,38,1142,2,0.5146,4,365,7,0,0
2024-07-01,62,753,1,0.018,4,62,7,0,0
2024-07-01,57,145,5,0.5258,0,145,7,0,0
2024-07-02,20,452,5,0.367,2,180,7,0,0
2024-07-02,19,1281,4,0.3405,1,46,7,0,0
2024-07-03,44,787,7,0.4477,1,140,7,0,1
2024-07-03,56,510,7,0.3467,0,365,7,0,0
2024-07-03,20,260,5,0.4645,1,106,7,0,0
2024-07-03,37,1359,4,0.3081,5,77,7,0,0
2024-07-03,26,1423,1,0.518,0,161,7,0,0
2024-07-03,64,1395,9,0.6255,3,140,7,0,0
2024-07-04,37,1386,4,0.2494,5,168,7,0,0
2024-07-04,27,973,4,0.2058,0,165,7,0,1
2024-07-04,42,693,4,0.3897,5,116,7,0,0
2024-07-04,37,1037,5,0.8092,4,113,7,0,1
2024-07-04,23,1170,3,0.3491,0,365,7,0,0
2024-07-04,38,383,2,0.0803,4,365,7,0,0
2024-07-04,58,1346,4,0.593,2,50,7,0,1
2024-07-04,27,799,7,0.3149,2,365,7,0,0
2024-07-04,61,1141,6,0.8313,2,31,7,0,1
2024-07-04,47,692,5,0.5592,1,83,7,0,0
2024-07-05,52,885,4,0.2425,5,121,7,0,0
2024-07-06,51,802,3,0.518,1,55,7,0,0
2024-07-07,64,342,3,0.6843,3,23,7,0,0
2024-07-07,38,446,10,0.5797,3,44,7,0,0
2024-07-08,24,828,0,0.3362,5,365,7,0,0
2024-07-08,57,1107,5,0.5389,4,126,7,0,0
2024-07-08,55,1407,5,0.4206,2,115,7,0,0
2024-07-08,19,1341,6,0.4142,3,179,7,0,0
2024-07-08,44,809,5,0.5123,1,161,7,0,1
2024-07-08,35,1285,4,0.5318,5,83,7,0,0
2024-07-08,22,315,6,0.5273,4,58,7,0,0
2024-07-09,49,1099,6,0.2971,5,137,7,0,0
2024-07-09,56,183,6,0.2903,0,112,7,0,0
2024-07-09,25,763,3,0.5297,3,65,7,0,1
2024-07-09,24,305,2,0.7215,2,112,7,0,0
2024-07-10,46,895,6,0.3532,2,59,7,0,1
2024-07-10,26,441,4,0.8408,4,54,7,0,0
2024-07-10,43,1165,6,0.3454,1,88,7,0,0
2024-07-10,31,256,3,0.6905,5,135,7,0,0
2024-07-10,65,804,8,0.7424,2,365,7,0,0
2024-07-11,50,1257,3,0.4771,4,107,7,0,0
2024-07-11,35,1382,3,0.8101,5,105,7,0,1
2024-07-11,30,621,2,0.8364,1,38,7,0,0
2024-07-12,26,260,7,0.3256,4,92,7,0,1
2024-07-12,25,962,9,0.4079,2,38,7,0,0
2024-07-12,57,351,1,0.3315,0,156,7,0,0
2024-07-13,62,261,8,0.8812,5,58,7,0,1
2024-07-13,57,947,9,0.6308,1,65,7,0,0
2024-07-15,18,624,3,0.5609,3,138,7,0,0
2024-07-15,52,340,5,0.5525,0,98,7,0,0
2024-07-15,58,1241,4,0.3604,3,93,7,0,0
2024-07-16,23,630,1,0.7198,4,96,7,0,0
2024-07-16,63,583,6,0.4335,0,28,7,0,0
2024-07-16,21,465,2,0.2255,4,110,7,0,0
2024-07-16,20,246,1,0.2339,2,138,7,0,0
2024-07-16,48,706,7,0.1585,5,11,7,0,0
2024-07-16,28,455,6,0.7545,2,81,7,0,0
2024-07-16,56,965,7,0.5879,1,34,7,0,0
2024-07-17,64,1139,4,0.886,4,180,7,0,1
2024-07-17,22,1233,5,0.7657,4,121,7,0,1
2024-07-17,38,1443,2,0.676,4,69,7,0,1
2024-07-18,37,909,6,0.3965,0,36,7,0,1
2024-07-18,40,316,5,0.8659,2,33,7,0,1
2024-07-20,63,230,4,0.0789,4,365,7,0,0
2024-07-20,59,1184,5,0.1602,2,118,7,0,0
2024-07-20,44,858,3,0.3166,2,133,7,0,0
2024-07-20,57,1063,4,0.2015,3,11,7,0,0
2024-07-20,51,290,0,0.6188,2,38,7,0,1
2024-07-20,59,1387,8,0.4545,0,159,7,0,1
2024-07-20,22,1411,1,0.4175,4,138,7,0,0
2024-07-20,28,573,2,0.9017,3,102,7,0,1
2024-07-20,48,867,2,0.6451,5,56,7,0,1
2024-07-21,24,1053,5,0.5527,5,104,7,0,1
2024-07-21,64,1040,7,0.4055,2,365,7,0,0
2024-07-21,38,784,6,0.4682,0,29,7,0,0
2024-07-21,60,145,5,0.9325,4,62,7,0,0
2024-07-21,46,547,5,0.5955,3,154,7,0,0
2024-07-22,19,578,2,0.7061,1,47,7,0,0
2024-07-22,39,1225,5,0.3236,1,20,7,0,0
2024-07-22,34,725,6,0.7067,0,150,7,0,0
2024-07-23,43,163,2,0.6106,2,139,7,0,0
2024-07-23,33,552,5,0.3781,5,2,7,0,0
2024-07-23,34,312,2,0.7066,3,54,7,0,1
2024-07-23,54,997,4,0.8559,5,91,7,0,0
2024-07-24,59,372,7,0.4494,2,110,7,0,0
2024-07-24,40,560,6,0.1928,3,121,7,0,0
2024-07-24,26,395,3,0.6623,2,43,7,0,1
2024-07-24,26,484,7,0.4216,3,168,7,0,0
2024-07-25,46,1077,6,0.5189,1,166,7,0,0
2024-07-25,60,1096,4,0.1851,0,365,7,0,0
2024-07-25,52,1404,3,0.6009,3,23,7,0,1
2024-07-25,34,1391,4,0.1352,2,120,7,0,0
2024-07-26,19,356,5,0.6708,1,162,7,0,1
2024-07-26,38,991,3,0.7166,5,62,7,0,0
2024-07-26,51,99,3,0.3804,5,118,7,0,0
2024-07-27,61,477,4,0.5115,2,104,7,0,1
2024-07-27,24,306,8,0.0007,0,99,7,0,0
2024-07-27,57,1071,2,0.6432,0,365,7,0,0
2024-07-27,60,1268,9,0.4458,5,172,7,0,0
2024-07-27,28,1139,4,0.2284,2,19,7,0,1
2024-07-27,42,343,4,0.7274,3,168,7,0,0
2024-07-27,65,1301,2,0.3009,3,59,7,0,0
2024-07-27,39,1439,8,0.8923,3,75,7,0,1
2024-07-27,64,101,5,0.4529,2,101,7,0,0
2024-07-27,47,1072,2,0.2667,4,151,7,0,0
2024-07-27,63,1175,4,0.1713,1,365,7,0,0
2024-07-27,45,144,3,0.546,2,68,7,0,1
2024-07-28,36,1106,6,0.7079,3,14,7,0,1
2024-07-28,32,148,4,0.5384,0,7,7,0,0
2024-07-28,19,184,6,0.8775,4,40,7,0,1
2024-07-28,27,1447,7,0.7308,3,31,7,0,0
2024-07-29,31,608,8,0.5777,5,78,7,0,0
2024-07-29,42,1254,4,0.6138,0,6,7,0,0
2024-07-29,27,326,4,0.4077,3,150,7,0,0
2024-07-29,54,1325,3,0.4376,3,365,7,0,1
2024-07-29,52,253,0,0.4643,3,39,7,0,0
2024-07-30,61,881,6,0.2332,3,73,7,0,0
2024-07-30,47,931,6,0.4382,0,77,7,0,1
2024-07-30,59,1186,1,0.3084,1,176,7,0,0
2024-07-31,24,475,4,0.9336,2,138,7,0,1
2024-07-31,50,105,5,0.1717,4,128,7,0,0
2024-07-31,45,1317,1,0.3266,0,56,7,0,1
2024-07-31,41,157,4,0.8125,2,66,7,0,0
2024-07-31,49,210,6,0.5652,1,365,7,0,0
2024-07-31,23,525,3,0.4966,2,152,7,0,0
2024-07-31,59,585,3,0.3843,4,111,7,0,0
2024-07-31,47,505,3,0.6922,4,83,7,0,1
2024-08-01,18,1209,4,0.7218,5,84,8,1,1
2024-08-01,22,138,1,0.4363,3,8,8,1,0
2024-08-02,63,1069,4,0.7624,2,46,8,1,1
2024-08-02,50,196,4,0.3112,4,173,8,1,0
2024-08-02,45,606,3,0.1694,0,163,8,1,0
2024-08-02,31,181,5,0.8658,0,78,8,1,0
2024-08-02,26,621,4,0.5108,4,19,8,1,0
2024-08-02,62,1283,5,0.3696,1,174,8,1,0
2024-08-03,24,641,3,0.5062,4,55,8,1,0
2024-08-03,61,1463,5,0.599,5,133,8,1,0
2024-08-03,30,1157,9,0.0385,0,115,8,1,0
2024-08-03,23,299,4,0.8148,5,365,8,1,0
2024-08-03,38,1444,6,0.3824,5,156,8,1,0
2024-08-03,36,1085,4,0.3906,0,43,8,1,0
2024-08-03,56,725,7,0.3139,4,175,8,1,1
2024-08-04,33,196,10,0.1941,2,94,8,1,0
2024-08-04,63,633,3,0.2523,5,62,8,1,0
2024-08-04,19,714,5,0.6303,1,365,8,1,0
2024-08-04,38,530,4,0.2161,5,37,8,1,0
2024-08-04,27,675,8,0.7719,0,84,8,1,1
2024-08-05,45,1449,4,0.6681,0,119,8,1,1
2024-08-05,61,982,5,0.349,3,19,8,1,0
2024-08-05,35,123,3,0.748,0,103,8,1,0
2024-08-05,56,516,6,0.6298,3,365,8,1,0
2024-08-05,26,244,4,0.7654,5,31,8,1,0
2024-08-06,39,1356,4,0.4559,4,30,8,1,0
2024-08-06,26,1373,4,0.7384,4,100,8,1,1
2024-08-06,33,1386,6,0.5667,3,13,8,1,1
2024-08-06,49,1015,4,0.4124,5,2,8,1,1
2024-08-07,62,1110,5,0.8801,5,365,8,1,1
2024-08-07,33,361,3,0.9808,3,4,8,1,0
2024-08-07,65,191,2,0.5584,3,43,8,1,0
2024-08-07,22,487,4,0.6104,3,365,8,1,0
2024-08-08,42,1434,2,0.593,5,167,8,1,0
2024-08-08,41,265,8,0.5936,4,133,8,1,1
2024-08-08,56,617,3,0.5738,3,54,8,1,1
2024-08-08,54,724,4,0.2415,4,114,8,1,0
2024-08-09,64,699,2,0.7698,2,108,8,1,0
2024-08-09,60,794,2,0.5206,1,365,8,1,0
2024-08-09,41,839,5,0.2263,3,109,8,1,0
2024-08-09,41,1355,2,0.8289,0,57,8,1,1
2024-08-09,65,691,4,0.6143,2,121,8,1,0
2024-08-10,43,872,6,0.3257,2,365,8,1,0
2024-08-10,52,630,7,0.887,2,84,8,1,1
2024-08-11,49,1088,4,0.2328,2,39,8,1,0
2024-08-11,22,1140,5,0.6998,3,67,8,1,0
2024-08-11,42,942,3,0.3495,3,160,8,1,0
2024-08-12,52,92,2,0.0558,4,111,8,1,0
2024-08-12,60,1384,2,0.8144,5,178,8,1,1
2024-08-12,31,808,3,0.4035,4,365,8,1,0
2024-08-13,58,1039,1,0.6472,4,71,8,1,0
2024-08-13,43,1082,5,0.5106,2,46,8,1,0
2024-08-13,55,530,2,0.8298,0,1,8,1,0
2024-08-13,34,519,9,0.4588,4,176,8,1,1
2024-08-13,47,710,4,0.2985,3,36,8,1,0
2024-08-13,51,578,3,0.381,1,25,8,1,0
2024-08-13,54,1101,6,0.496,5,365,8,1,0
2024-08-13,37,1274,6,0.5666,2,22,8,1,0
2024-08-14,53,871,2,0.7661,5,179,8,1,1
2024-08-14,43,848,4,0.585,3,365,8,1,0
2024-08-14,55,349,1,0.9234,1,111,8,1,1
2024-08-14,27,1255,3,0.3173,0,95,8,1,0
2024-08-14,43,389,4,0.4095,4,137,8,1,0
2024-08-15,63,794,3,0.6809,1,165,8,1,1
2024-08-15,27,642,6,0.2161,5,70,8,1,0
2024-08-15,23,1187,3,0.3844,3,96,8,1,0
2024-08-16,63,857,4,0.8918,1,63,8,1,1
2024-08-16,35,457,4,0.9589,2,158,8,1,0
2024-08-16,21,107,8,0.0747,0,168,8,1,0
2024-08-16,39,1064,5,0.4031,1,40,8,1,0
2024-08-17,39,249,2,0.2946,0,151,8,1,1
2024-08-17,29,165,5,0.4209,2,5,8,1,0
2024-08-18,50,886,3,0.9425,4,62,8,1,1
2024-08-18,50,463,2,0.3945,5,177,8,1,0
2024-08-18,58,439,5,0.1849,1,12,8,1,1
2024-08-18,43,1405,7,0.3704,3,121,8,1,0
2024-08-18,26,1341,3,0.5821,3,174,8,1,1
2024-08-19,18,349,7,0.7799,2,365,8,1,1
2024-08-19,46,578,2,0.2282,2,11,8,1,0
2024-08-19,51,854,4,0.1297,4,57,8,1,0
2024-08-19,45,687,4,0.0696,2,19,8,1,1
2024-08-19,32,1261,3,0.6815,1,173,8,1,1
2024-08-19,33,1478,8,0.4786,5,133,8,1,0
2024-08-20,43,880,4,0.5335,4,138,8,1,0
2024-08-20,61,343,7,0.598,5,44,8,1,0
2024-08-20,55,429,2,0.4663,4,365,8,1,0
2024-08-20,43,743,5,0.4996,5,154,8,1,0
2024-08-21,25,487,3,0.5938,4,88,8,1,1
2024-08-22,32,1171,2,0.8276,1,63,8,1,0
2024-08-22,60,578,3,0.3834,3,365,8,1,0
2024-08-22,44,389,4,0.2531,5,99,8,1,0
2024-08-22,24,1489,8,0.4095,2,14,8,1,1
2024-08-22,39,1391,3,0.5841,5,8,8,1,0
2024-08-22,19,1184,4,0.6408,3,138,8,1,1
2024-08-22,42,1405,3,0.4949,0,365,8,1,1
2024-08-23,32,1434,4,0.738,3,69,8,1,1
2024-08-23,27,1095,2,0.7116,5,83,8,1,0
2024-08-23,65,1364,5,0.7875,1,155,8,1,0
2024-08-23,33,669,1,0.4507,4,89,8,1,0
2024-08-23,30,273,2,0.9233,2,121,8,1,1
2024-08-24,35,1144,6,0.9598,4,40,8,1,0
2024-08-24,21,390,3,0.4363,3,43,8,1,1
2024-08-24,46,1498,4,0.8121,4,98,8,1,0
2024-08-24,45,328,6,0.1589,1,153,8,1,0
2024-08-25,18,833,3,0.5647,5,365,8,1,0
2024-08-25,20,750,1,0.9275,3,144,8,1,1
2024-08-25,36,1195,7,0.3024,4,365,8,1,0
2024-08-25,44,851,5,0.8237,5,119,8,1,1
2024-08-25,53,243,4,0.1793,2,124,8,1,1
2024-08-25,24,964,8,0.6781,0,51,8,1,0
2024-08-25,38,1405,1,0.7038,5,56,8,1,0
2024-08-25,37,1229,1,0.5974,5,42,8,1,1
2024-08-25,53,1012,3,0.5556,3,29,8,1,1
2024-08-26,33,1241,3,0.5687,1,150,8,1,0
2024-08-27,27,1361,4,0.6872,1,25,8,1,0
2024-08-27,61,1351,4,0.2958,2,120,8,1,0
2024-08-28,19,1206,8,0.6853,3,77,8,1,1
2024-08-28,33,143,1,0.0082,0,166,8,1,0
2024-08-28,20,205,2,0.4964,1,163,8,1,0
2024-08-28,34,153,4,0.5621,2,118,8,1,0
2024-08-29,44,1052,5,0.4522,3,126,8,1,1
2024-08-29,42,543,4,0.0413,5,16,8,1,0
2024-08-29,42,1028,4,0.2691,4,78,8,1,0
2024-08-29,42,379,5,0.9735,3,121,8,1,0
2024-08-29,33,979,1,0.5291,3,70,8,1,0
2024-08-29,64,1346,8,0.2659,1,365,8,1,0
2024-08-30,22,1073,3,0.6087,5,169,8,1,1
2024-08-30,64,1185,7,0.6315,2,95,8,1,0
2024-08-30,63,1309,5,0.4696,4,72,8,1,0
2024-08-31,47,1252,3,0.2684,2,30,8,1,0
2024-08-31,35,952,2,0.6175,0,60,8,1,0
2024-08-31,47,1097,8,0.5701,2,365,8,1,0
2024-09-01,62,1146,5,0.7525,2,161,9,0,0
2024-09-01,31,989,3,0.538,0,81,9,0,0
2024-09-02,57,1455,4,0.636,2,131,9,0,0
2024-09-03,55,599,4,0.4998,5,74,9,0,0
2024-09-03,20,1247,3,0.6211,3,1,9,0,0
2024-09-03,38,563,5,0.1596,5,7,9,0,0
2024-09-04,50,300,4,0.1913,2,365,9,0,0
2024-09-04,34,1488,4,0.3976,1,23,9,0,0
2024-09-04,34,1331,5,0.785,2,110,9,0,0
2024-09-05,47,748,4,0.8267,1,84,9,0,0
2024-09-06,41,327,6,0.7571,0,365,9,0,1
2024-09-06,39,286,3,0.1138,1,21,9,0,0
2024-09-06,35,304,3,0.8961,2,75,9,0,0
2024-09-07,26,428,4,0.2532,1,93,9,0,0
2024-09-07,41,874,3,0.8177,0,365,9,0,0
2024-09-07,60,1474,1,0.359,0,60,9,0,1
2024-09-08,21,693,2,0.6992,5,24,9,0,0
2024-09-08,39,1179,5,0.0549,3,365,9,0,0
2024-09-08,23,628,7,0.655,5,128,9,0,0
2024-09-08,34,345,1,0.7,1,40,9,0,0
2024-09-08,59,323,5,0.4274,5,15,9,0,0
2024-09-09,42,1073,9,0.6954,4,165,9,0,1
2024-09-09,52,751,4,0.2077,2,87,9,0,0
2024-09-09,58,693,4,0.4,4,77,9,0,0
2024-09-09,20,1413,4,0.7711,2,79,9,0,1
2024-09-09,48,1312,5,0.4902,5,365,9,0,0
2024-09-09,64,447,3,0.3929,2,365,9,0,1
2024-09-09,43,228,4,0.6199,0,365,9,0,0
2024-09-09,33,766,2,0.4836,5,68,9,0,0
2024-09-10,52,1215,8,0.628,2,82,9,0,1
2024-09-10,59,160,3,0.8707,2,117,9,0,1
2024-09-11,44,1205,4,0.3556,2,32,9,0,1
2024-09-11,29,822,1,0.3962,4,171,9,0,0
2024-09-11,29,743,4,0.5289,5,4,9,0,0
2024-09-11,47,1341,4,0.4196,3,98,9,0,0
2024-09-11,60,270,4,0.7407,1,155,9,0,1
2024-09-12,63,1028,1,0.2662,0,90,9,0,0
2024-09-12,18,669,6,0.325,3,177,9,0,0
2024-09-12,65,379,1,0.4072,3,12,9,0,0
2024-09-12,29,880,7,0.3634,4,143,9,0,1
2024-09-12,57,1072,2,0.3348,0,83,9,0,0
2024-09-12,19,440,6,0.2693,4,176,9,0,0
2024-09-12,57,903,4,0.754,3,104,9,0,0
2024-09-13,19,626,5,0.3988,1,365,9,0,1
2024-09-13,18,1241,2,0.4075,2,170,9,0,0
2024-09-13,55,1100,5,0.5231,1,79,9,0,0
2024-09-13,60,749,6,0.574,3,115,9,0,0
2024-09-14,57,1181,9,0.719,1,365,9,0,0
2024-09-14,63,884,3,0.759,3,67,9,0,0
2024-09-14,62,737,6,0.8481,0,365,9,0,0
2024-09-14,18,1172,2,0.2964,3,27,9,0,0
2024-09-14,49,439,7,0.7286,1,12,9,0,1
2024-09-14,32,148,5,0.7244,1,123,9,0,1
2024-09-14,29,703,4,0.879,4,106,9,0,1
2024-09-14,47,690,2,0.6754,2,162,9,0,0
2024-09-15,62,382,2,0.3188,3,163,9,0,0
2024-09-15,48,950,5,0.3062,3,107,9,0,0
2024-09-15,60,480,5,0.4905,5,22,9,0,0
2024-09-15,35,1291,4,0.9254,1,131,9,0,0
2024-09-15,63,518,4,0.3662,4,35,9,0,0
2024-09-16,56,451,4,0.6307,2,74,9,0,0
2024-09-16,61,1396,2,0.7313,5,83,9,0,0
2024-09-17,25,1291,6,0.1302,5,161,9,0,0
2024-09-17,40,1373,6,0.4128,3,28,9,0,0
2024-09-18,34,783,4,0.7714,1,175,9,0,1
2024-09-18,29,1435,1,0.9576,3,365,9,0,1
2024-09-18,31,1341,3,0.4911,0,123,9,0,0
2024-09-20,20,575,3,0.6591,0,365,9,0,1
2024-09-20,65,566,7,0.1174,5,28,9,0,0
2024-09-20,20,665,3,0.4339,2,84,9,0,0
2024-09-20,60,442,3,0.2254,1,59,9,0,0
2024-09-20,60,1447,1,0.7696,3,12,9,0,0
2024-09-20,23,789,6,0.0393,5,27,9,0,0
2024-09-21,47,1267,2,0.8155,4,365,9,0,0
2024-09-21,38,229,4,0.4425,1,365,9,0,0
2024-09-21,49,103,2,0.5267,1,163,9,0,1
2024-09-21,19,1303,4,0.7323,0,49,9,0,0
2024-09-21,42,865,1,0.5967,5,113,9,0,0
2024-09-21,40,1489,5,0.5004,4,31,9,0,0
2024-09-21,31,1108,4,0.2963,3,365,9,0,0
2024-09-22,31,708,0,0.6947,3,8,9,0,0
2024-09-22,59,366,1,0.2321,3,79,9,0,0
2024-09-22,37,583,7,0.4195,3,9,9,0,0
2024-09-23,64,307,5,0.5528,5,365,9,0,0
2024-09-23,38,701,7,0.6265,0,58,9,0,0
2024-09-23,63,1238,4,0.7904,5,6,9,0,0
2024-09-24,34,119,5,0.42,3,85,9,0,0
2024-09-24,34,306,3,0.3448,3,68,9,0,0
2024-09-24,33,998,6,0.3708,3,46,9,0,0
2024-09-25,27,1418,5,0.8654,5,92,9,0,1
2024-09-25,38,1349,1,0.2561,2,16,9,0,0
2024-09-25,49,1343,6,0.3705,2,58,9,0,0
2024-09-25,47,1272,5,0.2719,2,102,9,0,1
2024-09-26,54,712,6,0.224,5,126,9,0,0
2024-09-26,47,315,7,0.692,1,21,9,0,0
2024-09-27,36,972,4,0.9182,5,161,9,0,1
2024-09-27,51,1087,3,0.3139,3,57,9,0,0
2024-09-28,21,569,5,0.9549,3,365,9,0,1
2024-09-28,50,1053,7,0.6194,0,81,9,0,0
2024-09-28,20,1131,2,0.2999,3,104,9,0,0
2024-09-28,37,475,3,0.4487,3,172,9,0,0
2024-09-28,42,410,2,0.4137,2,365,9,0,1
2024-09-28,33,794,4,0.6944,3,81,9,0,0
2024-09-28,31,328,3,0.5355,2,137,9,0,0
2024-09-29,57,1069,5,0.5541,5,64,9,0,0
2024-09-29,60,408,1,0.1629,0,8,9,0,0
2024-09-30,30,1153,3,0.7124,5,365,9,0,0
2024-09-30,49,1046,5,0.6429,4,79,9,0,1
2024-09-30,34,860,9,0.5977,2,72,9,0,0
2024-10-01,36,769,4,0.7512,1,365,10,1,1
2024-10-01,51,1465,3,0.5497,2,161,10,1,0
2024-10-01,29,374,4,0.808,0,149,10,1,1
2024-10-02,34,299,4,0.8899,1,8,10,1,1
2024-10-03,38,1338,2,0.675,0,100,10,1,1
2024-10-03,61,1324,5,0.5058,0,155,10,1,0
2024-10-03,33,364,6,0.4335,3,46,10,1,1
2024-10-03,45,1064,2,0.7024,0,157,10,1,1
2024-10-03,21,1076,5,0.6802,3,365,10,1,1
2024-10-03,46,1260,5,0.7363,3,105,10,1,0
2024-10-04,18,1466,6,0.5633,4,365,10,1,0
2024-10-04,42,685,4,0.547,0,118,10,1,0
2024-10-04,23,1080,4,0.3333,3,365,10,1,1
2024-10-05,23,878,9,0.5643,4,81,10,1,0
2024-10-05,57,870,5,0.5616,3,365,10,1,0
2024-10-05,43,137,5,0.7165,3,52,10,1,0
2024-10-06,25,1491,7,0.2115,1,99,10,1,1
2024-10-07,65,1436,9,0.6181,2,178,10,1,0
2024-10-07,42,364,3,0.3644,0,80,10,1,0
2024-10-07,44,418,4,0.7631,2,1,10,1,0
2024-10-07,63,1071,2,0.8623,1,73,10,1,0
2024-10-07,30,324,2,0.2077,4,27,10,1,0
2024-10-07,40,764,1,0.9617,1,137,10,1,1
2024-10-07,57,669,6,0.8129,2,175,10,1,1
2024-10-07,41,242,4,0.4939,3,97,10,1,0
2024-10-08,35,462,2,0.6209,5,72,10,1,1
2024-10-08,57,620,5,0.4295,1,365,10,1,0
2024-10-09,64,473,3,0.8928,0,126,10,1,1
2024-10-09,32,466,2,0.7489,0,13,10,1,1
2024-10-09,31,518,8,0.3501,1,131,10,1,0
2024-10-09,61,707,6,0.5078,0,157,10,1,0
2024-10-09,57,1187,5,0.5117,3,70,10,1,0
2024-10-09,58,691,2,0.4079,4,45,10,1,0
2024-10-10,27,408,8,0.8027,0,125,10,1,0
2024-10-11,19,1338,5,0.182,5,75,10,1,0
2024-10-11,64,742,1,0.6899,2,58,10,1,0
2024-10-12,37,440,3,0.1062,5,365,10,1,0
2024-10-12,41,911,1,0.1151,1,53,10,1,0
2024-10-12,53,1289,3,0.5217,4,106,10,1,0
2024-10-12,21,1089,4,0.5205,5,180,10,1,0
2024-10-12,51,212,2,0.6084,2,68,10,1,1
2024-10-13,39,1378,6,0.3672,0,122,10,1,0
2024-10-13,48,214,1,0.9469,5,125,10,1,0
2024-10-14,32,850,8,0.2608,2,33,10,1,1
2024-10-14,59,178,5,0.0975,3,72,10,1,1
2024-10-14,65,1261,5,0.2627,0,4,10,1,1
2024-10-14,33,1258,3,0.8592,1,34,10,1,1
2024-10-15,38,609,5,0.6986,1,83,10,1,0
2024-10-15,45,1152,6,0.3046,3,26,10,1,0
2024-10-15,22,1431,2,0.2919,1,56,10,1,1
2024-10-15,18,434,7,0.6435,4,365,10,1,0
2024-10-16,62,795,5,0.131,3,365,10,1,1
2024-10-16,62,267,9,0.6526,0,172,10,1,0
2024-10-17,32,621,7,0.6574,4,152,10,1,0
2024-10-17,64,663,2,0.7383,0,93,10,1,0
2024-10-17,24,620,10,0.147,3,10,10,1,0
2024-10-17,62,1069,4,0.4541,0,102,10,1,0
2024-10-17,39,463,5,0.6234,1,21,10,1,1
2024-10-17,49,1430,6,0.3355,3,39,10,1,1
2024-10-17,32,1370,1,0.7956,5,365,10,1,0
2024-10-17,43,1006,5,0.6217,2,74,10,1,1
2024-10-18,54,570,5,0.0753,1,11,10,1,0
2024-10-18,29,768,3,0.1363,5,65,10,1,0
2024-10-18,23,1462,1,0.3987,1,44,10,1,0
2024-10-18,41,913,5,0.7624,1,365,10,1,0
2024-10-18,56,969,3,0.4229,3,171,10,1,0
2024-10-19,24,816,1,0.2428,3,61,10,1,0
2024-10-20,53,737,2,0.3976,4,118,10,1,0
2024-10-20,59,1398,8,0.9319,2,57,10,1,0
2024-10-20,29,1484,6,0.33,0,1,10,1,0
2024-10-21,33,499,2,0.538,1,35,10,1,0
2024-10-21,26,426,2,0.8945,1,365,10,1,0
2024-10-22,35,774,6,0.8014,2,76,10,1,1
2024-10-22,60,826,3,0.8939,0,365,10,1,0
2024-10-22,23,1486,10,0.887,0,78,10,1,1
2024-10-23,56,363,6,0.3052,5,29,10,1,0
2024-10-23,50,881,4,0.5925,1,14,10,1,0
2024-10-23,41,1323,8,0.2359,4,176,10,1,0
2024-10-23,49,631,3,0.4167,0,41,10,1,0
2024-10-23,45,247,4,0.1913,1,365,10,1,0
2024-10-23,39,435,4,0.5696,1,158,10,1,1
2024-10-23,40,1406,4,0.7592,4,141,10,1,0
2024-10-24,64,806,2,0.9474,2,365,10,1,0
2024-10-24,32,1150,2,0.2635,3,96,10,1,1
2024-10-24,64,1060,5,0.589,5,25,10,1,0
2024-10-24,21,1362,4,0.5381,0,153,10,1,1
2024-10-25,24,1028,6,0.5705,4,365,10,1,1
2024-10-26,32,334,2,0.6038,0,365,10,1,0
2024-10-27,42,1399,2,0.361,1,70,10,1,0
2024-10-27,63,414,0,0.3006,5,365,10,1,0
2024-10-27,40,892,5,0.8088,1,59,10,1,0
2024-10-27,36,1220,6,0.8653,1,80,10,1,0
2024-10-28,31,245,4,0.6636,5,365,10,1,0
2024-10-28,45,1429,12,0.2957,0,97,10,1,0
2024-10-28,64,667,5,0.3995,2,365,10,1,0
2024-10-28,47,1413,6,0.314,0,161,10,1,0
2024-10-28,34,335,4,0.56,5,102,10,1,0
2024-10-28,29,699,5,0.3027,5,138,10,1,0
2024-10-29,47,774,8,0.7454,4,128,10,1,0
2024-10-29,23,1362,4,0.2978,1,365,10,1,1
2024-10-29,33,404,2,0.2939,1,365,10,1,0
2024-10-29,57,1443,6,0.0835,2,156,10,1,1
2024-10-29,53,179,1,0.5497,5,110,10,1,0
2024-10-29,24,1037,3,0.4883,2,115,10,1,1
2024-10-30,24,351,4,0.198,1,2,10,1,1
2024-10-30,60,1043,7,0.2966,0,154,10,1,0
2024-10-31,19,594,3,0.7488,2,365,10,1,0
2024-10-31,63,1328,10,0.8656,1,168,10,1,1
2024-10-31,40,679,6,0.5813,0,47,10,1,1
2024-10-31,22,1321,5,0.0386,2,24,10,1,1
2024-10-31,29,1125,4,0.8297,2,51,10,1,0
2024-11-01,35,472,5,0.1209,5,47,11,1,0
2024-11-01,29,972,3,0.3842,5,112,11,1,0
2024-11-01,21,1357,6,0.8998,0,71,11,1,0
2024-11-02,58,508,2,0.3881,5,61,11,1,0
2024-11-02,32,1035,1,0.3003,1,15,11,1,0
2024-11-02,26,1294,7,0.3243,0,69,11,1,0
2024-11-02,21,755,3,0.3857,1,59,11,1,0
2024-11-02,55,1133,3,0.4936,3,158,11,1,1
2024-11-02,53,1137,1,0.6719,2,64,11,1,1
2024-11-02,34,550,4,0.5643,0,130,11,1,0
2024-11-03,59,593,3,0.4667,4,141,11,1,1
2024-11-03,53,688,5,0.3979,0,46,11,1,0
2024-11-03,36,1016,5,0.7447,4,365,11,1,0
2024-11-03,37,356,6,0.9653,3,21,11,1,1
2024-11-03,60,1447,7,0.5397,1,96,11,1,1
2024-11-04,61,1144,4,0.7594,1,2,11,1,0
2024-11-04,21,940,3,0.6171,4,169,11,1,0
2024-11-04,42,115,5,0.4431,1,365,11,1,0
2024-11-04,25,1477,2,0.6441,3,365,11,1,0
2024-11-04,40,1028,1,0.5424,2,106,11,1,1
2024-11-04,63,185,5,0.6881,0,180,11,1,0
2024-11-04,19,755,9,0.5274,5,90,11,1,0
2024-11-06,46,101,6,0.1833,1,365,11,1,0
2024-11-06,28,894,4,0.2188,0,365,11,1,0
2024-11-06,28,1341,2,0.7303,2,12,11,1,1
2024-11-06,63,892,7,0.594,4,365,11,1,0
2024-11-06,55,1028,5,0.1502,5,365,11,1,0
2024-11-07,54,473,5,0.5285,0,138,11,1,0
2024-11-07,63,1169,5,0.4968,1,8,11,1,1
2024-11-07,34,1375,4,0.3942,0,111,11,1,0
2024-11-07,58,734,7,0.6589,2,101,11,1,0
2024-11-08,50,1149,3,0.4013,2,74,11,1,0
2024-11-08,37,900,6,0.5947,1,168,11,1,1
2024-11-08,65,812,4,0.3224,2,139,11,1,0
2024-11-09,39,1107,4,0.8424,3,116,11,1,0
2024-11-09,36,764,4,0.8009,4,365,11,1,0
2024-11-09,39,911,7,0.2345,2,155,11,1,0
2024-11-09,21,556,4,0.5648,4,72,11,1,0
2024-11-09,38,1292,3,0.4019,5,52,11,1,0
2024-11-09,26,167,4,0.4538,0,5,11,1,0
2024-11-09,62,677,2,0.0638,5,365,11,1,1
2024-11-10,65,503,5,0.5712,3,178,11,1,0
2024-11-10,35,688,4,0.6714,4,23,11,1,0
2024-11-10,58,1102,1,0.5075,0,156,11,1,0
2024-11-10,27,778,2,0.7457,3,82,11,1,0
2024-11-11,32,125,4,0.9516,2,142,11,1,0
2024-11-11,31,1065,7,0.5139,5,30,11,1,1
2024-11-11,20,856,3,0.4677,0,24,11,1,0
2024-11-12,30,910,5,0.9128,4,117,11,1,0
2024-11-12,23,1418,1,0.4019,3,72,11,1,0
2024-11-12,27,1052,2,0.5942,0,110,11,1,1
2024-11-12,19,1311,2,0.5571,0,76,11,1,1
2024-11-12,27,850,5,0.8012,1,136,11,1,0
2024-11-12,19,1327,7,0.8376,3,98,11,1,0
2024-11-13,45,138,7,0.4854,4,365,11,1,0
2024-11-13,36,579,2,0.943,1,142,11,1,1
2024-11-13,59,172,4,0.6948,2,365,11,1,0
2024-11-13,59,318,4,0.7234,4,3,11,1,0
2024-11-13,62,1466,3,0.527,4,83,11,1,0
2024-11-13,27,1279,6,0.336,1,116,11,1,0
2024-11-13,23,903,0,0.45,3,108,11,1,0
2024-11-14,57,200,6,0.3451,1,154,11,1,0
2024-11-14,55,469,2,0.1487,0,3,11,1,0
2024-11-14,31,1198,3,0.3,4,61,11,1,1
2024-11-14,19,1388,1,0.5546,0,365,11,1,0
2024-11-15,58,1007,2,0.8928,5,365,11,1,0
2024-11-15,28,771,4,0.1543,0,89,11,1,1
2024-11-15,63,1186,1,0.7716,0,56,11,1,1
2024-11-17,24,977,4,0.7707,1,26,11,1,1
2024-11-18,42,439,3,0.4668,5,57,11,1,0
2024-11-18,19,1398,5,0.5602,4,89,11,1,1
2024-11-18,56,143,4,0.7304,3,28,11,1,0
2024-11-18,21,1492,2,0.637,0,52,11,1,1
2024-11-19,28,758,8,0.8909,0,121,11,1,1
2024-11-19,53,757,2,0.5334,4,365,11,1,0
2024-11-19,58,1186,6,0.5761,2,129,11,1,0
2024-11-19,50,498,4,0.5907,3,62,11,1,1
2024-11-19,29,1033,7,0.7481,1,23,11,1,1
2024-11-20,65,280,2,0.1182,5,171,11,1,0
2024-11-20,43,1255,4,0.8802,4,33,11,1,0
2024-11-21,43,363,4,0.6043,0,175,11,1,1
2024-11-21,51,491,2,0.2774,4,96,11,1,0
2024-11-22,23,482,3,0.3506,3,65,11,1,0
2024-11-22,51,1300,3,0.2491,0,122,11,1,0
2024-11-22,54,1054,2,0.6723,0,46,11,1,1
2024-11-22,38,507,2,0.0557,4,24,11,1,0
2024-11-23,22,469,4,0.212,5,26,11,1,0
2024-11-23,29,627,6,0.685,4,62,11,1,0
2024-11-23,60,672,3,0.2745,5,45,11,1,0
2024-11-23,41,1198,4,0.9495,3,365,11,1,1
2024-11-24,23,968,5,0.6203,1,365,11,1,1
2024-11-24,34,1321,3,0.1301,3,88,11,1,1
2024-11-24,29,765,3,0.4335,3,365,11,1,0
2024-11-24,26,319,4,0.6114,2,93,11,1,0
2024-11-25,56,144,2,0.2055,3,171,11,1,0
2024-11-25,22,593,2,0.55,5,162,11,1,0
2024-11-25,18,1173,4,0.5759,0,71,11,1,0
2024-11-25,43,166,3,0.2863,0,69,11,1,1
2024-11-25,57,300,6,0.4952,2,365,11,1,0
2024-11-26,23,350,4,0.5934,1,104,11,1,1
2024-11-26,28,533,3,0.5322,1,118,11,1,1
2024-11-26,20,716,4,0.3904,4,137,11,1,0
2024-11-27,42,882,3,0.4412,3,114,11,1,0
2024-11-27,24,1148,3,0.7878,5,55,11,1,0
2024-11-27,61,408,3,0.4048,0,24,11,1,0
2024-11-28,64,1331,1,0.305,3,94,11,1,0
2024-11-28,26,953,8,0.4432,1,365,11,1,1
2024-11-28,34,657,2,0.2962,5,365,11,1,1
2024-11-29,38,106,2,0.5951,1,104,11,1,0
2024-11-29,65,881,5,0.6186,4,365,11,1,0
2024-11-30,47,356,4,0.9396,1,164,11,1,0
2024-11-30,39,1041,5,0.2766,3,365,11,1,0
2024-11-30,24,898,6,0.472,3,45,11,1,0
2024-11-30,36,776,4,0.5661,4,6,11,1,0
2024-12-01,38,620,8,0.6478,4,150,12,0,0
2024-12-02,65,1188,3,0.8616,4,134,12,0,0
2024-12-02,43,206,1,0.3283,4,69,12,0,0
2024-12-02,24,1318,6,0.755,4,79,12,0,0
2024-12-02,31,1452,1,0.3475,5,78,12,0,1
2024-12-03,34,770,6,0.9027,5,13,12,0,1
2024-12-03,46,1484,6,0.7899,0,164,12,0,0
2024-12-03,31,997,7,0.4938,4,365,12,0,0
2024-12-03,39,376,2,0.5254,0,106,12,0,0
2024-12-03,63,1279,5,0.4283,2,110,12,0,0
2024-12-03,35,308,4,0.4348,2,73,12,0,1
2024-12-03,39,568,6,0.9103,4,85,12,0,0
2024-12-04,42,417,4,0.5439,2,155,12,0,0
2024-12-04,57,936,8,0.6468,5,161,12,0,0
2024-12-04,56,1166,3,0.8028,2,144,12,0,1
2024-12-04,24,860,5,0.2964,3,53,12,0,0
2024-12-04,55,190,3,0.4824,2,0,12,0,0
2024-12-04,19,1054,4,0.666,2,147,12,0,0
2024-12-05,43,665,7,0.4167,0,140,12,0,0
2024-12-05,20,1305,5,0.4249,4,151,12,0,0
2024-12-06,60,709,4,0.8981,2,365,12,0,0
2024-12-06,35,1191,4,0.1362,2,365,12,0,0
2024-12-06,23,992,5,0.5645,2,120,12,0,0
2024-12-06,21,929,4,0.3301,4,143,12,0,0
2024-12-06,27,746,7,0.541,3,42,12,0,0
2024-12-06,28,106,8,0.4142,5,30,12,0,0
2024-12-07,35,1433,5,0.7205,4,0,12,0,0
2024-12-07,18,913,3,0.5011,0,118,12,0,1
2024-12-07,18,1318,5,0.3217,1,365,12,0,0
2024-12-07,62,1301,3,0.6332,2,33,12,0,0
2024-12-08,24,1489,3,0.4725,3,180,12,0,1
2024-12-08,50,464,3,0.6162,1,102,12,0,1
2024-12-08,55,498,3,0.498,5,18,12,0,0
2024-12-08,26,811,4,0.826,4,173,12,0,1
2024-12-08,33,1089,2,0.8325,0,111,12,0,1
2024-12-09,21,484,3,0.2971,3,104,12,0,0
2024-12-09,18,140,3,0.6441,3,365,12,0,0
2024-12-10,23,1421,6,0.5072,3,113,12,0,0
2024-12-10,46,1472,2,0.4018,5,142,12,0,1
2024-12-10,38,899,3,0.9648,5,79,12,0,0
2024-12-10,62,1144,5,0.6652,3,115,12,0,1
2024-12-11,37,716,3,0.3365,0,138,12,0,0
2024-12-11,29,652,5,0.3911,2,167,12,0,0
2024-12-11,32,959,2,0.6477,5,3,12,0,0
2024-12-11,52,1133,3,0.6134,0,365,12,0,0
2024-12-11,63,586,5,0.5441,1,52,12,0,1
2024-12-11,42,798,6,0.3389,1,9,12,0,0
2024-12-12,31,791,3,0.5963,1,107,12,0,1
2024-12-12,60,383,3,0.6293,1,108,12,0,1
2024-12-12,53,245,4,0.3946,2,132,12,0,0
2024-12-13,22,1334,6,0.2986,5,124,12,0,0
2024-12-13,61,761,5,0.5257,2,365,12,0,0
2024-12-13,35,1256,3,0.459,3,76,12,0,1
2024-12-13,25,136,5,0.682,1,4,12,0,1
2024-12-13,54,1143,2,0.7384,5,77,12,0,0
2024-12-13,57,495,3,0.4907,2,151,12,0,0
2024-12-14,37,1147,3,0.1239,0,6,12,0,1
2024-12-14,45,152,2,0.8195,1,70,12,0,0
2024-12-14,26,918,3,0.4525,3,17,12,0,1
2024-12-15,47,1475,6,0.128,1,22,12,0,0
2024-12-15,40,913,6,0.569,2,150,12,0,0
2024-12-15,45,240,3,0.397,3,365,12,0,0
2024-12-15,35,248,1,0.5811,3,102,12,0,0
2024-12-15,18,634,2,0.9264,5,365,12,0,1
2024-12-15,28,1390,5,0.8599,0,96,12,0,1
2024-12-16,26,335,3,0.1762,1,121,12,0,1
2024-12-17,24,722,3,0.7939,1,64,12,0,1
2024-12-17,55,1322,4,0.3011,5,365,12,0,0
2024-12-17,25,929,4,0.2201,5,140,12,0,0
2024-12-17,59,619,2,0.295,0,101,12,0,0
2024-12-18,35,795,2,0.3889,3,168,12,0,0
2024-12-18,44,575,3,0.3446,3,365,12,0,0
2024-12-18,30,1471,5,0.362,5,365,12,0,0
2024-12-18,46,579,0,0.7371,2,33,12,0,0
2024-12-19,43,907,3,0.6802,2,72,12,0,1
2024-12-20,55,95,0,0.2453,5,41,12,0,0
2024-12-20,33,985,6,0.5823,3,156,12,0,0
2024-12-20,57,835,5,0.7239,0,365,12,0,1
2024-12-20,51,1268,1,0.7256,4,143,12,0,1
2024-12-20,40,191,2,0.7541,5,78,12,0,0
2024-12-20,63,813,7,0.6776,0,22,12,0,1
2024-12-20,27,676,4,0.6827,0,85,12,0,0
2024-12-21,54,231,5,0.4695,0,126,12,0,1
2024-12-22,41,673,3,0.6219,2,133,12,0,0
2024-12-22,33,298,2,0.1488,0,61,12,0,0
2024-12-22,52,696,5,0.1117,0,155,12,0,0
2024-12-23,28,804,4,0.3837,4,128,12,0,1
2024-12-23,65,427,3,0.6595,3,58,12,0,1
2024-12-23,25,1219,2,0.3212,4,365,12,0,0
2024-12-23,63,1219,8,0.6665,2,165,12,0,0
2024-12-23,61,850,5,0.709,2,48,12,0,0
2024-12-24,48,1449,5,0.5636,3,164,12,0,0
2024-12-24,37,1316,3,0.9174,1,57,12,0,1
2024-12-25,62,938,4,0.1687,0,171,12,0,0
2024-12-25,39,1257,1,0.4187,4,66,12,0,0
2024-12-25,31,818,5,0.5255,3,35,12,0,0
2024-12-26,25,1020,1,0.6263,2,89,12,0,1
2024-12-26,43,786,6,0.278,0,21,12,0,0
2024-12-27,43,380,4,0.5706,2,103,12,0,1
2024-12-27,57,894,4,0.3242,3,75,12,0,0
2024-12-27,56,391,5,0.9547,4,113,12,0,1
2024-12-27,30,235,0,0.3393,0,0,12,0,0
2024-12-27,33,329,6,0.9183,2,152,12,0,1
2024-12-27,21,682,4,0.8565,4,83,12,0,1
2024-12-27,51,153,3,0.5771,0,365,12,0,0
2024-12-28,46,1153,4,0.6525,2,19,12,0,0
2024-12-29,53,1388,6,0.263,1,131,12,0,0
2024-12-29,43,698,2,0.3785,0,163,12,0,0
2024-12-29,39,1415,2,0.6906,5,55,12,0,1
2024-12-29,35,1221,6,0.8961,2,365,12,0,1
2024-12-29,37,1351,2,0.1383,3,0,12,0,0
2024-12-29,23,681,7,0.4539,1,84,12,0,0
2024-12-29,35,177,3,0.1122,1,42,12,0,0
2024-12-29,36,1376,5,0.984,4,56,12,0,1
2024-12-30,24,327,3,0.2141,3,38,12,0,1
2024-12-30,39,576,6,0.8078,0,1,12,0,0
2024-12-31,42,1245,1,0.4584,3,126,12,0,1
2024-12-31,33,505,6,0.7361,3,76,12,0,0
2024-12-31,32,614,6,0.4518,3,95,12,0,0
2025-01-01,39,1333,10,0.4832,4,41,1,1,1
2025-01-01,22,356,5,0.1759,5,365,1,1,0
2025-01-01,21,1469,2,0.2752,1,51,1,1,0
2025-01-01,34,689,7,0.9323,1,10,1,1,1
2025-01-02,27,1057,7,0.2661,5,81,1,1,0
2025-01-02,36,308,3,0.7579,0,83,1,1,1
2025-01-02,38,1008,2,0.1573,2,149,1,1,0
2025-01-02,58,155,4,0.4027,2,96,1,1,0
2025-01-02,31,1463,6,0.471,3,70,1,1,0
2025-01-02,51,170,5,0.1245,1,2,1,1,0
2025-01-03,34,886,4,0.6583,0,97,1,1,0
2025-01-03,44,1450,2,0.7142,5,19,1,1,0
2025-01-03,30,356,4,0.7803,4,51,1,1,0
2025-01-04,42,437,6,0.7978,3,2,1,1,0
2025-01-04,49,1156,3,0.5147,0,34,1,1,1
2025-01-04,55,745,1,0.4194,4,118,1,1,0
2025-01-04,19,1339,10,0.3973,0,3,1,1,1
2025-01-05,55,1492,5,0.1813,1,73,1,1,1
2025-01-05,20,700,3,0.6202,5,365,1,1,0
2025-01-06,46,937,4,0.5704,0,365,1,1,0
2025-01-06,28,403,4,0.3009,5,38,1,1,0
2025-01-07,51,264,3,0.4537,1,179,1,1,0
2025-01-08,39,1175,3,0.4354,5,108,1,1,1
2025-01-08,47,1481,2,0.1014,5,136,1,1,1
2025-01-08,65,994,8,0.5235,5,167,1,1,0
2025-01-08,61,1146,3,0.5277,1,84,1,1,0
2025-01-09,54,969,2,0.5253,4,75,1,1,0
2025-01-09,38,1361,6,0.5303,1,365,1,1,0
2025-01-09,35,1018,6,0.6287,3,180,1,1,1
2025-01-09,31,624,2,0.6342,2,365,1,1,0
2025-01-09,65,1376,4,0.5302,3,40,1,1,0
2025-01-09,23,860,2,0.4292,2,16,1,1,1
2025-01-09,22,963,3,0.2161,3,171,1,1,0
2025-01-10,55,552,7,0.1609,0,365,1,1,0
2025-01-10,21,561,7,0.353,5,62,1,1,0
2025-01-10,29,386,11,0.4218,0,154,1,1,0
2025-01-11,31,786,6,0.6892,5,149,1,1,0
2025-01-11,28,1481,4,0.9596,4,365,1,1,1
2025-01-11,41,1334,5,0.7062,0,365,1,1,0
2025-01-11,56,374,3,0.7354,5,59,1,1,0
2025-01-11,49,1432,4,0.6943,4,9,1,1,0
2025-01-11,65,1250,4,0.5373,5,365,1,1,0
2025-01-11,24,1040,4,0.9374,2,101,1,1,0
2025-01-12,46,913,6,0.9228,3,66,1,1,1
2025-01-12,18,981,2,0.4021,1,365,1,1,0
2025-01-12,45,1218,4,0.1714,1,18,1,1,0
2025-01-12,19,717,2,0.4926,4,141,1,1,1
2025-01-12,25,218,4,0.5745,0,149,1,1,1
2025-01-13,48,1182,5,0.4882,3,142,1,1,0
2025-01-13,38,544,3,0.4596,3,365,1,1,0
2025-01-13,48,1105,6,0.743,4,12,1,1,1
2025-01-14,59,133,2,0.5411,3,365,1,1,0
2025-01-14,28,212,4,0.3496,3,119,1,1,0
2025-01-14,55,936,2,0.917,2,86,1,1,0
2025-01-14,38,1470,3,0.605,1,69,1,1,0
2025-01-14,32,703,6,0.7631,1,137,1,1,0
2025-01-14,57,1262,5,0.3962,5,72,1,1,0
2025-01-14,43,1083,3,0.2059,0,94,1,1,0
2025-01-14,59,1157,5,0.7226,1,365,1,1,0
2025-01-15,39,774,7,0.6206,3,18,1,1,1
2025-01-16,35,1488,3,0.7204,2,365,1,1,0
2025-01-16,55,1106,5,0.8298,1,67,1,1,0
2025-01-16,31,910,3,0.2652,2,75,1,1,0
2025-01-17,54,479,3,0.7051,1,365,1,1,1
2025-01-17,46,208,3,0.6802,5,54,1,1,0
2025-01-17,49,466,2,0.3186,0,125,1,1,0
2025-01-17,52,94,3,0.56,3,25,1,1,0
2025-01-17,44,375,4,0.496,5,136,1,1,0
2025-01-18,35,930,3,0.6393,1,365,1,1,1
2025-01-18,50,425,4,0.4391,1,365,1,1,1
2025-01-18,42,1142,2,0.9019,3,365,1,1,1
2025-01-18,59,1389,4,0.3621,1,159,1,1,0
2025-01-18,59,597,5,0.628,4,365,1,1,1
2025-01-19,20,1149,5,0.1113,5,365,1,1,0
2025-01-19,32,1253,5,0.2027,3,61,1,1,1
2025-01-19,43,693,7,0.4542,2,159,1,1,0
2025-01-19,50,1497,5,0.8251,3,48,1,1,0
2025-01-19,42,528,1,0.7805,1,117,1,1,1
2025-01-19,47,1178,3,0.986,1,365,1,1,0
2025-01-20,51,782,5,0.7084,5,38,1,1,1
2025-01-20,40,1412,2,0.2343,4,81,1,1,0
2025-01-21,58,240,5,0.6266,0,63,1,1,1
2025-01-21,63,562,4,0.3645,3,365,1,1,1
2025-01-21,19,286,4,0.2367,4,156,1,1,0
2025-01-21,31,476,5,0.6483,5,114,1,1,0
2025-01-21,25,1339,4,0.5909,5,39,1,1,0
2025-01-21,37,1046,8,0.3867,4,68,1,1,0
2025-01-22,40,758,7,0.5225,3,98,1,1,1
2025-01-22,19,1288,2,0.6727,0,10,1,1,1
2025-01-22,54,1054,6,0.8794,5,43,1,1,0
2025-01-22,20,1186,7,0.2102,0,103,1,1,0
2025-01-23,35,423,3,0.5087,0,111,1,1,1
2025-01-23,39,1295,1,0.4779,3,55,1,1,0
2025-01-23,32,1077,3,0.5953,2,99,1,1,0
2025-01-23,33,1383,6,0.7986,3,124,1,1,1
2025-01-24,31,874,4,0.5513,3,130,1,1,0
2025-01-24,49,1083,7,0.8592,2,11,1,1,0
2025-01-24,26,1411,3,0.1806,2,15,1,1,0
2025-01-25,23,1184,4,0.5747,5,145,1,1,1
2025-01-25,28,261,6,0.7821,2,6,1,1,1
2025-01-25,59,1460,4,0.6368,4,168,1,1,1
2025-01-25,35,571,2,0.7833,4,12,1,1,0
2025-01-25,57,1413,6,0.6867,0,162,1,1,0
2025-01-25,44,528,2,0.4604,2,161,1,1,0
2025-01-25,38,201,2,0.4489,0,365,1,1,0
2025-01-25,40,734,2,0.4621,1,365,1,1,0
2025-01-26,44,1031,8,0.3115,4,160,1,1,0
2025-01-26,18,144,2,0.8418,4,146,1,1,0
2025-01-26,41,779,3,0.9591,5,95,1,1,1
2025-01-26,24,456,8,0.5509,0,365,1,1,1
2025-01-26,31,220,4,0.1269,1,135,1,1,0
2025-01-26,62,641,4,0.3105,0,108,1,1,0
2025-01-27,45,673,4,0.6457,2,143,1,1,0
2025-01-27,60,1447,5,0.5796,1,137,1,1,1
2025-01-27,45,1030,4,0.6658,2,365,1,1,1
2025-01-27,28,541,8,0.6859,4,365,1,1,0
2025-01-27,43,1090,3,0.7142,4,164,1,1,0
2025-01-27,36,660,5,0.586,1,136,1,1,0
2025-01-28,51,130,2,0.2625,2,1,1,1,0
2025-01-28,39,1349,2,0.1822,5,365,1,1,0
2025-01-28,32,903,1,0.5502,2,147,1,1,1
2025-01-28,19,753,3,0.898,0,36,1,1,1
2025-01-28,27,1350,7,0.6762,0,154,1,1,0
2025-01-28,60,836,1,0.7903,2,365,1,1,0
2025-01-28,30,827,5,0.3617,2,27,1,1,0
2025-01-28,55,616,5,0.4367,2,365,1,1,0
2025-01-29,58,880,4,0.3157,4,365,1,1,0
2025-01-29,25,1164,5,0.3702,3,54,1,1,0
2025-01-29,54,662,3,0.8836,0,148,1,1,0
2025-01-29,60,287,5,0.1546,2,176,1,1,1
2025-01-30,27,262,2,0.5297,1,66,1,1,0
2025-01-30,59,705,4,0.5907,1,53,1,1,0
2025-01-30,29,316,5,0.2549,5,89,1,1,1
2025-01-30,40,156,3,0.6198,0,365,1,1,0
2025-01-31,54,1117,6,0.4658,4,31,1,1,0
2025-02-01,46,828,5,0.278,4,0,2,0,0
2025-02-01,40,1454,3,0.6166,4,78,2,0,0
2025-02-01,57,310,4,0.6882,5,32,2,0,0
2025-02-01,54,873,5,0.7274,1,365,2,0,0
2025-02-02,31,249,2,0.1036,2,365,2,0,0
2025-02-02,22,237,5,0.606,2,132,2,0,0
2025-02-02,47,410,4,0.0521,4,115,2,0,0
2025-02-02,54,364,3,0.4333,1,365,2,0,0
2025-02-02,40,1055,1,0.6396,5,365,2,0,1
2025-02-03,45,1448,4,0.4361,3,81,2,0,1
2025-02-03,19,628,4,0.3554,4,12,2,0,0
2025-02-03,35,1041,3,0.7442,5,169,2,0,0
2025-02-03,33,1389,4,0.8247,1,51,2,0,0
2025-02-03,51,347,4,0.5563,4,99,2,0,0
2025-02-04,57,1173,3,0.3897,2,44,2,0,0
2025-02-04,18,1078,6,0.5355,2,53,2,0,0
2025-02-04,33,136,3,0.8164,4,165,2,0,0
2025-02-05,55,265,8,0.4173,4,46,2,0,0
2025-02-05,49,850,5,0.752,0,163,2,0,0
2025-02-05,20,722,9,0.1998,4,174,2,0,0
2025-02-05,18,1449,1,0.899,5,42,2,0,1
2025-02-06,51,446,3,0.179,4,57,2,0,0
2025-02-06,24,989,8,0.328,5,175,2,0,1
2025-02-06,51,1079,4,0.5786,0,365,2,0,0
2025-02-07,21,562,3,0.2579,2,51,2,0,1
2025-02-07,45,1190,11,0.8423,0,21,2,0,1
2025-02-07,21,373,5,0.414,4,82,2,0,0
2025-02-07,39,503,4,0.5332,3,39,2,0,0
2025-02-08,37,806,4,0.3875,1,53,2,0,1
2025-02-08,54,674,1,0.3358,5,365,2,0,1
2025-02-08,39,1068,3,0.5138,1,179,2,0,0
2025-02-08,44,979,2,0.7597,3,80,2,0,1
2025-02-08,45,369,5,0.747,0,365,2,0,0
2025-02-10,18,101,2,0.594,2,128,2,0,0
2025-02-10,57,394,4,0.6479,1,8,2,0,0
2025-02-10,48,1062,5,0.6602,5,67,2,0,1
2025-02-10,23,238,3,0.3216,0,165,2,0,0
2025-02-10,55,336,3,0.5367,5,60,2,0,0
2025-02-10,31,946,3,0.8731,5,16,2,0,0
2025-02-11,56,894,5,0.6722,0,365,2,0,1
2025-02-11,43,482,2,0.5903,5,33,2,0,0
2025-02-11,44,1281,4,0.735,5,107,2,0,0
2025-02-11,33,214,5,0.7362,1,60,2,0,1
2025-02-12,58,303,5,0.5743,5,365,2,0,0
2025-02-12,45,987,3,0.5356,4,78,2,0,0
2025-02-12,34,716,3,0.7374,1,2,2,0,0
2025-02-13,28,1263,5,0.8984,2,153,2,0,1
2025-02-15,35,1499,8,0.6321,4,139,2,0,0
2025-02-16,21,846,6,0.7044,4,134,2,0,0
2025-02-17,44,825,3,0.7303,1,365,2,0,0
2025-02-18,40,983,2,0.7563,0,365,2,0,0
2025-02-18,43,224,9,0.6977,0,88,2,0,0
2025-02-19,30,976,6,0.8501,3,104,2,0,1
2025-02-19,20,751,4,0.3363,1,59,2,0,0
2025-02-19,38,175,3,0.4521,3,13,2,0,0
2025-02-19,31,293,5,0.1596,3,365,2,0,0
2025-02-19,28,147,5,0.818,1,166,2,0,0
2025-02-19,46,1440,5,0.2204,2,365,2,0,1
2025-02-20,58,1467,3,0.4559,5,159,2,0,0
2025-02-21,60,1299,1,0.5824,5,148,2,0,0
2025-02-21,46,648,3,0.8879,0,172,2,0,1
2025-02-21,25,402,6,0.4086,3,152,2,0,0
2025-02-21,55,1476,2,0.4739,2,365,2,0,1
2025-02-21,37,167,3,0.4018,0,54,2,0,0
2025-02-21,62,797,9,0.9333,0,117,2,0,1
2025-02-21,46,1482,6,0.0961,0,23,2,0,0
2025-02-22,35,1391,1,0.848,4,65,2,0,0
2025-02-22,32,345,4,0.6096,1,365,2,0,0
2025-02-22,37,655,5,0.8418,1,119,2,0,1
2025-02-22,34,1242,6,0.8243,1,114,2,0,1
2025-02-22,52,592,6,0.6238,0,48,2,0,0
2025-02-22,31,1148,1,0.384,1,1,2,0,0
2025-02-22,37,1144,6,0.6768,0,100,2,0,1
2025-02-23,47,1062,2,0.1141,5,110,2,0,0
2025-02-23,46,433,5,0.4477,0,159,2,0,0
2025-02-23,46,1141,1,0.6514,0,46,2,0,1
2025-02-23,46,1478,5,0.7698,0,87,2,0,1
2025-02-24,18,1009,4,0.4806,2,73,2,0,0
2025-02-24,48,1109,6,0.6437,2,7,2,0,0
2025-02-25,58,612,7,0.0941,5,6,2,0,0
2025-02-25,41,183,3,0.6855,0,365,2,0,1
2025-02-25,48,308,4,0.4909,5,32,2,0,1
2025-02-25,23,895,3,0.5737,0,139,2,0,0
2025-02-25,46,1500,7,0.5981,2,163,2,0,1
2025-02-26,43,875,3,0.2543,0,365,2,0,0
2025-02-26,39,872,2,0.7071,0,31,2,0,0
2025-02-26,52,1034,2,0.6339,5,108,2,0,0
2025-02-26,40,723,6,0.9105,5,73,2,0,1
2025-02-27,42,1203,5,0.3713,2,26,2,0,1
2025-02-27,42,553,0,0.5941,2,365,2,0,0
2025-02-27,59,1083,5,0.1991,1,39,2,0,0
2025-02-27,34,433,4,0.3249,5,365,2,0,0
2025-02-27,20,105,1,0.8014,0,96,2,0,0
2025-02-27,38,277,5,0.4406,4,365,2,0,0
2025-02-28,26,330,7,0.4529,0,32,2,0,0
2025-02-28,30,1295,4,0.4789,0,179,2,0,0
2025-02-28,34,1055,3,0.6411,2,102,2,0,0
2025-02-28,61,1490,5,0.5777,0,120,2,0,0
2025-03-01,49,312,7,0.6218,3,137,3,0,0
2025-03-01,27,348,2,0.2527,0,55,3,0,0
2025-03-01,44,483,5,0.4651,5,43,3,0,0
2025-03-02,64,279,3,0.8233,0,173,3,0,0
2025-03-02,30,684,7,0.5686,2,161,3,0,1
2025-03-02,26,90,0,0.9605,0,27,3,0,1
2025-03-02,56,477,3,0.3054,3,79,3,0,0
2025-03-03,50,559,4,0.4419,4,44,3,0,0
2025-03-03,64,1235,2,0.5729,4,83,3,0,0
2025-03-03,64,266,5,0.7941,5,85,3,0,0
2025-03-04,65,93,2,0.2478,3,57,3,0,0
2025-03-05,34,1223,4,0.4947,0,102,3,0,1
2025-03-05,27,299,6,0.7293,4,149,3,0,1
2025-03-06,26,134,2,0.2746,2,169,3,0,0
2025-03-06,29,968,5,0.4465,1,87,3,0,0
2025-03-06,40,1437,3,0.3536,0,71,3,0,0
2025-03-06,46,1026,6,0.7438,4,103,3,0,0
2025-03-06,47,1413,2,0.5681,0,365,3,0,1
2025-03-06,28,1138,4,0.6898,3,53,3,0,0
2025-03-06,41,750,4,0.2649,4,96,3,0,0
2025-03-06,44,1413,6,0.5255,3,176,3,0,0
2025-03-07,63,502,8,0.5657,5,365,3,0,0
2025-03-07,38,1094,2,0.7578,4,157,3,0,0
2025-03-07,30,513,4,0.6084,1,365,3,0,0
2025-03-07,34,742,11,0.3155,0,14,3,0,0
2025-03-07,65,1210,2,0.9108,1,365,3,0,0
2025-03-07,63,928,6,0.7795,2,365,3,0,1
2025-03-07,35,1418,4,0.628,1,129,3,0,1
2025-03-08,56,1348,6,0.44,2,137,3,0,1
2025-03-08,61,816,4,0.2623,1,36,3,0,0
2025-03-08,50,1405,4,0.8333,0,60,3,0,1
2025-03-08,23,177,3,0.5631,0,140,3,0,0
2025-03-08,57,158,2,0.7259,1,171,3,0,0
2025-03-08,23,307,5,0.8731,2,21,3,0,1
2025-03-08,27,1309,4,0.4506,3,365,3,0,0
2025-03-09,41,330,2,0.5814,2,42,3,0,0
2025-03-09,38,1050,4,0.6842,3,91,3,0,1
2025-03-10,26,1432,4,0.4084,5,92,3,0,0
2025-03-10,51,473,4,0.3273,1,365,3,0,0
2025-03-10,50,751,3,0.5034,1,103,3,0,1
2025-03-10,52,516,6,0.0391,3,33,3,0,0
2025-03-10,50,933,8,0.6238,0,365,3,0,1
2025-03-10,61,484,4,0.8231,2,55,3,0,0
2025-03-10,42,610,3,0.2928,3,136,3,0,0
2025-03-10,65,979,8,0.6436,3,179,3,0,0
2025-03-11,52,210,5,0.5511,5,365,3,0,1
2025-03-11,41,761,0,0.8322,2,161,3,0,0
2025-03-11,60,530,2,0.542,4,80,3,0,0
2025-03-11,23,404,5,0.067,5,120,3,0,0
2025-03-12,45,904,7,0.3939,5,114,3,0,0
2025-03-12,39,1073,3,0.6671,0,44,3,0,1
2025-03-12,61,1399,3,0.3382,4,55,3,0,0
2025-03-12,64,1114,0,0.5999,3,365,3,0,0
2025-03-12,18,875,4,0.8162,0,11,3,0,0
2025-03-12,58,1412,6,0.6934,5,148,3,0,0
2025-03-13,23,994,2,0.5044,1,80,3,0,0
2025-03-13,42,1460,5,0.5274,5,150,3,0,0
2025-03-13,20,710,5,0.783,2,68,3,0,1
2025-03-13,55,330,3,0.3802,0,120,3,0,0
2025-03-14,50,1133,4,0.2239,1,156,3,0,0
2025-03-14,65,855,1,0.3826,2,160,3,0,1
2025-03-14,26,816,5,0.4314,0,19,3,0,0
2025-03-15,65,995,9,0.4707,5,80,3,0,0
2025-03-15,19,800,0,0.8217,2,141,3,0,0
2025-03-15,27,1003,3,0.6227,1,158,3,0,0
2025-03-16,56,969,1,0.6343,0,41,3,0,0
2025-03-16,63,1129,3,0.5716,2,125,3,0,0
2025-03-16,37,612,7,0.515,4,365,3,0,0
2025-03-16,27,1073,5,0.5459,4,365,3,0,0
2025-03-16,39,472,0,0.3323,1,40,3,0,0
2025-03-16,25,261,7,0.3941,0,365,3,0,1
2025-03-17,43,800,5,0.5475,2,104,3,0,0
2025-03-17,44,1188,3,0.9119,3,21,3,0,0
2025-03-18,54,580,5,0.4359,3,71,3,0,0
2025-03-18,42,1227,5,0.5457,0,5,3,0,0
2025-03-18,41,1283,10,0.3034,0,146,3,0,1
2025-03-18,43,364,6,0.192,4,365,3,0,0
2025-03-18,19,1117,7,0.4834,5,177,3,0,0
2025-03-18,52,339,5,0.5496,1,135,3,0,1
2025-03-18,26,717,3,0.9462,3,7,3,0,1
2025-03-19,59,104,5,0.6709,0,160,3,0,0
2025-03-19,52,483,4,0.8123,4,117,3,0,0
2025-03-19,33,1279,3,0.4928,2,92,3,0,0
2025-03-20,20,336,5,0.1152,2,63,3,0,0
2025-03-20,51,822,6,0.8201,1,365,3,0,0
2025-03-21,24,654,5,0.56,5,19,3,0,0
2025-03-21,29,1129,4,0.29,1,137,3,0,0
2025-03-21,55,1335,5,0.8304,1,135,3,0,0
2025-03-21,60,302,3,0.4505,5,122,3,0,0
2025-03-22,21,290,1,0.8871,2,31,3,0,0
2025-03-22,59,270,7,0.4648,0,167,3,0,0
2025-03-23,59,291,3,0.6506,2,62,3,0,0
2025-03-23,57,517,5,0.5841,0,68,3,0,1
2025-03-23,43,1477,2,0.487,1,41,3,0,1
2025-03-23,31,251,7,0.0316,1,49,3,0,0
2025-03-24,51,1449,2,0.706,3,172,3,0,0
2025-03-24,26,1281,1,0.3736,1,119,3,0,1
2025-03-24,41,277,3,0.2692,3,134,3,0,0
2025-03-24,33,176,8,0.2026,5,49,3,0,0
2025-03-24,57,226,2,0.2493,4,5,3,0,0
2025-03-24,24,1415,5,0.2981,2,70,3,0,0
2025-03-25,30,315,5,0.4282,1,51,3,0,0
2025-03-25,43,1303,6,0.6701,4,365,3,0,1
2025-03-25,34,1242,3,0.3883,5,127,3,0,0
2025-03-25,36,672,7,0.5216,1,86,3,0,1
2025-03-25,52,990,5,0.5299,4,177,3,0,0
2025-03-25,23,1060,3,0.7331,0,161,3,0,1
2025-03-25,36,805,4,0.4432,2,159,3,0,0
2025-03-25,19,826,4,0.7644,1,49,3,0,1
2025-03-25,60,815,5,0.9081,0,44,3,0,0
2025-03-25,56,282,5,0.5569,1,114,3,0,0
2025-03-26,29,472,3,0.5096,3,40,3,0,0
2025-03-26,33,1167,3,0.3122,2,75,3,0,0
2025-03-26,18,1419,6,0.4672,3,42,3,0,1
2025-03-27,37,711,3,0.4359,3,29,3,0,0
2025-03-27,38,1296,3,0.7806,3,35,3,0,1
2025-03-27,21,1285,4,0.507,5,62,3,0,0
2025-03-27,33,910,3,0.1074,3,103,3,0,1
2025-03-27,62,880,6,0.2545,2,155,3,0,0
2025-03-28,55,893,2,0.5432,4,65,3,0,0
2025-03-28,33,1252,5,0.6055,0,78,3,0,0
2025-03-28,49,1343,9,0.2455,4,145,3,0,0
2025-03-28,22,178,1,0.3725,2,97,3,0,0
2025-03-28,51,343,5,0.4777,0,79,3,0,0
2025-03-28,52,1056,4,0.7612,0,143,3,0,1
2025-03-29,45,563,4,0.5148,5,20,3,0,0
2025-03-29,41,523,4,0.6,0,365,3,0,0
2025-03-29,31,204,8,0.3868,2,365,3,0,0
2025-03-29,19,1070,4,0.8691,5,117,3,0,0
2025-03-29,36,1162,4,0.528,3,36,3,0,1
2025-03-29,32,576,8,0.7759,3,143,3,0,0
2025-03-30,18,876,3,0.1623,5,81,3,0,0
2025-03-30,52,879,6,0.9302,3,175,3,0,1
2025-03-30,22,722,3,0.2891,1,42,3,0,0
2025-03-31,64,1492,3,0.2456,5,170,3,0,0
2025-03-31,21,160,4,0.5898,5,61,3,0,0
2025-03-31,47,109,2,0.5605,3,70,3,0,0
2025-03-31,55,128,2,0.855,4,29,3,0,0
2025-03-31,25,1309,5,0.7643,2,365,3,0,1
2025-04-01,54,1473,6,0.6908,0,91,4,0,0
2025-04-01,22,1066,5,0.9243,4,147,4,0,1
2025-04-02,34,1249,3,0.105,3,134,4,0,0
2025-04-02,34,1415,8,0.609,0,365,4,0,1
2025-04-02,61,207,8,0.4419,3,13,4,0,1
2025-04-02,54,1008,2,0.2145,3,92,4,0,0
2025-04-02,20,1047,1,0.6823,2,78,4,0,0
2025-04-02,21,329,1,0.4984,2,12,4,0,0
2025-04-04,59,660,4,0.7001,4,144,4,0,1
2025-04-04,32,574,3,0.7229,0,48,4,0,0
2025-04-05,22,133,2,0.7864,0,117,4,0,0
2025-04-05,49,1059,4,0.7144,5,57,4,0,0
2025-04-06,55,193,3,0.1462,4,87,4,0,0
2025-04-06,22,1194,2,0.3592,4,14,4,0,0
2025-04-06,39,985,5,0.1158,4,131,4,0,0
2025-04-06,34,997,7,0.2292,4,365,4,0,0
2025-04-06,38,908,5,0.7622,4,365,4,0,0
2025-04-07,39,647,5,0.6627,1,365,4,0,1
2025-04-07,63,219,2,0.0537,3,147,4,0,0
2025-04-07,20,949,5,0.8867,4,81,4,0,1
2025-04-08,59,516,3,0.277,4,19,4,0,0
2025-04-08,24,1361,8,0.2249,0,365,4,0,0
2025-04-08,46,793,4,0.4771,0,55,4,0,0
2025-04-09,57,519,3,0.1665,2,92,4,0,0
2025-04-09,47,749,5,0.6296,0,100,4,0,1
2025-04-09,22,736,2,0.6948,5,95,4,0,0
2025-04-09,52,862,3,0.4942,4,365,4,0,0
2025-04-10,48,917,6,0.4725,1,86,4,0,0
2025-04-10,52,363,7,0.6269,4,99,4,0,1
2025-04-10,64,1305,4,0.7146,4,179,4,0,0
2025-04-11,51,1110,6,0.5119,3,32,4,0,0
2025-04-11,50,1362,5,0.9726,3,166,4,0,0
2025-04-11,52,848,2,0.6376,5,75,4,0,0
2025-04-12,19,949,2,0.6209,1,365,4,0,1
2025-04-12,46,839,3,0.3861,2,30,4,0,0
2025-04-12,53,209,0,0.5453,2,113,4,0,0
2025-04-12,35,966,3,0.0893,0,172,4,0,0
2025-04-13,63,510,3,0.6329,0,94,4,0,0
2025-04-13,29,667,6,0.6241,4,162,4,0,0
2025-04-14,55,628,5,0.8184,2,365,4,0,0
2025-04-14,21,626,1,0.3018,5,146,4,0,0
2025-04-15,64,897,5,0.8221,0,37,4,0,0
2025-04-15,28,141,5,0.4705,1,126,4,0,0
2025-04-15,25,1051,5,0.0812,4,77,4,0,0
2025-04-16,59,552,1,0.4805,2,54,4,0,1
2025-04-16,55,1157,2,0.6064,4,102,4,0,0
2025-04-16,27,1368,2,0.3718,2,171,4,0,0
2025-04-17,41,286,3,0.654,4,69,4,0,0
2025-04-18,51,1093,6,0.5145,2,21,4,0,0
2025-04-18,18,1457,6,0.2391,3,100,4,0,0
2025-04-19,37,223,3,0.2901,3,66,4,0,0
2025-04-19,22,959,3,0.3384,3,68,4,0,0
2025-04-19,64,1428,6,0.3877,2,177,4,0,1
2025-04-19,41,512,6,0.7074,4,93,4,0,0
2025-04-20,49,1077,4,0.9195,1,49,4,0,0
2025-04-20,44,1164,3,0.4869,3,169,4,0,1
2025-04-20,56,1487,4,0.5333,1,151,4,0,0
2025-04-20,51,288,3,0.2382,3,143,4,0,0
2025-04-20,60,223,2,0.5916,1,118,4,0,1
2025-04-21,54,838,3,0.3843,1,365,4,0,0
2025-04-21,60,345,2,0.461,3,142,4,0,0
2025-04-21,61,595,1,0.7254,5,15,4,0,0
2025-04-21,52,1076,6,0.1661,0,147,4,0,0
2025-04-21,34,1337,6,0.1371,2,49,4,0,0
2025-04-21,46,1180,4,0.2206,2,365,4,0,0
2025-04-21,56,1320,3,0.6983,4,89,4,0,0
2025-04-21,43,1151,4,0.3309,5,159,4,0,1
2025-04-21,50,1409,6,0.4993,0,22,4,0,0
2025-04-22,35,931,4,0.6388,5,74,4,0,0
2025-04-22,35,704,1,0.7385,4,115,4,0,0
2025-04-22,38,157,8,0.1936,2,365,4,0,0
2025-04-23,28,1312,1,0.2039,1,94,4,0,0
2025-04-23,61,524,6,0.7732,0,365,4,0,0
2025-04-24,46,623,3,0.3925,5,168,4,0,0
2025-04-24,63,1227,5,0.1908,5,70,4,0,0
2025-04-24,31,190,6,0.8192,0,94,4,0,0
2025-04-25,53,703,2,0.0658,5,42,4,0,0
2025-04-26,29,1430,3,0.6388,1,143,4,0,0
2025-04-26,18,280,5,0.6679,5,110,4,0,0
2025-04-26,19,1443,6,0.754,2,93,4,0,1
2025-04-27,65,655,6,0.7176,4,158,4,0,0
2025-04-27,53,147,6,0.6899,5,114,4,0,0
2025-04-27,49,1490,3,0.8457,2,125,4,0,1
2025-04-28,37,416,6,0.782,3,71,4,0,1
2025-04-28,24,656,4,0.8649,3,178,4,0,0
2025-04-28,57,406,3,0.6015,4,53,4,0,0
2025-04-28,64,276,0,0.1741,5,365,4,0,0
2025-04-28,47,787,4,0.1555,2,13,4,0,0
2025-04-28,25,526,1,0.4044,4,111,4,0,0
2025-04-29,35,731,6,0.3485,4,38,4,0,0
2025-04-29,61,1340,3,0.6133,1,115,4,0,1
2025-04-30,54,729,6,0.745,3,125,4,0,0
2025-05-01,48,465,4,0.2888,2,65,5,0,0
2025-05-02,55,1273,6,0.2656,3,153,5,0,0
2025-05-02,51,289,2,0.0742,5,45,5,0,1
2025-05-02,29,647,4,0.3805,2,365,5,0,1
2025-05-02,48,873,7,0.6747,2,89,5,0,1
2025-05-02,29,1159,5,0.3106,1,127,5,0,0
2025-05-02,28,589,4,0.7317,0,365,5,0,1
2025-05-02,35,776,3,0.728,5,86,5,0,0
2025-05-03,18,783,6,0.275,5,365,5,0,0
2025-05-04,43,808,2,0.8615,0,155,5,0,1
2025-05-04,49,643,1,0.6862,5,79,5,0,1
2025-05-04,50,914,5,0.4326,2,365,5,0,1
2025-05-05,60,1487,4,0.7448,1,82,5,0,1
2025-05-06,33,674,6,0.754,2,77,5,0,0
2025-05-06,55,518,6,0.4861,5,39,5,0,1
2025-05-06,35,1442,3,0.2617,3,97,5,0,0
2025-05-06,21,377,0,0.6534,1,88,5,0,1
2025-05-07,45,1475,9,0.7047,1,129,5,0,0
2025-05-07,56,1341,7,0.6179,4,88,5,0,0
2025-05-07,36,507,5,0.1289,4,163,5,0,0
2025-05-07,24,577,5,0.3164,4,149,5,0,0
2025-05-07,55,996,5,0.3971,3,31,5,0,0
2025-05-07,40,1137,1,0.7811,2,365,5,0,1
2025-05-07,26,700,2,0.7578,0,54,5,0,0
2025-05-08,39,785,3,0.5388,1,68,5,0,0
2025-05-08,46,1238,7,0.1618,3,365,5,0,0
2025-05-08,62,619,6,0.8216,4,140,5,0,0
2025-05-08,19,704,2,0.3615,2,73,5,0,0
2025-05-08,44,1212,1,0.3166,3,137,5,0,0
2025-05-09,48,1054,5,0.5637,4,179,5,0,0
2025-05-10,31,105,6,0.9577,4,45,5,0,0
2025-05-10,51,1079,2,0.8536,4,61,5,0,0
2025-05-11,55,139,4,0.6629,1,55,5,0,1
2025-05-11,34,754,1,0.487,1,365,5,0,0
2025-05-11,57,1169,1,0.6417,0,146,5,0,1
2025-05-11,24,125,5,0.3683,3,83,5,0,0
2025-05-11,51,1332,2,0.4324,5,80,5,0,1
2025-05-12,63,1449,7,0.5144,3,135,5,0,0
2025-05-12,50,681,3,0.7384,0,166,5,0,1
2025-05-12,53,631,3,0.3617,0,131,5,0,0
2025-05-12,36,425,5,0.6131,3,119,5,0,1
2025-05-12,24,1422,7,0.4326,5,161,5,0,0
2025-05-13,21,1157,4,0.5931,4,176,5,0,1
2025-05-13,23,917,4,0.8506,4,138,5,0,1
2025-05-13,29,320,6,0.148,4,12,5,0,0
2025-05-13,47,554,3,0.1813,1,132,5,0,0
2025-05-13,30,588,4,0.7667,4,161,5,0,0
2025-05-14,44,108,2,0.7482,1,37,5,0,1
2025-05-14,42,136,4,0.4451,1,163,5,0,0
2025-05-14,41,495,2,0.6325,5,178,5,0,1
2025-05-15,24,1319,3,0.9076,3,161,5,0,0
2025-05-15,60,631,1,0.8052,2,365,5,0,0
2025-05-15,62,567,3,0.6911,1,365,5,0,0
2025-05-15,64,453,6,0.7338,3,87,5,0,0
2025-05-16,65,850,5,0.623,2,29,5,0,0
2025-05-16,59,351,3,0.648,0,129,5,0,0
2025-05-17,63,818,2,0.6795,1,365,5,0,0
2025-05-17,39,701,4,0.524,5,158,5,0,0
2025-05-17,24,850,5,0.3906,5,39,5,0,0
2025-05-17,25,1059,6,0.1215,4,143,5,0,0
2025-05-17,51,687,4,0.4415,5,140,5,0,0
2025-05-18,54,193,3,0.8016,1,82,5,0,1
2025-05-18,44,461,3,0.5401,4,74,5,0,0
2025-05-19,22,1436,4,0.3065,4,174,5,0,0
2025-05-19,39,1203,3,0.4767,5,127,5,0,0
2025-05-19,18,461,9,0.6464,5,16,5,0,0
2025-05-19,52,1103,2,0.1095,3,113,5,0,0
2025-05-19,40,90,9,0.5749,2,27,5,0,0
2025-05-19,62,507,6,0.5229,2,71,5,0,0
2025-05-19,60,1016,5,0.5252,2,21,5,0,0
2025-05-20,21,594,5,0.7238,5,140,5,0,0
2025-05-21,39,917,5,0.2222,2,175,5,0,0
2025-05-21,43,615,10,0.5045,4,135,5,0,1
2025-05-21,23,876,1,0.3815,1,13,5,0,1
2025-05-21,42,319,4,0.5516,2,365,5,0,0
2025-05-21,30,1223,7,0.8126,0,58,5,0,0
2025-05-21,50,513,8,0.1035,3,58,5,0,0
2025-05-21,60,1374,5,0.1799,4,16,5,0,0
2025-05-22,65,1018,4,0.5899,0,365,5,0,0
2025-05-22,43,277,7,0.6222,5,365,5,0,1
2025-05-22,38,191,1,0.4606,5,79,5,0,0
2025-05-23,33,1347,5,0.7482,0,86,5,0,0
2025-05-23,55,212,4,0.4073,4,41,5,0,0
2025-05-24,46,98,4,0.3761,1,133,5,0,0
2025-05-24,24,634,6,0.4392,5,12,5,0,0
2025-05-24,27,244,9,0.1847,0,170,5,0,0
2025-05-24,53,1479,3,0.5411,3,15,5,0,1
2025-05-24,64,340,4,0.5934,5,2,5,0,0
2025-05-24,52,1369,2,0.4743,1,365,5,0,1
2025-05-25,25,477,3,0.473,1,120,5,0,0
2025-05-25,50,989,6,0.8892,3,129,5,0,0
2025-05-25,41,887,4,0.6345,1,6,5,0,0
2025-05-25,22,863,5,0.3404,0,76,5,0,1
2025-05-25,38,706,1,0.5568,5,168,5,0,0
2025-05-26,25,870,5,0.2466,0,141,5,0,1
2025-05-26,54,454,5,0.6509,2,38,5,0,0
2025-05-26,53,1128,2,0.2181,5,365,5,0,0
2025-05-26,39,358,3,0.3511,2,51,5,0,0
2025-05-26,47,521,4,0.3803,0,102,5,0,1
2025-05-26,47,881,4,0.6167,5,112,5,0,0
2025-05-26,63,313,4,0.8313,5,125,5,0,0
2025-05-27,25,255,6,0.6841,4,148,5,0,0
2025-05-27,19,268,7,0.5362,5,26,5,0,0
2025-05-27,45,1491,3,0.7361,5,28,5,0,1
2025-05-27,39,801,4,0.4512,5,44,5,0,0
2025-05-28,60,1190,4,0.7077,4,365,5,0,0
2025-05-28,41,783,6,0.6976,0,166,5,0,1
2025-05-28,19,1074,1,0.8501,1,365,5,0,1
2025-05-28,36,572,4,0.312,0,164,5,0,0
2025-05-28,45,418,3,0.5073,2,131,5,0,0
2025-05-29,26,395,5,0.7263,0,117,5,0,0
2025-05-30,62,1290,5,0.2306,2,112,5,0,0
2025-05-30,39,1355,3,0.5474,5,0,5,0,0
2025-05-30,60,490,3,0.1193,4,31,5,0,0
2025-05-30,55,442,2,0.7788,2,365,5,0,0
2025-05-30,24,475,6,0.9479,0,6,5,0,1
2025-05-30,35,793,4,0.4257,4,178,5,0,0
2025-05-30,61,974,6,0.5643,4,62,5,0,1
2025-05-30,58,1017,5,0.6273,0,38,5,0,0
2025-05-30,31,695,7,0.5785,2,43,5,0,1
2025-05-31,39,1271,8,0.2941,0,53,5,0,1
2025-05-31,29,603,3,0.6763,3,71,5,0,0
2025-06-01,38,1279,7,0.2943,4,26,6,0,0
2025-06-01,51,1019,2,0.492,0,111,6,0,0
2025-06-01,27,466,5,0.6724,3,49,6,0,1
2025-06-01,59,1140,4,0.9191,1,71,6,0,0
2025-06-02,63,852,8,0.2565,5,7,6,0,0
2025-06-03,32,232,2,0.5015,1,146,6,0,1
2025-06-03,29,493,1,0.7174,3,165,6,0,0
2025-06-03,64,1081,1,0.4679,0,87,6,0,1
2025-06-04,63,1233,4,0.3152,2,83,6,0,0
2025-06-04,33,168,1,0.7044,1,365,6,0,1
2025-06-04,47,647,5,0.8622,1,10,6,0,0
2025-06-04,30,959,2,0.4417,0,21,6,0,0
2025-06-04,21,313,2,0.8669,3,26,6,0,1
2025-06-04,52,790,9,0.7325,5,138,6,0,0
2025-06-04,49,370,4,0.4204,5,6,6,0,1
2025-06-04,46,777,2,0.6372,3,71,6,0,0
2025-06-04,50,1471,5,0.4225,1,15,6,0,0
2025-06-05,27,1125,7,0.7536,3,86,6,0,0
2025-06-05,35,541,2,0.9698,1,39,6,0,0
2025-06-05,55,1058,5,0.6222,4,122,6,0,0
2025-06-06,62,390,5,0.4679,3,159,6,0,0
2025-06-06,42,606,7,0.5593,2,169,6,0,0
2025-06-06,19,777,4,0.2216,3,365,6,0,0
2025-06-06,57,1312,6,0.1573,0,36,6,0,0
2025-06-06,18,1145,1,0.274,4,83,6,0,0
2025-06-06,53,896,2,0.8497,0,166,6,0,0
2025-06-07,64,679,7,0.5413,0,154,6,0,0
2025-06-07,34,344,7,0.7928,0,180,6,0,0
2025-06-07,28,257,5,0.1981,0,119,6,0,1
2025-06-07,40,1137,5,0.9559,1,365,6,0,1
2025-06-07,48,918,2,0.2691,4,176,6,0,0
2025-06-07,18,1214,4,0.6573,5,110,6,0,0
2025-06-07,56,341,4,0.4946,4,54,6,0,0
2025-06-08,47,1461,6,0.1448,5,144,6,0,0
2025-06-08,49,850,3,0.2588,5,89,6,0,0
2025-06-08,20,1364,6,0.3954,4,79,6,0,0
2025-06-08,28,1185,7,0.7878,1,177,6,0,1
2025-06-08,50,1329,4,0.9221,4,1,6,0,0
2025-06-09,65,1313,3,0.2204,4,8,6,0,0
2025-06-09,32,1199,7,0.5012,5,365,6,0,0
2025-06-09,24,892,3,0.4523,2,125,6,0,0
2025-06-09,62,478,5,0.4179,5,95,6,0,0
2025-06-09,34,1234,4,0.7238,4,118,6,0,0
2025-06-10,43,1124,3,0.3868,1,21,6,0,0
2025-06-10,45,856,5,0.82,1,365,6,0,0
2025-06-10,45,220,5,0.2707,3,5,6,0,0
2025-06-11,22,819,2,0.6413,0,365,6,0,0
2025-06-11,25,396,1,0.697,1,109,6,0,0
2025-06-11,23,161,2,0.7495,2,365,6,0,0
2025-06-11,30,965,5,0.7618,1,365,6,0,0
2025-06-11,64,309,4,0.8036,3,63,6,0,0
2025-06-12,48,870,4,0.4894,5,169,6,0,0
2025-06-12,46,1246,5,0.6627,0,365,6,0,0
2025-06-13,18,414,3,0.3163,4,14,6,0,0
2025-06-13,48,864,6,0.523,3,365,6,0,0
2025-06-13,28,1131,4,0.2999,0,34,6,0,0
2025-06-14,43,370,6,0.6041,0,71,6,0,0
2025-06-14,59,360,5,0.6588,3,132,6,0,0
2025-06-15,27,936,1,0.473,4,158,6,0,0
2025-06-15,24,1055,6,0.3291,0,5,6,0,0
2025-06-15,42,443,2,0.7667,3,96,6,0,0
2025-06-15,51,1328,5,0.323,3,2,6,0,0
2025-06-15,26,1410,4,0.5785,3,140,6,0,1
2025-06-16,59,1171,6,0.3136,1,71,6,0,0
2025-06-16,57,977,0,0.7002,4,70,6,0,0
2025-06-16,51,633,3,0.763,5,173,6,0,0
2025-06-17,63,755,9,0.1833,5,17,6,0,0
2025-06-17,23,805,5,0.4745,3,97,6,0,0
2025-06-17,38,196,3,0.3026,2,11,6,0,0
2025-06-18,36,693,4,0.4209,3,102,6,0,0
2025-06-18,55,452,1,0.6517,0,365,6,0,1
2025-06-18,50,1227,4,0.6918,0,27,6,0,0
2025-06-18,35,301,5,0.5178,0,45,6,0,0
2025-06-19,28,510,3,0.894,5,365,6,0,0
2025-06-19,18,1327,4,0.2867,2,12,6,0,0
2025-06-19,64,1127,3,0.4794,5,40,6,0,0
2025-06-19,30,1424,5,0.3787,2,144,6,0,0
2025-06-20,27,255,5,0.4914,3,67,6,0,0
2025-06-20,59,294,4,0.6564,5,365,6,0,1
2025-06-20,46,599,2,0.4613,4,365,6,0,0
2025-06-20,30,93,4,0.3155,5,73,6,0,0
2025-06-20,26,1108,5,0.6499,2,161,6,0,1
2025-06-21,19,898,9,0.3872,5,22,6,0,0
2025-06-21,28,389,2,0.1669,1,7,6,0,0
2025-06-21,37,1473,3,0.4204,3,56,6,0,0
2025-06-21,38,1020,3,0.6263,3,1,6,0,0
2025-06-22,57,1397,1,0.5738,2,151,6,0,1
2025-06-22,50,1334,2,0.4014,2,7,6,0,0
2025-06-22,36,1482,6,0.1103,1,136,6,0,0
2025-06-22,22,997,5,0.1837,1,54,6,0,0
2025-06-22,38,1193,4,0.6139,5,365,6,0,1
2025-06-22,63,430,4,0.3284,3,89,6,0,0
2025-06-23,48,237,1,0.4627,1,52,6,0,0
2025-06-23,59,855,2,0.7365,0,123,6,0,0
2025-06-23,24,1357,5,0.6049,2,365,6,0,0
2025-06-23,41,626,4,0.4047,3,95,6,0,0
2025-06-24,44,1088,2,0.4542,5,42,6,0,0
2025-06-24,52,726,4,0.4048,1,117,6,0,0
2025-06-24,33,1014,5,0.4979,5,365,6,0,0
2025-06-25,55,1398,4,0.5569,0,18,6,0,1
2025-06-25,18,899,3,0.9151,3,87,6,0,0
2025-06-25,64,686,7,0.27,1,125,6,0,0
2025-06-26,53,440,4,0.4466,2,4,6,0,0
2025-06-26,51,293,5,0.3289,2,162,6,0,0
2025-06-26,53,1203,3,0.5561,0,143,6,0,0
2025-06-27,49,1088,5,0.2343,0,25,6,0,0
2025-06-27,38,842,4,0.6706,0,45,6,0,1
2025-06-28,19,1196,4,0.5107,3,4,6,0,0
2025-06-28,63,1011,4,0.3084,0,13,6,0,0
2025-06-29,25,605,3,0.2376,5,116,6,0,0
2025-06-29,25,1001,4,0.3865,1,365,6,0,0
2025-06-29,27,1075,3,0.2146,0,21,6,0,0
2025-06-29,62,1245,8,0.5224,2,33,6,0,0
2025-06-30,18,1458,5,0.4848,3,141,6,0,0
2025-07-01,37,1185,4,0.9386,0,144,7,0,0
2025-07-01,33,705,5,0.2135,0,11,7,0,0
2025-07-01,53,1449,3,0.4287,4,162,7,0,0
2025-07-02,46,811,3,0.145,3,59,7,0,0
2025-07-03,52,137,3,0.9614,1,143,7,0,0
2025-07-03,21,191,6,0.3352,1,91,7,0,0
2025-07-03,22,492,0,0.7559,5,22,7,0,0
2025-07-04,39,774,3,0.5956,1,159,7,0,0
2025-07-04,45,1408,4,0.4696,4,5,7,0,0
2025-07-04,27,1266,4,0.2002,0,165,7,0,1
2025-07-04,53,1062,8,0.4017,1,169,7,0,0
2025-07-04,61,1253,1,0.2877,4,16,7,0,0
2025-07-04,44,105,6,0.6594,4,4,7,0,1
2025-07-04,54,851,3,0.5051,0,28,7,0,0
2025-07-05,47,1072,3,0.1902,5,73,7,0,0
2025-07-05,35,589,2,0.2169,5,80,7,0,0
2025-07-06,44,940,3,0.5773,1,70,7,0,1
2025-07-06,59,865,3,0.5916,4,40,7,0,0
2025-07-06,28,535,6,0.4298,1,73,7,0,0
2025-07-06,34,617,4,0.482,3,21,7,0,1
2025-07-07,19,405,2,0.4242,2,177,7,0,0
2025-07-08,19,1104,5,0.852,3,166,7,0,1
2025-07-08,32,202,4,0.6735,5,145,7,0,0
2025-07-08,23,697,5,0.4323,2,90,7,0,0
2025-07-09,27,623,2,0.6121,4,108,7,0,1
2025-07-09,60,769,2,0.2183,4,161,7,0,0
2025-07-10,58,1234,9,0.587,0,26,7,0,0
2025-07-10,28,1338,2,0.1176,0,152,7,0,1
2025-07-10,33,837,6,0.5405,1,365,7,0,0
2025-07-11,49,1344,3,0.5445,0,134,7,0,0
2025-07-11,56,152,3,0.4085,1,91,7,0,0
2025-07-11,25,731,2,0.4688,0,39,7,0,0
2025-07-12,51,122,7,0.5228,5,173,7,0,0
2025-07-12,36,1060,3,0.4145,4,73,7,0,0
2025-07-12,48,147,8,0.5868,4,19,7,0,0
2025-07-13,51,917,5,0.1526,4,154,7,0,0
2025-07-13,59,671,3,0.525,3,365,7,0,1
2025-07-13,34,1352,1,0.4102,5,61,7,0,0
2025-07-13,27,1070,3,0.458,5,175,7,0,0
2025-07-13,32,930,4,0.886,4,29,7,0,1
2025-07-13,58,1166,5,0.6058,2,117,7,0,0
2025-07-13,28,221,1,0.5581,1,68,7,0,0
2025-07-14,33,1489,3,0.4553,0,64,7,0,0
2025-07-14,52,1058,5,0.466,2,26,7,0,1
2025-07-14,44,1377,5,0.4336,3,48,7,0,0
2025-07-14,45,429,5,0.6699,3,29,7,0,0
2025-07-14,34,1393,4,0.316,0,80,7,0,0
2025-07-15,52,893,7,0.5565,2,152,7,0,0
2025-07-15,20,410,6,0.4349,1,9,7,0,0
2025-07-15,37,1430,3,0.8,2,180,7,0,0
2025-07-15,30,1464,7,0.5163,4,365,7,0,1
2025-07-15,44,1234,4,0.2598,1,94,7,0,0
2025-07-16,34,459,2,0.5849,1,121,7,0,0
2025-07-16,20,1298,1,0.6928,5,142,7,0,0
2025-07-16,33,356,2,0.5898,5,54,7,0,0
2025-07-17,37,1298,8,0.4875,0,34,7,0,1
2025-07-17,44,797,3,0.702,5,149,7,0,0
2025-07-18,62,1301,3,0.8683,5,365,7,0,0
2025-07-18,62,494,3,0.6499,4,146,7,0,1
2025-07-18,52,1040,2,0.6602,4,365,7,0,0
2025-07-18,22,993,6,0.725,4,147,7,0,0
2025-07-18,39,1491,4,0.4547,0,48,7,0,0
2025-07-19,49,972,1,0.6106,5,18,7,0,0
2025-07-19,30,906,1,0.7076,3,147,7,0,0
2025-07-19,62,1490,5,0.2471,3,30,7,0,0
2025-07-19,18,778,1,0.4476,4,77,7,0,0
2025-07-19,40,1492,3,0.5131,2,179,7,0,0
2025-07-20,22,1287,6,0.5989,4,173,7,0,1
2025-07-20,56,594,3,0.6521,4,365,7,0,0
2025-07-20,29,1013,4,0.6167,5,61,7,0,0
2025-07-20,61,633,1,0.8747,2,365,7,0,0
2025-07-20,64,615,4,0.2964,5,81,7,0,0
2025-07-21,51,213,0,0.4999,1,85,7,0,0
2025-07-21,40,1237,3,0.6692,0,365,7,0,1
2025-07-22,35,156,9,0.8507,5,159,7,0,0
2025-07-22,18,152,7,0.7267,4,91,7,0,0
2025-07-22,59,240,6,0.5925,0,161,7,0,1
2025-07-22,37,1289,1,0.1297,5,17,7,0,0
2025-07-22,61,569,5,0.7408,0,172,7,0,0
2025-07-22,37,1310,7,0.2325,3,115,7,0,0
2025-07-23,32,736,3,0.2287,5,149,7,0,0
2025-07-24,48,1096,4,0.4629,5,115,7,0,0
2025-07-24,46,360,5,0.6768,1,143,7,0,0
2025-07-24,37,842,2,0.792,4,77,7,0,0
2025-07-24,49,960,4,0.6237,1,148,7,0,1
2025-07-24,18,1410,4,0.5604,1,35,7,0,0
2025-07-24,22,1141,7,0.6364,4,365,7,0,1
2025-07-24,65,319,4,0.184,0,25,7,0,0
2025-07-25,42,1061,3,0.6287,5,365,7,0,1
2025-07-25,23,1310,7,0.7508,3,163,7,0,0
2025-07-25,47,1064,6,0.6848,5,38,7,0,0
2025-07-26,57,277,9,0.3975,1,365,7,0,0
2025-07-26,46,312,1,0.0843,5,152,7,0,0
2025-07-26,58,657,2,0.7709,1,141,7,0,1
2025-07-27,62,861,5,0.6047,0,136,7,0,0
2025-07-27,59,1479,6,0.689,0,60,7,0,1
2025-07-27,30,1120,2,0.2757,1,88,7,0,0
2025-07-27,25,1022,1,0.6218,3,55,7,0,0
2025-07-27,42,1383,4,0.7468,5,167,7,0,0
2025-07-28,19,1019,8,0.979,2,168,7,0,1
2025-07-28,65,169,7,0.9824,4,110,7,0,0
2025-07-28,23,470,5,0.5821,5,173,7,0,0
2025-07-29,62,466,4,0.1793,1,18,7,0,0
2025-07-29,32,380,7,0.8734,2,103,7,0,0
2025-07-29,26,952,3,0.6239,2,87,7,0,0
2025-07-30,43,534,5,0.7789,3,62,7,0,1
2025-07-30,53,1293,2,0.1377,1,152,7,0,1
2025-07-30,33,604,2,0.2526,5,82,7,0,0
2025-07-30,36,382,5,0.1859,0,97,7,0,1
2025-07-31,46,1109,7,0.1577,2,365,7,0,0
2025-07-31,45,483,3,0.3898,2,20,7,0,0
2025-08-01,29,1150,7,0.7817,4,156,8,1,1
2025-08-02,52,1203,4,0.2561,5,141,8,1,1
2025-08-02,20,970,2,0.7875,5,63,8,1,0
2025-08-02,35,463,5,0.4793,0,84,8,1,0
2025-08-02,49,886,7,0.5661,1,365,8,1,1
2025-08-03,38,412,2,0.5696,2,180,8,1,0
2025-08-05,18,553,4,0.5296,2,165,8,1,0
2025-08-05,38,316,6,0.3983,3,21,8,1,0
2025-08-05,34,1328,4,0.3821,5,145,8,1,0
2025-08-05,28,698,4,0.668,1,108,8,1,0
2025-08-06,39,308,7,0.5902,1,13,8,1,0
2025-08-06,50,244,5,0.8182,0,58,8,1,1
2025-08-07,18,1262,6,0.4823,2,134,8,1,0
2025-08-07,43,469,5,0.2721,1,365,8,1,0
2025-08-07,44,350,6,0.7716,2,140,8,1,0
2025-08-07,59,306,6,0.5666,1,365,8,1,0
2025-08-08,25,306,5,0.3052,2,162,8,1,0
2025-08-08,46,1422,3,0.3462,0,365,8,1,1
2025-08-08,21,673,3,0.7865,4,21,8,1,0
2025-08-08,18,693,4,0.5462,0,8,8,1,1
2025-08-08,47,1443,1,0.3816,3,36,8,1,0
2025-08-08,18,548,2,0.2794,5,30,8,1,0
2025-08-08,45,1232,4,0.3429,4,3,8,1,0
2025-08-08,23,610,9,0.4647,5,177,8,1,0
2025-08-09,22,1261,4,0.5468,0,172,8,1,1
2025-08-09,30,761,6,0.7149,2,31,8,1,0
2025-08-09,41,610,5,0.3674,3,84,8,1,0
2025-08-09,60,325,4,0.093,2,72,8,1,0
2025-08-09,33,550,2,0.3839,1,58,8,1,0
2025-08-09,61,717,10,0.5046,0,134,8,1,1
2025-08-09,29,650,4,0.5023,3,365,8,1,0
2025-08-10,55,165,2,0.6718,5,96,8,1,1
2025-08-10,52,1475,3,0.0398,1,14,8,1,0
2025-08-10,19,545,3,0.6642,1,51,8,1,1
2025-08-11,43,1324,8,0.5832,5,150,8,1,0
2025-08-11,56,1400,4,0.7292,3,20,8,1,1
2025-08-11,53,723,7,0.4943,4,61,8,1,1
2025-08-12,23,986,4,0.6437,0,365,8,1,0
2025-08-12,63,577,7,0.6021,0,1,8,1,0
2025-08-12,23,249,5,0.7521,1,40,8,1,0
2025-08-14,57,750,1,0.8151,0,125,8,1,1
2025-08-14,56,310,5,0.2176,2,39,8,1,0
2025-08-14,39,715,7,0.6568,3,126,8,1,0
2025-08-15,25,636,5,0.5242,4,39,8,1,0
2025-08-15,29,629,2,0.5679,3,82,8,1,0
2025-08-15,19,248,7,0.7908,3,145,8,1,0
2025-08-15,25,934,4,0.4712,2,365,8,1,0
2025-08-15,59,1342,4,0.8023,2,179,8,1,1
2025-08-16,41,1070,4,0.6955,4,55,8,1,0
2025-08-16,59,1171,5,0.624,0,38,8,1,1
2025-08-16,32,670,2,0.6929,2,164,8,1,0
2025-08-16,45,583,2,0.8011,2,365,8,1,0
2025-08-17,39,544,3,0.4335,0,17,8,1,1
2025-08-17,28,539,4,0.6187,5,365,8,1,0
2025-08-17,22,622,3,0.2677,3,365,8,1,0
2025-08-18,26,454,6,0.3945,1,105,8,1,1
2025-08-18,20,1233,7,0.5669,4,80,8,1,0
2025-08-18,54,650,2,0.8237,0,65,8,1,0
2025-08-18,53,763,3,0.5344,1,154,8,1,0
2025-08-18,44,987,7,0.4839,0,118,8,1,1
2025-08-19,28,1212,6,0.4797,1,97,8,1,0
2025-08-19,48,1281,7,0.8076,0,78,8,1,1
2025-08-19,19,946,2,0.3516,2,44,8,1,0
2025-08-19,53,498,4,0.6557,4,365,8,1,0
2025-08-20,20,1407,6,0.35,2,38,8,1,0
2025-08-20,65,1203,3,0.494,4,365,8,1,0
2025-08-20,33,1429,5,0.2629,5,80,8,1,0
2025-08-21,23,647,4,0.3034,5,8,8,1,0
2025-08-21,48,313,7,0.7718,3,128,8,1,0
2025-08-21,52,1326,2,0.6688,3,73,8,1,0
2025-08-21,49,1193,7,0.725,5,365,8,1,0
2025-08-22,47,1250,3,0.4514,0,70,8,1,0
2025-08-22,62,673,4,0.4113,5,138,8,1,0
2025-08-22,24,218,6,0.6298,2,137,8,1,1
2025-08-22,35,1279,4,0.2954,0,365,8,1,0
2025-08-22,22,271,4,0.4511,4,161,8,1,0
2025-08-22,65,1371,0,0.2539,2,146,8,1,0
2025-08-22,24,951,3,0.2153,0,13,8,1,1
2025-08-22,50,1192,6,0.6632,0,107,8,1,1
2025-08-23,23,603,5,0.5973,3,151,8,1,0
2025-08-23,38,533,2,0.7175,4,80,8,1,0
2025-08-23,64,1068,3,0.1521,5,42,8,1,0
2025-08-23,50,207,5,0.7959,5,365,8,1,0
2025-08-23,57,638,4,0.2342,3,123,8,1,0
2025-08-24,49,142,7,0.5747,1,365,8,1,1
2025-08-24,48,159,4,0.4599,3,110,8,1,0
2025-08-24,52,1154,6,0.8239,1,80,8,1,0
2025-08-24,53,749,6,0.3928,0,47,8,1,1
2025-08-24,61,1179,5,0.7136,2,99,8,1,0
2025-08-25,53,1353,0,0.741,0,116,8,1,1
2025-08-25,47,544,3,0.7337,4,103,8,1,0
2025-08-25,36,1051,1,0.9763,5,42,8,1,1
2025-08-25,20,778,1,0.1355,2,69,8,1,0
2025-08-26,56,754,1,0.6806,2,365,8,1,0
2025-08-26,41,222,4,0.2593,1,116,8,1,0
2025-08-27,22,1297,4,0.5778,2,31,8,1,1
2025-08-27,36,714,4,0.5344,3,365,8,1,1
2025-08-27,63,470,4,0.2729,5,65,8,1,0
2025-08-27,56,329,4,0.3698,3,19,8,1,0
2025-08-27,65,982,2,0.2303,2,44,8,1,0
2025-08-28,36,1248,7,0.5984,3,97,8,1,0
2025-08-28,56,1335,5,0.3081,2,68,8,1,1
2025-08-28,63,1105,3,0.9055,1,8,8,1,0
2025-08-29,59,961,5,0.4274,2,365,8,1,0
2025-08-29,22,885,3,0.5607,5,117,8,1,0
2025-08-30,25,1192,2,0.5725,0,148,8,1,0
2025-08-30,51,426,2,0.433,2,50,8,1,0
2025-08-30,19,1445,8,0.8014,1,84,8,1,0
2025-08-31,46,1354,7,0.7808,1,365,8,1,0
2025-08-31,46,1482,6,0.5348,4,40,8,1,0
2025-08-31,44,1095,6,0.7562,2,365,8,1,1
2025-08-31,53,1053,7,0.6708,5,86,8,1,0
2025-08-31,41,504,5,0.2561,2,143,8,1,1
2025-09-01,58,1267,4,0.6529,2,179,9,0,0
2025-09-01,39,316,4,0.6984,2,104,9,0,1
2025-09-01,23,658,6,0.0662,3,365,9,0,0
2025-09-01,53,230,5,0.5905,3,7,9,0,0
2025-09-01,63,368,6,0.8306,1,127,9,0,0
2025-09-02,59,464,4,0.5742,2,365,9,0,0
2025-09-03,37,1391,5,0.3635,0,159,9,0,0
2025-09-03,57,658,4,0.2317,1,48,9,0,1
2025-09-04,18,849,9,0.3843,0,60,9,0,1
2025-09-04,28,1358,5,0.284,5,120,9,0,0
2025-09-05,59,1040,3,0.5045,1,44,9,0,0
2025-09-05,50,334,4,0.5277,4,118,9,0,0
2025-09-05,53,1325,1,0.3572,1,365,9,0,0
2025-09-05,58,1446,3,0.4669,1,365,9,0,1
2025-09-05,65,187,11,0.1909,1,35,9,0,1
2025-09-06,63,367,5,0.3616,1,129,9,0,0
2025-09-06,37,410,7,0.3861,1,82,9,0,0
2025-09-08,56,393,5,0.6993,4,25,9,0,0
2025-09-08,55,962,5,0.2013,3,365,9,0,0
2025-09-08,26,809,3,0.6894,4,71,9,0,1
2025-09-08,49,1076,3,0.6928,4,116,9,0,0
2025-09-08,41,1252,2,0.3776,5,123,9,0,0
2025-09-09,49,756,4,0.798,1,127,9,0,1
2025-09-09,27,1089,9,0.6033,4,365,9,0,1
2025-09-09,37,175,4,0.2939,2,119,9,0,0
2025-09-09,63,272,4,0.227,2,85,9,0,0
2025-09-09,28,1331,2,0.8276,2,175,9,0,1
2025-09-09,27,977,4,0.7399,5,94,9,0,0
2025-09-09,18,1423,5,0.1668,5,144,9,0,0
2025-09-09,65,1051,9,0.0965,5,128,9,0,0
2025-09-10,40,1019,3,0.6933,5,12,9,0,0
2025-09-10,48,901,6,0.1277,0,126,9,0,0
2025-09-10,19,876,4,0.5136,5,143,9,0,0
2025-09-10,57,463,5,0.881,5,47,9,0,0
2025-09-10,32,322,8,0.4594,1,98,9,0,0
2025-09-10,26,739,7,0.1834,4,365,9,0,0
2025-09-10,42,1171,2,0.2916,2,153,9,0,0
2025-09-10,65,614,5,0.1322,5,32,9,0,0
2025-09-11,40,1252,6,0.3818,5,97,9,0,0
2025-09-11,34,1305,5,0.3605,1,60,9,0,0
2025-09-11,48,1341,1,0.8231,0,110,9,0,1
2025-09-11,25,657,4,0.4908,5,18,9,0,0
2025-09-11,54,93,4,0.4128,0,78,9,0,1
2025-09-11,28,204,4,0.1712,4,169,9,0,0
2025-09-11,37,122,7,0.7999,3,365,9,0,0
2025-09-11,33,131,4,0.6486,5,365,9,0,0
2025-09-11,41,807,3,0.4361,1,147,9,0,0
2025-09-11,53,288,5,0.5949,3,96,9,0,0
2025-09-12,39,670,6,0.1708,2,365,9,0,0
2025-09-12,41,214,4,0.3169,4,177,9,0,0
2025-09-12,29,702,5,0.7782,5,169,9,0,0
2025-09-13,51,540,2,0.3275,1,2,9,0,0
2025-09-14,61,1379,6,0.4085,4,2,9,0,0
2025-09-15,43,1355,10,0.7983,2,87,9,0,0
2025-09-15,50,860,11,0.6238,3,54,9,0,0
2025-09-15,51,775,2,0.3161,2,180,9,0,0
2025-09-15,52,563,1,0.8737,5,92,9,0,0
2025-09-15,61,114,8,0.5931,5,86,9,0,0
2025-09-15,44,1252,5,0.1754,4,144,9,0,0
2025-09-15,30,1350,2,0.9664,0,365,9,0,1
2025-09-15,43,207,5,0.2963,0,36,9,0,0
2025-09-15,39,326,1,0.8315,3,138,9,0,0
2025-09-16,51,726,1,0.5124,4,114,9,0,1
2025-09-17,38,329,5,0.4421,0,16,9,0,0
2025-09-17,63,1438,7,0.4327,3,16,9,0,0
2025-09-18,55,164,3,0.2503,2,71,9,0,0
2025-09-18,63,943,5,0.2172,5,365,9,0,0
2025-09-18,64,1260,4,0.4087,0,70,9,0,0
2025-09-18,46,1132,3,0.7184,1,95,9,0,1
2025-09-18,62,648,4,0.2502,1,137,9,0,0
2025-09-19,46,871,11,0.6902,3,120,9,0,0
2025-09-19,53,381,6,0.9718,1,110,9,0,1
2025-09-19,47,517,4,0.8258,1,156,9,0,0
2025-09-19,20,1041,6,0.9822,0,77,9,0,1
2025-09-19,25,114,2,0.6464,4,120,9,0,0
2025-09-20,42,488,4,0.2054,3,23,9,0,0
2025-09-20,43,1163,3,0.4892,2,169,9,0,0
2025-09-20,46,207,6,0.3022,0,78,9,0,0
2025-09-20,48,1208,6,0.545,1,158,9,0,0
2025-09-21,47,284,5,0.3023,5,365,9,0,0
2025-09-21,18,452,3,0.8968,2,365,9,0,1
2025-09-21,49,1132,2,0.3792,0,71,9,0,0
2025-09-22,24,1233,2,0.1743,3,11,9,0,0
2025-09-22,24,931,3,0.3148,2,24,9,0,0
2025-09-22,44,1133,11,0.2776,5,160,9,0,0
2025-09-22,36,503,5,0.5589,1,168,9,0,1
2025-09-23,58,1229,3,0.2933,4,113,9,0,0
2025-09-23,58,1017,5,0.5787,3,108,9,0,1
2025-09-23,39,549,4,0.4511,3,91,9,0,0
2025-09-23,33,393,4,0.1719,1,122,9,0,0
2025-09-23,36,591,1,0.4573,1,35,9,0,0
2025-09-23,26,1330,4,0.2332,2,50,9,0,0
2025-09-24,45,923,5,0.7862,3,3,9,0,0
2025-09-24,27,919,4,0.3431,3,125,9,0,0
2025-09-24,35,788,7,0.6034,5,170,9,0,0
2025-09-24,31,773,2,0.7086,3,164,9,0,0
2025-09-24,51,1179,6,0.5926,1,116,9,0,1
2025-09-24,19,1439,5,0.696,0,62,9,0,1
2025-09-25,47,1202,2,0.2,3,145,9,0,0
2025-09-25,21,426,2,0.5739,0,365,9,0,0
2025-09-25,20,108,4,0.3427,0,177,9,0,0
2025-09-25,25,750,6,0.3072,2,365,9,0,1
2025-09-25,18,118,7,0.4742,0,131,9,0,0
2025-09-25,27,463,4,0.7245,3,365,9,0,1
2025-09-25,26,1442,7,0.7722,1,101,9,0,1
2025-09-25,50,1112,5,0.8078,4,365,9,0,1
2025-09-26,56,707,6,0.3532,5,150,9,0,0
2025-09-26,62,768,1,0.762,0,171,9,0,0
2025-09-26,46,851,3,0.6881,2,42,9,0,0
2025-09-26,38,484,2,0.8377,0,101,9,0,1
2025-09-26,31,628,4,0.2373,1,51,9,0,1
2025-09-27,51,1321,2,0.4357,3,365,9,0,0
2025-09-27,65,468,3,0.1467,0,4,9,0,1
2025-09-27,56,294,5,0.5038,0,66,9,0,0
2025-09-28,36,1364,2,0.8986,1,12,9,0,1
2025-09-28,63,1041,2,0.9467,5,365,9,0,0
2025-09-28,54,1384,4,0.4589,0,34,9,0,0
2025-09-28,22,925,3,0.7942,5,106,9,0,1
2025-09-28,21,790,4,0.4635,3,138,9,0,0
2025-09-28,18,251,4,0.2795,4,80,9,0,0
2025-09-29,58,424,4,0.9593,3,127,9,0,0
2025-09-29,20,291,3,0.305,3,365,9,0,0
2025-09-29,39,628,3,0.8268,3,365,9,0,1
2025-09-29,51,1237,4,0.6195,5,109,9,0,0
2025-09-29,50,1166,5,0.7616,4,365,9,0,0
2025-09-30,32,1451,6,0.6478,3,110,9,0,1
2025-09-30,50,1103,5,0.2053,3,106,9,0,0
2025-09-30,65,567,4,0.4298,5,47,9,0,0
2025-09-30,59,1142,3,0.269,5,107,9,0,0
2025-09-30,24,915,1,0.7261,1,96,9,0,0
2025-09-30,29,970,2,0.4653,0,79,9,0,0
2025-10-01,57,590,2,0.1502,1,143,10,1,0
2025-10-01,63,1095,6,0.747,4,121,10,1,0
2025-10-01,63,148,5,0.7669,3,365,10,1,1
2025-10-02,64,1134,3,0.6608,0,365,10,1,1
2025-10-02,43,549,3,0.5979,0,162,10,1,1
2025-10-03,32,796,7,0.4897,5,45,10,1,0
2025-10-03,30,846,2,0.5008,5,47,10,1,0
2025-10-04,42,1221,3,0.7839,2,71,10,1,0
2025-10-04,52,519,7,0.3029,5,97,10,1,0
2025-10-04,65,1431,3,0.7783,2,122,10,1,0
2025-10-04,35,1118,4,0.6016,4,179,10,1,0
2025-10-05,27,1145,1,0.3638,5,96,10,1,0
2025-10-05,60,1173,3,0.583,3,61,10,1,0
2025-10-05,29,1280,9,0.531,5,142,10,1,0
2025-10-05,64,201,6,0.3537,1,166,10,1,0
2025-10-05,26,342,4,0.6027,2,61,10,1,0
2025-10-05,32,1072,3,0.4491,2,127,10,1,1
2025-10-05,34,1009,5,0.1915,0,168,10,1,0
2025-10-06,23,214,4,0.4328,2,365,10,1,0
2025-10-06,19,1219,6,0.354,0,365,10,1,0
2025-10-07,24,931,6,0.3815,5,365,10,1,0
2025-10-08,20,855,2,0.5237,2,42,10,1,0
2025-10-08,38,1363,4,0.8402,2,365,10,1,0
2025-10-08,38,667,1,0.7405,1,96,10,1,0
2025-10-08,33,581,1,0.645,5,365,10,1,0
2025-10-08,35,1008,5,0.5821,2,8,10,1,0
2025-10-09,32,341,3,0.8471,4,54,10,1,1
2025-10-09,62,227,7,0.4647,2,163,10,1,0
2025-10-10,25,170,2,0.2782,0,103,10,1,0
2025-10-10,23,1041,8,0.2752,2,365,10,1,0
2025-10-10,58,342,3,0.5306,1,85,10,1,0
2025-10-10,62,1265,4,0.4313,3,174,10,1,0
2025-10-10,51,414,6,0.1143,3,141,10,1,1
2025-10-10,40,297,6,0.7484,4,58,10,1,0
2025-10-11,64,1393,6,0.2702,3,365,10,1,1
2025-10-11,54,1261,5,0.5759,0,114,10,1,0
2025-10-11,24,1152,5,0.7425,0,76,10,1,0
2025-10-11,65,1226,7,0.5808,4,31,10,1,0
2025-10-11,29,1003,4,0.8254,4,365,10,1,1
2025-10-11,54,258,2,0.5281,2,121,10,1,0
2025-10-12,44,578,4,0.759,3,365,10,1,1
2025-10-12,44,1195,4,0.6833,2,121,10,1,1
2025-10-12,23,248,3,0.6629,5,46,10,1,0
2025-10-13,28,164,6,0.5451,1,155,10,1,1
2025-10-13,36,520,5,0.5277,4,365,10,1,0
2025-10-13,27,563,6,0.3563,0,365,10,1,0
2025-10-13,63,511,4,0.4362,2,177,10,1,1
2025-10-14,25,697,2,0.8766,4,72,10,1,1
2025-10-14,43,445,3,0.3945,4,365,10,1,0
2025-10-15,43,689,4,0.2434,3,365,10,1,0
2025-10-16,19,628,4,0.9035,5,141,10,1,1
2025-10-16,39,1042,7,0.7779,3,15,10,1,1
2025-10-16,43,287,5,0.4935,4,131,10,1,0
2025-10-16,53,115,4,0.4903,2,22,10,1,0
2025-10-16,58,843,2,0.3145,2,33,10,1,0
2025-10-17,28,533,2,0.2123,4,51,10,1,0
2025-10-17,47,1445,3,0.3243,2,365,10,1,0
2025-10-17,26,265,1,0.6475,3,365,10,1,0
2025-10-17,37,342,1,0.4237,4,136,10,1,0
2025-10-17,23,1017,5,0.4053,0,118,10,1,1
2025-10-18,58,1041,5,0.5071,4,89,10,1,1
2025-10-18,49,1134,5,0.3904,5,118,10,1,1
2025-10-18,22,370,5,0.6589,4,167,10,1,0
2025-10-19,62,671,3,0.4941,0,84,10,1,0
2025-10-19,20,656,2,0.5779,5,74,10,1,0
2025-10-20,24,111,5,0.664,4,36,10,1,0
2025-10-20,54,186,2,0.5273,0,76,10,1,1
2025-10-20,25,609,6,0.2238,1,365,10,1,0
2025-10-20,52,343,4,0.1502,2,71,10,1,0
2025-10-21,45,635,3,0.2101,1,129,10,1,0
2025-10-21,55,919,3,0.4764,3,365,10,1,0
2025-10-21,32,697,6,0.152,5,24,10,1,0
2025-10-21,36,1003,2,0.7499,2,135,10,1,1
2025-10-23,23,1359,4,0.6937,4,58,10,1,1
2025-10-23,51,861,1,0.4005,5,67,10,1,0
2025-10-23,31,1326,3,0.3201,0,365,10,1,1
2025-10-24,52,1284,3,0.9027,5,172,10,1,0
2025-10-24,47,668,3,0.6131,4,120,10,1,0
2025-10-24,65,1428,6,0.6624,1,16,10,1,0
2025-10-24,45,431,8,0.6363,0,80,10,1,0
2025-10-24,65,174,4,0.4876,3,30,10,1,0
2025-10-24,33,273,2,0.8128,3,97,10,1,1
2025-10-25,48,1004,2,0.7939,5,149,10,1,0
2025-10-25,61,380,3,0.6642,3,82,10,1,0
2025-10-26,22,952,3,0.85,2,50,10,1,1
2025-10-26,33,506,5,0.6962,1,129,10,1,1
2025-10-26,32,196,7,0.5123,4,365,10,1,0
2025-10-26,32,1366,3,0.6322,5,12,10,1,0
2025-10-26,34,696,4,0.7631,1,49,10,1,1
2025-10-27,52,659,4,0.1149,0,107,10,1,0
2025-10-27,52,1212,4,0.4894,5,99,10,1,0
2025-10-28,25,693,4,0.359,5,173,10,1,0
2025-10-28,30,1338,7,0.2804,1,111,10,1,0
2025-10-28,26,1399,7,0.4396,4,8,10,1,0
2025-10-29,59,995,6,0.424,3,365,10,1,0
2025-10-29,55,1115,5,0.344,4,7,10,1,0
2025-10-29,45,616,7,0.3697,2,175,10,1,0
2025-10-30,40,1071,8,0.6469,2,85,10,1,1
2025-10-30,39,1064,5,0.8176,0,1,10,1,1
2025-10-30,42,510,5,0.1931,3,32,10,1,0
2025-10-30,47,993,5,0.5379,3,153,10,1,0
2025-10-30,42,93,3,0.899,5,157,10,1,1
2025-10-31,22,533,9,0.5121,3,365,10,1,1
2025-10-31,22,643,3,0.739,3,69,10,1,0
2025-11-01,61,835,5,0.2326,5,49,11,1,0
2025-11-01,62,129,4,0.7867,1,80,11,1,1
2025-11-01,40,855,4,0.8551,2,35,11,1,1
2025-11-01,38,988,6,0.6293,3,74,11,1,1
2025-11-01,37,254,5,0.7284,3,125,11,1,0
2025-11-02,43,652,6,0.6037,2,365,11,1,0
2025-11-02,34,1067,5,0.2293,5,30,11,1,0
2025-11-02,40,1190,2,0.3482,2,129,11,1,0
2025-11-03,34,799,3,0.363,0,5,11,1,0
2025-11-03,56,1338,3,0.0951,2,90,11,1,1
2025-11-03,51,1150,2,0.4107,0,17,11,1,0
2025-11-03,34,1088,5,0.7007,5,65,11,1,0
2025-11-03,56,178,7,0.302,4,45,11,1,0
2025-11-04,34,117,3,0.6713,4,365,11,1,0
2025-11-04,25,1000,3,0.6006,2,132,11,1,0
2025-11-04,27,878,3,0.3527,0,151,11,1,0
2025-11-04,63,1195,3,0.7973,3,105,11,1,1
2025-11-04,63,373,7,0.2907,0,167,11,1,0
2025-11-05,32,570,3,0.6767,5,365,11,1,0
2025-11-05,57,1457,7,0.4606,1,146,11,1,1
2025-11-05,43,562,3,0.222,3,107,11,1,0
2025-11-05,38,967,4,0.6674,1,365,11,1,0
2025-11-05,37,1485,5,0.6107,4,171,11,1,0
2025-11-06,61,1409,4,0.901,3,33,11,1,1
2025-11-06,56,715,4,0.1697,3,29,11,1,0
2025-11-06,41,1060,7,0.3178,2,97,11,1,0
2025-11-07,43,1224,3,0.3648,4,365,11,1,0
2025-11-07,60,208,8,0.1287,0,166,11,1,0
2025-11-07,63,459,0,0.5536,0,96,11,1,0
2025-11-07,62,237,8,0.9496,5,67,11,1,0
2025-11-07,64,867,5,0.533,2,178,11,1,1
2025-11-08,43,914,4,0.394,1,31,11,1,0
2025-11-08,49,244,2,0.3034,5,94,11,1,0
2025-11-08,25,506,5,0.1966,4,96,11,1,0
2025-11-09,36,394,11,0.5774,4,53,11,1,0
2025-11-09,55,836,2,0.5151,3,14,11,1,1
2025-11-09,60,950,1,0.1303,5,153,11,1,0
2025-11-10,65,1078,4,0.2389,0,158,11,1,0
2025-11-10,40,452,2,0.528,3,116,11,1,0
2025-11-10,30,187,5,0.6492,5,63,11,1,0
2025-11-10,54,299,5,0.2021,5,80,11,1,0
2025-11-10,57,862,6,0.3461,1,365,11,1,0
2025-11-11,29,1351,4,0.4985,2,149,11,1,1
2025-11-11,28,311,7,0.6516,1,105,11,1,0
2025-11-11,51,1423,6,0.6704,5,142,11,1,0
2025-11-11,63,317,5,0.2277,0,132,11,1,0
2025-11-11,64,190,2,0.6251,5,62,11,1,0
2025-11-11,18,242,8,0.7718,5,138,11,1,1
2025-11-11,56,632,5,0.4179,2,82,11,1,1
2025-11-11,45,1134,4,0.7973,0,365,11,1,1
2025-11-11,26,824,2,0.2247,3,36,11,1,0
2025-11-12,64,1137,3,0.7238,1,10,11,1,0
2025-11-13,60,331,6,0.631,3,123,11,1,0
2025-11-13,59,1312,1,0.656,4,133,11,1,0
2025-11-13,20,227,6,0.8142,1,105,11,1,1
2025-11-13,22,342,4,0.8742,1,365,11,1,0
2025-11-13,34,743,5,0.894,3,365,11,1,0
2025-11-13,43,325,1,0.125,2,365,11,1,0
2025-11-14,21,616,1,0.3778,5,122,11,1,0
2025-11-14,46,799,4,0.4782,0,159,11,1,1
2025-11-14,22,415,5,0.5943,5,365,11,1,0
2025-11-14,44,782,4,0.484,0,64,11,1,0
2025-11-14,30,1219,4,0.3711,0,5,11,1,0
2025-11-14,23,620,3,0.4185,3,89,11,1,0
2025-11-14,34,517,2,0.5635,0,180,11,1,1
2025-11-15,19,1245,5,0.154,4,34,11,1,0
2025-11-15,32,1275,5,0.5324,5,365,11,1,0
2025-11-15,25,1079,3,0.7454,3,13,11,1,0
2025-11-15,56,1345,3,0.7701,4,172,11,1,0
2025-11-15,38,1384,4,0.4683,3,48,11,1,0
2025-11-16,42,1190,7,0.4414,5,57,11,1,0
2025-11-16,24,569,4,0.5673,0,365,11,1,0
2025-11-16,64,162,4,0.8926,2,365,11,1,0
2025-11-17,63,909,2,0.3364,4,365,11,1,0
2025-11-18,57,901,7,0.5843,4,365,11,1,0
2025-11-18,35,725,8,0.7928,1,156,11,1,1
2025-11-18,38,1208,5,0.2163,5,365,11,1,1
2025-11-19,25,893,5,0.4719,4,133,11,1,1
2025-11-19,28,1435,10,0.7375,0,87,11,1,1
2025-11-20,57,1017,4,0.5954,2,106,11,1,0
2025-11-20,19,1425,5,0.3078,2,103,11,1,0
2025-11-21,60,489,5,0.7434,2,2,11,1,1
2025-11-21,64,145,2,0.92,1,46,11,1,0
2025-11-21,42,347,5,0.5616,5,152,11,1,0
2025-11-21,40,611,1,0.6822,2,365,11,1,0
2025-11-22,44,1483,4,0.4133,5,112,11,1,0
2025-11-22,19,306,1,0.7041,2,180,11,1,1
2025-11-23,24,307,1,0.3387,4,6,11,1,0
2025-11-23,57,1384,3,0.6599,5,167,11,1,1
2025-11-23,47,813,6,0.3378,5,60,11,1,1
2025-11-24,30,248,7,0.585,5,151,11,1,1
2025-11-24,28,310,1,0.7389,3,365,11,1,0
2025-11-24,35,540,4,0.5486,1,38,11,1,0
2025-11-24,26,963,4,0.6044,1,149,11,1,0
2025-11-24,62,998,2,0.5481,1,133,11,1,0
2025-11-25,62,1080,3,0.4943,3,8,11,1,0
2025-11-25,39,1056,2,0.3865,1,365,11,1,1
2025-11-25,62,413,9,0.1605,5,104,11,1,0
2025-11-25,54,381,3,0.4127,2,51,11,1,0
2025-11-25,56,802,7,0.7351,1,142,11,1,0
2025-11-26,64,557,3,0.4209,3,365,11,1,0
2025-11-26,23,1203,2,0.3209,3,168,11,1,0
2025-11-26,49,959,8,0.6575,2,130,11,1,0
2025-11-26,65,1174,6,0.6104,3,105,11,1,1
2025-11-26,30,505,4,0.5994,3,35,11,1,1
2025-11-26,41,784,3,0.6368,5,52,11,1,0
2025-11-27,39,1111,2,0.6426,3,120,11,1,1
2025-11-28,35,317,3,0.3902,0,71,11,1,0
2025-11-28,38,170,3,0.1335,0,101,11,1,0
2025-11-28,58,99,5,0.4079,3,365,11,1,0
2025-11-28,41,532,3,0.5338,4,365,11,1,1
2025-11-28,53,1301,5,0.7355,1,28,11,1,1
2025-11-28,43,1152,6,0.7278,1,156,11,1,1
2025-11-28,62,792,4,0.4178,0,88,11,1,0
2025-11-28,26,1494,2,0.1069,5,172,11,1,0
2025-11-28,41,449,2,0.8456,2,165,11,1,1
2025-11-29,56,778,3,0.8467,4,137,11,1,0
2025-11-29,51,475,4,0.3104,2,365,11,1,0
2025-11-29,61,765,5,0.3486,3,163,11,1,0
2025-11-29,60,179,3,0.6446,3,100,11,1,0
2025-11-30,18,750,2,0.4002,0,84,11,1,0
2025-11-30,20,1067,4,0.0577,5,46,11,1,0
2025-11-30,37,1102,6,0.1168,0,134,11,1,0
2025-12-01,22,596,4,0.1075,1,36,12,0,0
2025-12-01,46,1192,4,0.403,4,365,12,0,0
2025-12-01,56,1252,0,0.7926,5,365,12,0,0
2025-12-02,63,1212,10,0.5538,4,365,12,0,0
2025-12-02,26,626,4,0.6139,0,24,12,0,1
2025-12-02,51,607,4,0.7899,4,10,12,0,0
2025-12-02,30,159,5,0.4578,5,122,12,0,0
2025-12-02,58,1359,6,0.2905,2,90,12,0,0
2025-12-03,65,129,2,0.6133,1,365,12,0,0
2025-12-03,33,651,2,0.6457,4,365,12,0,0
2025-12-03,56,226,7,0.4243,5,4,12,0,0
2025-12-03,45,470,1,0.6411,2,69,12,0,0
2025-12-04,37,635,2,0.4925,2,42,12,0,0
2025-12-04,38,1389,6,0.9562,1,33,12,0,0
2025-12-04,56,1289,2,0.7275,3,118,12,0,1
2025-12-05,59,1474,1,0.337,2,124,12,0,0
2025-12-05,57,1389,7,0.7061,4,46,12,0,1
2025-12-05,53,1318,7,0.7096,2,143,12,0,0
2025-12-05,47,1337,3,0.8161,0,80,12,0,1
2025-12-06,39,1025,4,0.188,1,27,12,0,1
2025-12-06,21,797,3,0.7276,4,144,12,0,1
2025-12-06,41,318,6,0.9821,3,163,12,0,1
2025-12-07,33,521,6,0.6512,1,365,12,0,0
2025-12-07,51,1372,4,0.8967,0,139,12,0,0
2025-12-08,61,1126,7,0.5416,5,84,12,0,1
2025-12-08,31,657,0,0.1558,4,25,12,0,0
2025-12-08,21,1018,4,0.2397,1,33,12,0,0
2025-12-08,57,543,3,0.2336,2,27,12,0,0
2025-12-08,18,1017,7,0.4654,5,75,12,0,0
2025-12-08,45,1362,2,0.7945,1,0,12,0,1
2025-12-09,27,109,7,0.6694,5,16,12,0,0
2025-12-09,65,1020,6,0.3609,4,121,12,0,0
2025-12-09,25,1133,1,0.542,4,132,12,0,1
2025-12-09,33,219,0,0.4118,5,62,12,0,0
2025-12-09,57,754,7,0.5145,0,134,12,0,1
2025-12-10,47,1142,6,0.1923,1,8,12,0,0
2025-12-10,18,957,2,0.2997,3,180,12,0,0
2025-12-11,62,1455,4,0.7321,0,365,12,0,0
2025-12-11,27,1469,4,0.5194,0,365,12,0,0
2025-12-11,62,743,4,0.7028,0,84,12,0,0
2025-12-11,64,1006,12,0.7348,2,84,12,0,1
2025-12-12,32,1446,4,0.5115,5,114,12,0,1
2025-12-12,50,1399,4,0.6475,1,100,12,0,1
2025-12-12,27,141,1,0.7459,5,2,12,0,0
2025-12-12,38,436,5,0.3846,1,23,12,0,0
2025-12-12,58,322,4,0.8585,3,142,12,0,0
2025-12-13,37,925,2,0.2457,0,78,12,0,0
2025-12-13,64,616,1,0.7321,1,173,12,0,0
2025-12-13,49,1499,5,0.2689,4,45,12,0,0
2025-12-13,43,682,5,0.3592,3,66,12,0,0
2025-12-13,49,760,5,0.5076,0,365,12,0,0
2025-12-13,26,1227,5,0.5464,3,117,12,0,0
2025-12-13,59,451,5,0.4894,5,11,12,0,0
2025-12-13,50,912,4,0.3419,5,161,12,0,0
2025-12-13,33,133,3,0.2182,1,21,12,0,0
2025-12-14,24,116,4,0.1495,2,174,12,0,0
2025-12-14,25,616,3,0.7459,4,35,12,0,0
2025-12-15,52,1066,5,0.6338,4,91,12,0,0
2025-12-15,49,206,3,0.5064,2,10,12,0,0
2025-12-15,46,996,2,0.2674,3,87,12,0,0
2025-12-15,23,829,6,0.3433,1,36,12,0,0
2025-12-15,55,855,1,0.7212,2,15,12,0,0
2025-12-15,32,378,3,0.2416,3,11,12,0,1
2025-12-15,38,944,4,0.5629,0,115,12,0,0
2025-12-16,47,783,5,0.8534,3,116,12,0,1
2025-12-16,32,175,5,0.3678,1,365,12,0,0
2025-12-16,56,1324,3,0.474,5,79,12,0,0
2025-12-16,41,691,1,0.3539,3,365,12,0,1
2025-12-17,43,1400,3,0.7042,5,365,12,0,0
2025-12-17,32,821,3,0.578,5,39,12,0,0
2025-12-18,31,1189,4,0.4638,2,49,12,0,0
2025-12-18,18,525,3,0.6858,3,365,12,0,0
2025-12-18,37,556,8,0.3641,5,99,12,0,0
2025-12-18,30,1096,3,0.3922,2,175,12,0,0
2025-12-18,37,448,4,0.3799,0,172,12,0,0
2025-12-18,61,1181,6,0.6222,1,365,12,0,1
2025-12-19,28,1312,6,0.6616,1,21,12,0,1
2025-12-19,36,467,4,0.5897,1,168,12,0,0
2025-12-19,18,358,6,0.7649,3,64,12,0,1
2025-12-20,43,504,2,0.5778,1,172,12,0,0
2025-12-20,55,1064,4,0.7766,3,75,12,0,1
2025-12-20,46,1270,2,0.8484,3,365,12,0,0
2025-12-20,42,333,3,0.4997,2,365,12,0,0
2025-12-20,41,549,2,0.5678,4,128,12,0,0
2025-12-20,47,372,4,0.3223,3,23,12,0,0
2025-12-21,29,1297,3,0.8102,1,155,12,0,0
2025-12-21,28,582,5,0.8456,0,365,12,0,0
2025-12-21,49,91,1,0.6251,4,138,12,0,0
2025-12-21,63,487,4,0.6725,5,67,12,0,0
2025-12-22,29,971,6,0.8265,0,2,12,0,1
2025-12-22,62,711,2,0.6499,1,74,12,0,1
2025-12-22,39,988,5,0.5348,2,365,12,0,1
2025-12-22,53,1253,8,0.6823,3,53,12,0,0
2025-12-23,57,1110,4,0.7636,2,60,12,0,0
2025-12-23,18,968,4,0.7617,1,24,12,0,0
2025-12-24,32,472,3,0.4982,3,111,12,0,0
2025-12-24,37,689,4,0.6045,1,365,12,0,1
2025-12-24,18,94,5,0.7198,5,365,12,0,0
2025-12-25,60,1076,3,0.512,0,365,12,0,0
2025-12-25,57,713,5,0.5161,0,114,12,0,0
2025-12-26,23,850,2,0.6224,3,177,12,0,0
2025-12-26,65,113,3,0.1144,1,86,12,0,0
2025-12-27,23,1077,2,0.6825,4,106,12,0,0
2025-12-27,56,1391,5,0.5381,2,121,12,0,1
2025-12-27,65,663,8,0.4998,5,365,12,0,0
2025-12-28,50,929,4,0.578,4,29,12,0,0
2025-12-28,27,1174,4,0.3775,5,88,12,0,0
2025-12-28,23,744,2,0.286,4,172,12,0,0
2025-12-28,28,1123,3,0.4968,4,365,12,0,0
2025-12-29,43,713,6,0.5545,2,7,12,0,1
2025-12-29,52,1281,2,0.2886,1,18,12,0,0
2025-12-29,30,595,3,0.5618,3,162,12,0,0
2025-12-29,61,103,4,0.2881,2,62,12,0,0
2025-12-29,30,491,6,0.973,3,365,12,0,1
2025-12-29,59,615,5,0.7697,4,133,12,0,0
2025-12-29,53,911,5,0.3931,5,365,12,0,0
2025-12-30,28,1323,6,0.6502,0,365,12,0,1
2025-12-30,45,448,3,0.4401,4,163,12,0,0
2025-12-30,32,404,2,0.4952,1,127,12,0,0
2025-12-31,29,1092,2,0.2894,4,50,12,0,0
2025-12-31,25,715,3,0.0267,5,92,12,0,0
2025-12-31,36,499,7,0.7179,0,41,12,0,1
2025-12-31,26,296,6,0.3615,1,365,12,0,0
2025-12-31,20,905,8,0.3117,1,365,12,0,0
2026-01-01,49,1365,2,0.4505,1,365,1,1,1
2026-01-01,46,1152,1,0.4497,1,73,1,1,1
2026-01-01,21,1187,1,0.4157,5,68,1,1,0
2026-01-01,47,1315,6,0.7154,5,117,1,1,1
2026-01-01,23,819,4,0.4367,0,4,1,1,0
2026-01-01,31,1321,5,0.4512,5,139,1,1,0
2026-01-03,23,729,7,0.8524,1,150,1,1,1
2026-01-05,41,1203,3,0.5119,1,108,1,1,0
2026-01-05,62,443,3,0.83,1,365,1,1,1
2026-01-05,53,375,2,0.6944,2,174,1,1,1
2026-01-05,26,1379,5,0.6397,1,61,1,1,0
2026-01-05,33,1305,0,0.3091,5,46,1,1,1
2026-01-05,56,1260,5,0.158,2,12,1,1,1
2026-01-06,35,790,7,0.9546,2,164,1,1,0
2026-01-07,32,110,5,0.3151,0,71,1,1,0
2026-01-07,18,296,7,0.449,2,180,1,1,0
2026-01-07,32,1161,3,0.1897,5,72,1,1,0
2026-01-07,30,691,9,0.554,4,88,1,1,0
2026-01-07,26,1123,6,0.3991,2,104,1,1,0
2026-01-08,44,295,6,0.6189,3,84,1,1,1
2026-01-08,55,295,6,0.5431,3,126,1,1,1
2026-01-08,64,389,4,0.3514,3,365,1,1,0
2026-01-08,42,200,6,0.7716,0,121,1,1,0
2026-01-09,26,921,4,0.1397,2,51,1,1,0
2026-01-10,51,1154,5,0.872,3,10,1,1,0
2026-01-10,50,931,7,0.4942,2,119,1,1,0
2026-01-10,62,1431,4,0.6749,1,365,1,1,1
2026-01-10,29,665,4,0.6372,1,81,1,1,1
2026-01-10,48,937,5,0.3466,5,84,1,1,0
2026-01-11,39,114,7,0.553,3,77,1,1,0
2026-01-11,64,552,3,0.8583,2,35,1,1,1
2026-01-11,37,745,5,0.2852,4,365,1,1,0
2026-01-12,44,369,3,0.4594,0,170,1,1,0
2026-01-13,36,1192,5,0.4384,4,365,1,1,0
2026-01-14,55,379,3,0.2387,5,113,1,1,0
2026-01-14,20,1491,7,0.5702,2,128,1,1,0
2026-01-14,19,1104,7,0.6813,3,155,1,1,1
2026-01-14,57,114,5,0.3073,4,83,1,1,1
2026-01-14,19,1146,5,0.4451,0,20,1,1,0
2026-01-15,30,1066,2,0.6863,0,75,1,1,1
2026-01-15,35,547,8,0.3748,4,120,1,1,1
2026-01-16,38,489,2,0.2503,0,39,1,1,0
2026-01-16,38,868,7,0.6891,4,33,1,1,1
2026-01-16,46,1243,6,0.7,4,19,1,1,0
2026-01-16,44,454,5,0.6382,0,365,1,1,1
2026-01-17,40,1415,5,0.7455,5,1,1,1,0
2026-01-18,44,156,4,0.5519,1,156,1,1,0
2026-01-18,35,621,4,0.2664,2,44,1,1,0
2026-01-19,25,1074,3,0.7135,0,42,1,1,1
2026-01-19,50,888,4,0.1168,0,134,1,1,0
2026-01-19,46,781,3,0.8857,4,8,1,1,0
2026-01-19,45,1196,4,0.7536,0,365,1,1,0
2026-01-19,26,356,3,0.7009,4,365,1,1,0
2026-01-19,18,1157,5,0.3559,1,79,1,1,0
2026-01-20,42,1175,6,0.4702,2,141,1,1,1
2026-01-20,46,858,4,0.7473,3,107,1,1,0
2026-01-20,63,696,4,0.3973,3,164,1,1,0
2026-01-20,21,1351,2,0.558,1,162,1,1,0
2026-01-20,30,128,1,0.7768,1,109,1,1,1
2026-01-21,26,1450,3,0.5551,1,17,1,1,0
2026-01-21,21,1436,5,0.4964,3,168,1,1,1
2026-01-21,23,421,6,0.5103,3,108,1,1,0
2026-01-21,43,1158,3,0.799,2,365,1,1,1
2026-01-22,24,713,5,0.3829,4,113,1,1,0
2026-01-22,59,531,8,0.8872,0,147,1,1,0
2026-01-22,45,1192,4,0.8811,2,40,1,1,1
2026-01-22,53,452,2,0.6443,1,80,1,1,0
2026-01-22,42,499,6,0.4546,5,128,1,1,0
2026-01-23,25,653,1,0.9277,4,365,1,1,0
2026-01-23,52,396,3,0.2344,5,365,1,1,1
2026-01-23,39,1087,2,0.6962,1,119,1,1,0
2026-01-23,55,1212,5,0.159,1,64,1,1,0
2026-01-23,33,1335,2,0.2908,4,63,1,1,0
2026-01-24,34,116,1,0.4454,3,23,1,1,0
2026-01-24,36,1089,3,0.5167,0,121,1,1,1
2026-01-24,20,207,3,0.2719,0,9,1,1,0
2026-01-25,62,194,4,0.1679,4,62,1,1,0
2026-01-26,57,402,5,0.8952,3,29,1,1,1
2026-01-26,20,1315,3,0.2992,2,14,1,1,1
2026-01-26,50,827,5,0.6213,5,172,1,1,0
2026-01-27,62,1375,4,0.1259,3,157,1,1,0
2026-01-27,23,1122,4,0.3666,4,154,1,1,0
2026-01-27,55,664,2,0.2389,1,26,1,1,0
2026-01-28,25,926,7,0.3243,1,365,1,1,1
2026-01-28,46,1412,6,0.5614,3,180,1,1,1
2026-01-28,38,1065,3,0.2487,3,55,1,1,0
2026-01-28,42,1111,6,0.4342,0,174,1,1,0
2026-01-28,59,1136,4,0.5576,2,17,1,1,0
2026-01-29,51,1493,5,0.3769,3,165,1,1,0
2026-01-29,38,1433,5,0.1746,1,149,1,1,0
2026-01-29,42,510,0,0.5997,0,365,1,1,1
2026-01-29,29,248,3,0.6901,1,134,1,1,0
2026-01-29,64,1411,5,0.6696,0,7,1,1,0
2026-01-30,40,247,2,0.7354,2,129,1,1,0
2026-01-30,27,1149,3,0.1804,4,28,1,1,0
2026-01-30,31,358,4,0.4913,1,37,1,1,0
2026-01-30,49,619,2,0.8106,5,365,1,1,0
2026-01-30,60,1144,2,0.2563,2,28,1,1,0
2026-01-30,43,372,5,0.5213,0,141,1,1,0
2026-01-31,24,1457,5,0.4803,4,39,1,1,0
2026-01-31,48,1201,4,0.3774,4,77,1,1,0
2026-01-31,35,323,6,0.574,2,365,1,1,0
2026-02-01,49,1073,3,0.5272,5,131,2,0,0
2026-02-01,31,117,1,0.7041,4,98,2,0,0
2026-02-01,51,695,3,0.572,1,39,2,0,0
2026-02-02,65,860,2,0.2889,4,164,2,0,0
2026-02-02,49,822,4,0.4846,1,83,2,0,1
2026-02-02,56,1238,7,0.2614,1,108,2,0,0
2026-02-02,34,1123,3,0.6763,1,36,2,0,0
2026-02-02,41,497,4,0.3974,1,107,2,0,0
2026-02-02,60,807,2,0.3817,4,16,2,0,1
2026-02-02,40,1458,5,0.6547,5,14,2,0,0
2026-02-02,65,1348,4,0.6266,5,365,2,0,0
2026-02-02,36,1391,3,0.3645,0,158,2,0,0
2026-02-03,50,131,3,0.6282,2,365,2,0,0
2026-02-04,64,531,2,0.5008,4,365,2,0,0
2026-02-04,48,609,4,0.3387,4,137,2,0,0
2026-02-04,18,1476,7,0.222,3,90,2,0,1
2026-02-04,60,1221,6,0.4954,0,365,2,0,1
2026-02-04,19,242,5,0.2024,1,14,2,0,0
2026-02-04,33,1307,3,0.4058,0,18,2,0,0
2026-02-04,24,1188,5,0.6,1,47,2,0,1
2026-02-05,58,637,2,0.5836,4,87,2,0,0
2026-02-05,43,497,7,0.405,0,90,2,0,0
2026-02-05,21,1307,1,0.6202,4,110,2,0,0
2026-02-05,27,376,6,0.7392,2,365,2,0,1
2026-02-05,18,686,7,0.537,1,89,2,0,1
2026-02-06,49,723,4,0.1024,3,35,2,0,0
2026-02-07,54,245,4,0.3026,3,365,2,0,0
2026-02-07,46,579,6,0.689,2,102,2,0,0
2026-02-07,62,275,5,0.5622,0,7,2,0,0
2026-02-07,37,1209,8,0.2311,3,75,2,0,0
2026-02-07,57,1279,3,0.0766,4,114,2,0,1
2026-02-08,60,179,6,0.7862,3,41,2,0,0
2026-02-08,40,1353,2,0.6567,5,90,2,0,0
2026-02-08,26,91,1,0.4463,1,155,2,0,0
2026-02-08,27,845,7,0.3049,0,48,2,0,0
2026-02-09,46,259,4,0.1838,1,34,2,0,0
2026-02-09,32,389,6,0.7589,0,65,2,0,1
2026-02-09,56,1340,7,0.574,1,142,2,0,0
2026-02-09,23,1222,7,0.8191,4,102,2,0,1
2026-02-09,22,1400,3,0.364,3,78,2,0,0
2026-02-09,32,1293,3,0.4615,1,135,2,0,0
2026-02-10,54,574,7,0.6652,2,11,2,0,0
2026-02-10,44,1227,4,0.693,0,170,2,0,0
2026-02-10,54,630,5,0.4745,5,49,2,0,0
2026-02-11,49,881,4,0.6659,2,89,2,0,0
2026-02-11,54,972,2,0.1508,4,2,2,0,0
2026-02-11,39,429,6,0.7886,2,161,2,0,1
2026-02-11,55,1181,7,0.1397,2,22,2,0,1
2026-02-12,61,535,8,0.7101,5,115,2,0,1
2026-02-12,39,1331,4,0.658,1,365,2,0,0
2026-02-12,54,903,6,0.5353,4,82,2,0,0
2026-02-13,27,546,0,0.4491,2,175,2,0,0
2026-02-13,56,230,7,0.8426,2,117,2,0,0
2026-02-13,22,1020,1,0.7957,1,96,2,0,0
2026-02-13,29,1330,3,0.7498,4,151,2,0,0
2026-02-13,32,1369,1,0.5113,1,136,2,0,0
2026-02-13,41,1376,6,0.3698,1,365,2,0,0
2026-02-13,29,440,3,0.6354,2,105,2,0,0
2026-02-14,29,802,1,0.2578,0,6,2,0,0
2026-02-14,47,403,4,0.4741,1,24,2,0,1
2026-02-14,41,1358,2,0.4527,1,365,2,0,0
2026-02-14,22,1089,1,0.4119,1,41,2,0,1
2026-02-15,40,246,4,0.8337,1,97,2,0,0
2026-02-15,24,1218,1,0.3923,2,365,2,0,0
2026-02-16,18,139,3,0.6991,5,59,2,0,1
2026-02-16,35,951,5,0.3262,5,62,2,0,0
2026-02-16,38,1385,6,0.7052,0,365,2,0,1
2026-02-17,50,744,2,0.5525,2,365,2,0,0
2026-02-17,30,429,0,0.68,4,168,2,0,1
2026-02-17,36,1142,3,0.5015,5,149,2,0,0
2026-02-18,41,442,3,0.1891,1,118,2,0,0
2026-02-18,47,191,4,0.0626,0,62,2,0,1
2026-02-18,29,960,8,0.3363,0,34,2,0,1
2026-02-18,25,1274,3,0.2949,2,365,2,0,0
2026-02-18,28,940,5,0.6112,1,365,2,0,0
2026-02-18,19,142,2,0.7677,5,123,2,0,1
2026-02-19,24,1438,6,0.5079,4,139,2,0,0
2026-02-19,18,723,3,0.5766,0,65,2,0,0
2026-02-19,34,314,1,0.4222,1,46,2,0,0
2026-02-20,25,941,4,0.9873,2,51,2,0,1
2026-02-21,42,1119,6,0.3862,4,80,2,0,0
2026-02-21,23,1373,2,0.873,0,176,2,0,1
2026-02-21,58,518,6,0.5411,5,50,2,0,0
2026-02-21,32,345,4,0.1083,0,153,2,0,0
2026-02-22,61,924,5,0.6154,1,365,2,0,0
2026-02-22,36,740,5,0.5389,0,172,2,0,0
2026-02-22,33,1484,1,0.9069,4,156,2,0,1
2026-02-22,35,1364,5,0.1063,4,38,2,0,0
2026-02-22,56,378,5,0.4602,3,178,2,0,1
2026-02-22,19,93,1,0.6971,5,64,2,0,0
2026-02-22,29,1220,7,0.6789,3,365,2,0,1
2026-02-23,55,1443,3,0.5556,4,63,2,0,0
2026-02-23,41,761,6,0.9061,4,94,2,0,1
2026-02-23,60,1465,5,0.3249,1,91,2,0,1
2026-02-23,18,498,2,0.4737,4,47,2,0,0
2026-02-24,50,558,5,0.7119,3,365,2,0,0
2026-02-24,33,142,4,0.3918,3,70,2,0,0
2026-02-24,52,1398,3,0.8774,4,50,2,0,1
2026-02-25,54,368,7,0.1651,2,365,2,0,0
2026-02-25,53,307,6,0.6711,1,170,2,0,0
2026-02-25,29,1098,7,0.672,1,63,2,0,1
2026-02-25,31,876,2,0.6012,2,365,2,0,0
2026-02-26,27,1206,2,0.828,1,180,2,0,0
2026-02-26,34,727,3,0.79,5,140,2,0,0
2026-02-26,47,908,5,0.7853,3,10,2,0,0
2026-02-26,51,1234,2,0.3114,5,84,2,0,0
2026-02-26,63,1310,2,0.2071,0,20,2,0,0
2026-02-26,20,168,4,0.2911,3,76,2,0,0
2026-02-26,56,654,4,0.3767,1,106,2,0,0
2026-02-26,30,1146,3,0.8971,4,140,2,0,1
2026-02-27,25,460,5,0.6912,4,90,2,0,0
2026-02-27,38,843,3,0.6834,4,141,2,0,0
2026-02-27,35,521,2,0.6676,3,100,2,0,0
2026-02-27,22,1161,3,0.6968,4,365,2,0,1
2026-02-27,21,190,7,0.5861,1,133,2,0,0
2026-02-28,57,1305,3,0.7394,3,35,2,0,0
2026-02-28,19,982,6,0.68,0,365,2,0,0
2026-02-28,22,626,3,0.3291,0,4,2,0,0
2026-02-28,27,483,4,0.6951,1,365,2,0,0
2026-03-01,57,1498,3,0.2874,5,107,3,0,0
2026-03-01,28,177,2,0.3519,1,365,3,0,0
2026-03-01,53,237,5,0.7883,5,74,3,0,0
2026-03-01,35,998,4,0.6889,4,365,3,0,1
2026-03-01,24,304,2,0.7293,1,120,3,0,0
2026-03-02,60,332,4,0.4487,3,153,3,0,0
2026-03-03,21,417,0,0.5741,4,365,3,0,0
2026-03-03,23,1393,2,0.3723,4,131,3,0,0
2026-03-03,63,611,7,0.3256,5,115,3,0,0
2026-03-03,57,1483,0,0.2227,3,99,3,0,0
2026-03-03,48,1409,3,0.6411,0,365,3,0,1
2026-03-04,53,510,6,0.8433,3,56,3,0,1
2026-03-04,64,801,3,0.9035,0,25,3,0,1
2026-03-05,44,1147,4,0.6024,4,171,3,0,0
2026-03-05,62,600,6,0.345,1,68,3,0,0
2026-03-05,29,213,3,0.3122,2,365,3,0,0
2026-03-05,51,1366,5,0.4783,4,92,3,0,0
2026-03-05,52,345,3,0.2443,5,127,3,0,0
2026-03-06,28,901,5,0.7802,2,145,3,0,0
2026-03-06,27,1172,4,0.3136,0,124,3,0,0
2026-03-07,18,176,7,0.5313,3,71,3,0,0
2026-03-07,49,263,6,0.4637,2,79,3,0,0
2026-03-08,19,938,2,0.1648,4,57,3,0,0
2026-03-08,65,310,4,0.6589,2,84,3,0,0
2026-03-08,41,284,2,0.4828,5,156,3,0,0
2026-03-08,45,1212,2,0.2625,1,8,3,0,0
2026-03-08,18,1277,2,0.4211,0,43,3,0,0
2026-03-08,26,1222,7,0.1511,2,365,3,0,0
2026-03-09,37,312,4,0.2119,3,365,3,0,0
2026-03-09,54,1118,4,0.6708,1,28,3,0,1
2026-03-09,36,1254,3,0.8423,5,60,3,0,0
2026-03-09,58,1483,3,0.6473,3,39,3,0,0
2026-03-10,36,1325,3,0.1439,2,37,3,0,1
2026-03-10,48,263,5,0.4119,4,101,3,0,0
2026-03-10,25,1453,5,0.71,2,143,3,0,1
2026-03-10,37,1240,2,0.2857,0,72,3,0,0
2026-03-10,55,922,2,0.6467,1,89,3,0,0
2026-03-11,56,1133,7,0.2283,5,54,3,0,0
2026-03-11,30,371,8,0.3517,4,83,3,0,0
2026-03-11,19,573,4,0.9167,0,66,3,0,1
2026-03-11,22,458,11,0.2051,2,153,3,0,1
2026-03-11,58,575,5,0.5747,3,87,3,0,0
2026-03-11,52,198,5,0.5751,3,6,3,0,0
2026-03-12,37,858,3,0.5589,4,365,3,0,0
2026-03-12,30,1293,3,0.6626,4,20,3,0,1
2026-03-12,29,1336,4,0.609,0,38,3,0,0
2026-03-12,48,405,8,0.4798,0,154,3,0,0
2026-03-13,32,803,7,0.4833,4,147,3,0,0
2026-03-13,65,1424,5,0.231,4,41,3,0,0
2026-03-14,27,888,5,0.4449,2,81,3,0,0
2026-03-15,63,737,3,0.2061,1,46,3,0,0
2026-03-15,65,1394,5,0.6666,3,66,3,0,0
2026-03-15,39,698,2,0.5667,3,89,3,0,0
2026-03-15,59,541,3,0.4214,4,67,3,0,0
2026-03-15,28,1105,5,0.8221,4,147,3,0,1
2026-03-15,29,1387,2,0.838,1,99,3,0,1
2026-03-15,38,1036,6,0.9839,4,72,3,0,0
2026-03-16,62,179,7,0.4096,0,53,3,0,1
2026-03-16,22,240,2,0.5267,1,365,3,0,0
2026-03-16,61,766,2,0.7232,1,76,3,0,0
2026-03-16,45,919,6,0.479,5,108,3,0,0
2026-03-16,26,240,6,0.3653,0,144,3,0,0
2026-03-17,32,1376,4,0.3676,1,100,3,0,0
2026-03-17,58,493,6,0.5166,2,163,3,0,0
2026-03-17,33,954,8,0.7,4,365,3,0,0
2026-03-17,55,417,4,0.7582,3,365,3,0,0
2026-03-17,55,1328,5,0.4603,0,72,3,0,0
2026-03-17,42,1431,6,0.2372,2,365,3,0,0
2026-03-18,43,593,4,0.5511,5,163,3,0,0
2026-03-18,54,943,5,0.1592,3,24,3,0,0
2026-03-18,20,301,4,0.6852,5,40,3,0,0
2026-03-18,40,329,4,0.6096,1,84,3,0,1
2026-03-18,26,1483,1,0.5414,2,176,3,0,1
2026-03-19,31,228,4,0.5597,5,63,3,0,0
2026-03-19,44,221,4,0.4396,0,67,3,0,1
2026-03-19,52,1143,1,0.4054,1,365,3,0,1
2026-03-20,55,1098,7,0.1104,3,84,3,0,0
2026-03-20,65,1432,3,0.5815,5,177,3,0,0
2026-03-20,40,964,2,0.5346,3,88,3,0,0
2026-03-21,32,950,4,0.5775,5,154,3,0,0
2026-03-21,25,1014,4,0.6385,3,15,3,0,0
2026-03-21,39,496,5,0.6592,1,365,3,0,1
2026-03-21,29,138,2,0.4288,2,365,3,0,0
2026-03-21,34,1178,3,0.3406,0,10,3,0,0
2026-03-21,60,310,2,0.4263,4,48,3,0,1
2026-03-21,31,722,5,0.4124,5,365,3,0,0
2026-03-21,24,732,4,0.6628,2,103,3,0,0
2026-03-21,59,401,4,0.2682,5,148,3,0,1
2026-03-22,47,910,2,0.4721,3,167,3,0,0
2026-03-22,19,664,3,0.8765,1,31,3,0,1
2026-03-23,32,1448,3,0.4079,3,111,3,0,0
2026-03-24,61,760,4,0.1004,3,134,3,0,0
2026-03-24,62,1319,2,0.9171,4,138,3,0,1
2026-03-24,57,639,4,0.3782,0,365,3,0,0
2026-03-24,18,775,4,0.9043,0,130,3,0,1
2026-03-24,58,1426,5,0.4636,2,151,3,0,1
2026-03-25,55,539,3,0.8502,5,13,3,0,0
2026-03-25,50,218,7,0.8633,5,75,3,0,0
2026-03-25,45,1121,6,0.733,4,365,3,0,0
2026-03-26,42,1433,5,0.3724,5,3,3,0,0
2026-03-26,45,483,3,0.3873,4,133,3,0,1
2026-03-26,31,779,3,0.8224,3,8,3,0,0
2026-03-26,29,922,4,0.4447,1,2,3,0,0
2026-03-27,46,1314,7,0.7365,5,91,3,0,0
2026-03-28,46,607,8,0.5578,5,147,3,0,0
2026-03-28,39,144,7,0.5898,5,58,3,0,1
2026-03-29,62,98,4,0.8219,0,171,3,0,1
2026-03-29,65,1463,4,0.757,0,35,3,0,1
2026-03-29,28,1395,7,0.6207,1,10,3,0,0
2026-03-29,40,379,2,0.7899,5,27,3,0,0
2026-03-29,43,142,2,0.5537,2,127,3,0,0
2026-03-29,34,764,5,0.713,0,365,3,0,0
2026-03-29,53,816,8,0.4564,5,131,3,0,0
2026-03-29,25,574,2,0.7457,3,73,3,0,0
2026-03-30,46,311,5,0.4565,0,81,3,0,1
2026-03-30,21,1376,7,0.3292,2,32,3,0,1
2026-03-30,30,951,4,0.4282,3,173,3,0,1
2026-03-30,59,893,4,0.1209,5,143,3,0,0
2026-03-30,45,729,4,0.8861,3,365,3,0,1
2026-03-30,42,436,4,0.3465,2,365,3,0,0
2026-03-31,61,658,4,0.7095,3,8,3,0,0
2026-03-31,45,643,6,0.587,0,33,3,0,1
2026-04-01,60,592,3,0.0655,5,76,4,0,0
2026-04-01,50,1194,3,0.7421,4,365,4,0,0
2026-04-01,51,1206,4,0.8113,2,175,4,0,1
2026-04-01,41,703,7,0.4238,3,36,4,0,0
2026-04-01,24,1223,4,0.6768,1,365,4,0,1
2026-04-01,41,758,3,0.6049,2,159,4,0,0
2026-04-02,53,1235,5,0.5247,4,133,4,0,1
2026-04-02,64,445,5,0.6731,4,126,4,0,0
2026-04-02,52,794,4,0.3347,5,161,4,0,0
2026-04-02,54,1163,5,0.6306,4,53,4,0,1
2026-04-02,58,1059,3,0.4414,1,20,4,0,0
2026-04-03,62,862,3,0.5897,1,180,4,0,0
2026-04-03,59,392,6,0.8101,0,124,4,0,0
2026-04-03,41,1385,3,0.39,0,365,4,0,0
2026-04-03,59,693,10,0.7472,5,22,4,0,0
2026-04-03,43,600,5,0.9167,1,178,4,0,0
2026-04-03,53,553,3,0.2251,3,140,4,0,0
2026-04-04,33,1243,5,0.4268,5,77,4,0,0
2026-04-04,52,886,4,0.7365,0,70,4,0,1
2026-04-04,39,411,8,0.5808,2,365,4,0,0
2026-04-04,33,1360,5,0.173,3,51,4,0,0
2026-04-04,56,607,9,0.3198,0,0,4,0,0
2026-04-05,57,677,3,0.6313,5,71,4,0,0
2026-04-05,20,151,4,0.4917,3,110,4,0,1
2026-04-05,59,930,3,0.2857,5,37,4,0,0
2026-04-05,41,1258,3,0.7161,0,365,4,0,1
2026-04-06,54,1415,3,0.3633,2,87,4,0,0
2026-04-06,45,1176,4,0.6466,4,90,4,0,0
2026-04-06,31,686,2,0.3232,0,119,4,0,0
2026-04-06,44,1168,5,0.1149,2,365,4,0,1
2026-04-06,61,1255,5,0.6038,2,79,4,0,0
2026-04-07,41,1191,5,0.631,3,82,4,0,1
2026-04-07,21,145,4,0.6161,3,90,4,0,1
2026-04-07,20,1457,5,0.5709,3,11,4,0,0
2026-04-08,22,101,8,0.5187,1,72,4,0,0
2026-04-08,29,697,8,0.4895,2,119,4,0,0
2026-04-08,34,470,1,0.3498,5,38,4,0,0
2026-04-08,46,1091,5,0.751,4,44,4,0,1
2026-04-08,30,1252,10,0.7439,2,38,4,0,0
2026-04-09,47,292,4,0.6634,1,365,4,0,0
2026-04-09,56,1285,5,0.5982,2,365,4,0,1
2026-04-09,20,1437,4,0.4283,3,132,4,0,0
2026-04-10,37,957,1,0.7548,4,72,4,0,1
2026-04-10,29,1021,0,0.6933,4,168,4,0,1
2026-04-10,30,1274,4,0.7746,2,10,4,0,1
2026-04-10,26,395,4,0.7695,4,77,4,0,0
2026-04-10,22,725,2,0.2828,2,42,4,0,0
2026-04-11,65,671,4,0.2703,4,365,4,0,0
2026-04-11,51,1264,6,0.6276,0,88,4,0,1
2026-04-11,32,1311,7,0.6747,5,58,4,0,1
2026-04-11,62,885,4,0.3577,0,365,4,0,0
2026-04-11,30,794,7,0.7555,0,23,4,0,1
2026-04-11,60,791,3,0.7783,4,174,4,0,1
2026-04-12,59,203,3,0.7504,5,20,4,0,0
2026-04-12,33,1137,2,0.5359,5,120,4,0,0
2026-04-12,48,1092,5,0.4854,1,106,4,0,0
2026-04-12,47,554,3,0.7087,1,365,4,0,0
2026-04-12,61,395,2,0.2071,3,365,4,0,1
2026-04-12,54,215,6,0.1044,1,52,4,0,0
2026-04-12,25,1211,5,0.7337,1,365,4,0,1
2026-04-12,57,921,3,0.2954,3,85,4,0,0
2026-04-12,58,339,3,0.2043,2,1,4,0,0
2026-04-13,41,235,4,0.6447,0,71,4,0,0
2026-04-13,63,1368,4,0.7266,2,130,4,0,1
2026-04-13,37,507,5,0.554,0,365,4,0,0
2026-04-13,63,1045,3,0.395,2,152,4,0,0
2026-04-14,29,734,3,0.8,3,117,4,0,0
2026-04-14,36,1500,1,0.772,3,365,4,0,0
2026-04-14,53,897,5,0.2948,3,33,4,0,0
2026-04-15,47,675,3,0.4934,1,365,4,0,1
2026-04-15,35,1388,0,0.5539,2,126,4,0,0
2026-04-15,29,1399,5,0.5429,4,365,4,0,0
2026-04-15,21,724,2,0.5779,4,365,4,0,0
2026-04-16,35,1029,5,0.3694,2,70,4,0,0
2026-04-16,60,996,3,0.9106,2,76,4,0,0
2026-04-16,57,911,2,0.6157,3,365,4,0,0
2026-04-16,25,124,8,0.8489,4,3,4,0,0
2026-04-16,21,1055,6,0.2716,2,71,4,0,0
2026-04-16,21,607,5,0.6123,3,69,4,0,0
2026-04-16,59,238,4,0.3928,4,18,4,0,0
2026-04-17,51,1458,9,0.9527,0,51,4,0,0
2026-04-17,52,442,6,0.7962,5,160,4,0,1
2026-04-17,46,369,7,0.4068,3,159,4,0,1
2026-04-17,21,1012,3,0.6386,1,365,4,0,1
2026-04-18,43,1081,3,0.6504,4,365,4,0,0
2026-04-18,28,609,4,0.1549,2,105,4,0,0
2026-04-18,41,409,4,0.3096,1,365,4,0,0
2026-04-18,44,1449,8,0.2256,0,132,4,0,0
2026-04-19,48,391,4,0.4537,4,129,4,0,1
2026-04-19,43,484,3,0.7802,5,11,4,0,0
2026-04-19,44,1331,3,0.8984,1,51,4,0,1
2026-04-19,53,1130,3,0.5387,3,107,4,0,1
2026-04-20,44,1120,1,0.5804,0,53,4,0,0
2026-04-20,29,491,5,0.6101,2,365,4,0,0
2026-04-20,61,1468,2,0.6886,4,54,4,0,0
2026-04-20,34,1276,3,0.8606,2,173,4,0,0
2026-04-20,65,278,4,0.3496,5,16,4,0,0
2026-04-20,47,514,5,0.2678,3,72,4,0,0
2026-04-21,40,201,2,0.8877,1,86,4,0,1
2026-04-21,58,1057,4,0.3059,3,10,4,0,0
2026-04-21,45,161,4,0.3691,4,64,4,0,1
2026-04-22,59,814,2,0.424,5,161,4,0,0
2026-04-22,56,1173,8,0.7381,3,365,4,0,0
2026-04-22,53,949,1,0.6891,2,96,4,0,0
2026-04-22,21,1159,5,0.5265,5,66,4,0,0
2026-04-23,35,1183,3,0.2078,5,145,4,0,0
2026-04-23,20,523,3,0.4165,5,22,4,0,0
2026-04-23,22,1195,4,0.5577,4,32,4,0,0
2026-04-24,51,558,3,0.2563,4,169,4,0,0
2026-04-24,49,381,9,0.6941,1,166,4,0,1
2026-04-24,23,294,10,0.6159,5,173,4,0,0
2026-04-24,18,1231,3,0.7307,3,76,4,0,0
2026-04-24,19,291,2,0.3438,2,169,4,0,0
2026-04-25,21,297,0,0.378,3,94,4,0,0
2026-04-25,18,568,6,0.6135,5,170,4,0,1
2026-04-25,45,225,5,0.0823,4,365,4,0,0
2026-04-25,52,436,5,0.705,5,148,4,0,1
2026-04-25,32,1142,1,0.748,5,34,4,0,0
2026-04-26,61,472,8,0.9353,1,56,4,0,0
2026-04-26,60,211,4,0.8827,1,365,4,0,0
2026-04-26,22,331,9,0.8894,4,140,4,0,1
2026-04-26,18,819,3,0.6973,2,61,4,0,0
2026-04-27,30,155,4,0.6789,2,37,4,0,1
2026-04-27,37,359,4,0.6203,2,78,4,0,1
2026-04-27,27,240,5,0.1852,3,20,4,0,0
2026-04-27,62,1269,5,0.3199,2,172,4,0,0
2026-04-27,40,933,2,0.6205,5,365,4,0,0
2026-04-27,23,188,8,0.4174,3,59,4,0,1
2026-04-28,47,358,3,0.7326,1,17,4,0,1
2026-04-28,33,576,3,0.4832,4,23,4,0,0
2026-04-28,62,744,8,0.7985,2,104,4,0,0
2026-04-28,34,736,4,0.5505,1,365,4,0,0
2026-04-29,37,1175,7,0.9375,2,160,4,0,1
2026-04-29,50,857,7,0.7332,0,61,4,0,1
2026-04-29,31,1404,3,0.2,1,114,4,0,0
2026-04-30,28,304,7,0.5063,3,365,4,0,0
2026-04-30,54,1210,2,0.7197,0,48,4,0,1
2026-04-30,35,1139,4,0.7621,0,165,4,0,1
2026-05-01,50,348,4,0.1469,4,365,5,0,0
2026-05-01,50,965,2,0.5505,3,101,5,0,1
2026-05-01,54,783,2,0.0064,4,365,5,0,0
2026-05-01,51,944,3,0.3557,2,33,5,0,0
2026-05-01,55,419,7,0.3419,1,99,5,0,0
2026-05-01,56,526,3,0.5659,5,22,5,0,0
2026-05-01,30,590,8,0.8112,5,365,5,0,0
2026-05-01,54,293,5,0.1919,5,175,5,0,0
2026-05-02,56,1212,7,0.8437,3,365,5,0,1
2026-05-02,65,534,5,0.4992,4,142,5,0,0
2026-05-02,47,247,1,0.5349,5,89,5,0,0
2026-05-02,44,1273,0,0.2667,5,365,5,0,0
2026-05-02,44,1024,2,0.8402,0,365,5,0,0
2026-05-03,52,383,5,0.5317,3,13,5,0,0
2026-05-03,53,581,1,0.4719,0,124,5,0,0
2026-05-03,24,1219,2,0.5204,1,130,5,0,1
2026-05-04,31,846,4,0.7238,1,167,5,0,1
2026-05-04,61,915,3,0.1708,2,140,5,0,0
2026-05-04,60,1383,3,0.4667,0,365,5,0,0
2026-05-04,33,1243,3,0.7596,5,102,5,0,0
2026-05-04,63,1260,5,0.9514,1,88,5,0,1
2026-05-04,42,1380,5,0.7466,3,177,5,0,1
2026-05-04,51,861,2,0.6383,3,365,5,0,0
2026-05-05,30,802,5,0.578,3,178,5,0,0
2026-05-05,61,406,4,0.4778,2,80,5,0,0
2026-05-05,50,1193,5,0.4714,1,365,5,0,0
2026-05-05,37,1398,6,0.5217,5,21,5,0,0
2026-05-05,31,830,4,0.7983,5,58,5,0,1
2026-05-06,43,497,3,0.1844,5,176,5,0,0
2026-05-07,52,1343,6,0.7155,2,365,5,0,0
2026-05-07,58,993,3,0.6413,4,105,5,0,0
2026-05-07,32,128,5,0.1883,2,30,5,0,0
2026-05-08,65,1427,3,0.5774,3,31,5,0,0
2026-05-08,63,433,5,0.303,2,25,5,0,0
2026-05-08,30,850,3,0.1253,4,25,5,0,0
2026-05-09,62,182,4,0.6705,4,365,5,0,1
2026-05-09,43,1249,2,0.2702,3,365,5,0,0
2026-05-11,53,1203,9,0.6477,5,46,5,0,1
2026-05-11,28,1483,4,0.1344,3,90,5,0,0
2026-05-12,55,1203,1,0.2494,2,126,5,0,0
2026-05-12,22,1330,4,0.1584,3,164,5,0,0
2026-05-13,65,794,7,0.8347,0,139,5,0,1
2026-05-13,45,984,2,0.5436,5,92,5,0,0
2026-05-13,61,237,2,0.8264,0,13,5,0,0
2026-05-13,22,1465,7,0.3777,2,148,5,0,0
2026-05-13,19,1379,6,0.3345,4,153,5,0,0
2026-05-14,63,452,3,0.4533,2,118,5,0,0
2026-05-14,48,134,4,0.8084,1,60,5,0,1
2026-05-14,42,532,3,0.5112,0,19,5,0,1
2026-05-14,18,1022,3,0.1588,2,89,5,0,0
2026-05-16,20,1437,6,0.9106,1,146,5,0,1
2026-05-16,40,354,4,0.5425,1,180,5,0,0
2026-05-16,29,1117,7,0.4619,2,52,5,0,1
2026-05-16,29,779,3,0.7179,1,120,5,0,1
2026-05-17,49,249,0,0.6092,1,129,5,0,1
2026-05-17,33,221,6,0.9587,5,33,5,0,0
2026-05-17,40,760,6,0.5692,3,150,5,0,0
2026-05-17,50,331,4,0.768,1,365,5,0,0
2026-05-17,36,161,5,0.3314,5,365,5,0,0
2026-05-18,60,875,2,0.2077,2,13,5,0,0
2026-05-19,61,905,5,0.7812,1,21,5,0,0
2026-05-19,62,125,7,0.3353,3,58,5,0,0
2026-05-19,42,533,6,0.733,1,135,5,0,1
2026-05-19,50,1086,6,0.6518,3,64,5,0,1
2026-05-19,26,1488,1,0.3607,3,106,5,0,0
2026-05-20,58,831,6,0.8779,3,6,5,0,1
2026-05-20,42,954,1,0.8993,5,365,5,0,0
2026-05-20,41,826,4,0.5338,2,365,5,0,1
2026-05-20,22,916,3,0.8026,3,121,5,0,1
2026-05-21,19,687,8,0.6219,0,11,5,0,1
2026-05-21,19,160,3,0.4511,5,66,5,0,1
2026-05-21,39,529,4,0.6268,2,365,5,0,1
2026-05-21,36,570,6,0.5549,4,22,5,0,0
2026-05-21,21,378,3,0.276,4,105,5,0,0
2026-05-22,49,101,6,0.9186,2,165,5,0,1
2026-05-22,30,730,2,0.2816,4,138,5,0,0
2026-05-22,21,204,4,0.8819,4,133,5,0,1
2026-05-23,54,133,6,0.2569,3,54,5,0,0
2026-05-23,55,1201,4,0.6211,1,149,5,0,1
2026-05-24,24,342,1,0.8523,4,7,5,0,0
2026-05-24,51,524,5,0.6063,5,132,5,0,0
2026-05-24,21,1273,3,0.8002,4,44,5,0,0
2026-05-24,42,222,5,0.3837,3,87,5,0,0
2026-05-25,22,1462,6,0.3302,4,127,5,0,0
2026-05-25,51,1104,2,0.6711,0,365,5,0,0
2026-05-25,47,464,3,0.1018,0,174,5,0,0
2026-05-25,43,570,5,0.6353,3,123,5,0,0
2026-05-25,26,156,3,0.8371,1,129,5,0,1
2026-05-25,28,427,3,0.2305,4,365,5,0,0
2026-05-26,64,1394,4,0.3801,3,39,5,0,0
2026-05-26,42,711,4,0.7116,2,89,5,0,0
2026-05-26,48,622,11,0.5927,0,365,5,0,0
2026-05-27,28,1001,5,0.3448,4,365,5,0,0
2026-05-27,45,1055,2,0.8001,4,61,5,0,0
2026-05-27,27,753,5,0.4085,2,119,5,0,1
2026-05-27,55,954,1,0.8183,1,150,5,0,0
2026-05-27,29,332,1,0.4761,5,117,5,0,0
2026-05-28,31,1205,1,0.401,2,138,5,0,0
2026-05-28,23,1050,1,0.2597,1,141,5,0,0
2026-05-28,61,1328,4,0.4062,3,78,5,0,0
2026-05-29,39,1332,6,0.3843,3,178,5,0,0
2026-05-29,25,319,4,0.6456,2,132,5,0,0
2026-05-29,26,1139,4,0.4844,0,117,5,0,0
2026-05-30,26,208,1,0.6524,5,90,5,0,0
2026-05-30,21,970,0,0.7757,5,162,5,0,0
2026-05-30,62,856,3,0.9155,1,98,5,0,0
2026-05-30,43,792,6,0.7868,2,171,5,0,0
2026-05-31,31,1305,1,0.2096,1,92,5,0,0
2026-05-31,40,1331,5,0.4257,5,113,5,0,0
2026-05-31,26,289,6,0.2108,0,130,5,0,0
2026-05-31,42,927,5,0.5854,4,155,5,0,0
2026-06-01,18,577,2,0.5658,5,132,6,0,0
2026-06-01,20,998,7,0.4056,4,87,6,0,0
2026-06-01,28,622,5,0.4209,4,1,6,0,0
2026-06-01,40,983,2,0.8064,2,79,6,0,1
2026-06-02,53,664,8,0.4566,2,172,6,0,1
2026-06-02,43,827,7,0.4107,5,21,6,0,0
2026-06-02,57,630,3,0.483,4,135,6,0,0
2026-06-02,57,1079,7,0.5804,1,91,6,0,1
2026-06-02,52,886,7,0.4916,2,89,6,0,1
2026-06-02,64,424,3,0.7308,2,87,6,0,0
2026-06-03,62,264,9,0.9306,5,150,6,0,0
2026-06-03,59,1368,3,0.8398,3,58,6,0,1
2026-06-04,29,259,5,0.144,4,148,6,0,0
2026-06-04,39,264,4,0.3586,5,69,6,0,0
2026-06-04,59,553,5,0.8796,4,15,6,0,0
2026-06-04,18,787,7,0.452,3,67,6,0,1
2026-06-05,35,1310,6,0.5942,1,55,6,0,0
2026-06-05,35,1316,4,0.5106,4,18,6,0,0
2026-06-05,37,1111,6,0.7781,3,168,6,0,0
2026-06-06,53,468,5,0.6867,4,157,6,0,0
2026-06-06,20,1451,2,0.1894,0,165,6,0,1
2026-06-06,45,1261,4,0.3258,0,98,6,0,0
2026-06-06,62,279,2,0.7078,0,27,6,0,0
2026-06-06,20,442,3,0.2208,3,365,6,0,0
2026-06-06,43,364,6,0.4976,3,174,6,0,0
2026-06-06,24,449,4,0.7318,4,171,6,0,0
2026-06-06,58,1205,5,0.8146,5,58,6,0,0
2026-06-07,52,714,4,0.15,1,365,6,0,0
2026-06-07,57,319,4,0.7037,3,110,6,0,1
2026-06-07,31,948,3,0.6043,1,98,6,0,1
2026-06-07,32,165,3,0.7415,4,365,6,0,0
2026-06-08,54,1057,7,0.5183,5,74,6,0,1
2026-06-08,26,553,3,0.2408,3,45,6,0,0
2026-06-09,42,182,5,0.402,2,74,6,0,0
2026-06-09,33,636,2,0.2286,2,53,6,0,0
2026-06-10,33,719,7,0.5228,5,113,6,0,0
2026-06-10,41,547,1,0.2812,0,365,6,0,0
2026-06-11,37,1352,3,0.3882,2,174,6,0,1
2026-06-11,22,345,7,0.69,1,152,6,0,0
2026-06-11,40,1456,3,0.5183,3,115,6,0,1
2026-06-11,22,444,4,0.5639,0,84,6,0,1
2026-06-12,23,359,4,0.3897,1,114,6,0,1
2026-06-12,39,904,3,0.4568,2,365,6,0,0
2026-06-12,60,649,4,0.2913,4,15,6,0,0
2026-06-12,22,797,3,0.8253,1,365,6,0,1
2026-06-12,48,712,3,0.4225,1,47,6,0,1
2026-06-13,37,1039,1,0.7502,2,109,6,0,1
2026-06-14,26,1152,6,0.8006,2,365,6,0,1
2026-06-14,18,503,7,0.3572,4,167,6,0,0
2026-06-15,23,1099,3,0.4257,5,162,6,0,0
2026-06-15,41,1367,6,0.6456,0,52,6,0,0
2026-06-15,58,429,2,0.4954,3,119,6,0,0
2026-06-16,20,178,5,0.6069,4,34,6,0,0
2026-06-16,65,1032,2,0.5936,2,59,6,0,0
2026-06-17,22,1372,5,0.5989,0,13,6,0,1
2026-06-17,29,1357,5,0.4476,3,365,6,0,1
2026-06-17,62,952,3,0.4695,4,12,6,0,0
2026-06-17,40,288,2,0.4578,1,0,6,0,0
2026-06-17,40,175,3,0.2789,3,365,6,0,0
2026-06-18,52,1111,5,0.4584,0,110,6,0,0
2026-06-18,20,1099,4,0.4238,0,21,6,0,1
2026-06-18,45,936,4,0.7726,0,156,6,0,1
2026-06-18,64,253,2,0.4554,1,365,6,0,0
2026-06-18,31,1452,5,0.7831,5,155,6,0,1
2026-06-19,62,490,1,0.3609,3,145,6,0,0
2026-06-19,19,1154,4,0.4012,0,162,6,0,0
2026-06-19,45,913,6,0.3525,0,110,6,0,0
2026-06-20,63,1353,3,0.6526,5,107,6,0,0
2026-06-21,30,1132,9,0.3672,5,176,6,0,0
2026-06-22,43,1058,6,0.6673,0,178,6,0,1
2026-06-22,35,414,3,0.2679,1,365,6,0,0
2026-06-22,48,1495,2,0.5542,3,7,6,0,0
2026-06-23,23,768,2,0.0478,3,80,6,0,0
2026-06-23,27,435,6,0.3868,0,29,6,0,0
2026-06-23,23,400,5,0.1589,2,20,6,0,0
2026-06-23,61,813,8,0.6091,4,3,6,0,0
2026-06-24,18,1437,6,0.6774,2,125,6,0,0
2026-06-24,61,915,4,0.2625,2,107,6,0,0
2026-06-24,33,1484,6,0.8867,5,19,6,0,1
2026-06-24,32,1145,2,0.6573,5,145,6,0,1
2026-06-24,52,955,1,0.4938,4,32,6,0,0
2026-06-24,40,263,5,0.8017,3,365,6,0,1
2026-06-25,56,791,5,0.7861,0,110,6,0,0
2026-06-25,22,94,3,0.2273,2,68,6,0,0
2026-06-25,45,505,6,0.5142,4,53,6,0,0
2026-06-25,50,387,4,0.1528,0,365,6,0,1
2026-06-25,57,813,4,0.8052,0,50,6,0,1
2026-06-25,51,723,4,0.5959,0,62,6,0,1
2026-06-26,60,1462,2,0.6677,3,365,6,0,0
2026-06-27,61,1381,3,0.412,2,31,6,0,1
2026-06-27,25,218,3,0.2058,1,49,6,0,0
2026-06-27,65,834,5,0.2522,2,365,6,0,0
2026-06-28,65,1021,2,0.6364,5,16,6,0,0
2026-06-28,37,1196,4,0.722,5,136,6,0,0
2026-06-29,43,1012,4,0.9691,2,168,6,0,0
2026-06-29,42,539,8,0.5049,0,365,6,0,0
2026-06-29,50,1407,5,0.5214,0,135,6,0,1
2026-06-29,54,1421,4,0.8382,5,167,6,0,1
2026-06-29,63,1044,1,0.634,5,365,6,0,1
2026-06-30,41,868,5,0.3858,5,365,6,0,1
2026-06-30,61,266,4,0.6416,3,365,6,0,1
2026-06-30,59,1018,2,0.6777,0,365,6,0,0
2026-06-30,23,669,5,0.3521,3,365,6,0,1
2026-07-01,30,474,1,0.8556,4,74,7,0,0
2026-07-01,43,698,6,0.4268,3,36,7,0,1
2026-07-01,47,894,3,0.951,3,365,7,0,1
2026-07-01,21,1003,4,0.7008,4,13,7,0,1
2026-07-02,43,1216,3,0.6449,0,365,7,0,0
2026-07-02,59,110,5,0.6699,5,90,7,0,0
2026-07-02,23,155,5,0.9267,1,50,7,0,0
2026-07-02,39,1100,4,0.2143,5,136,7,0,0
2026-07-03,57,602,4,0.6203,2,85,7,0,1
2026-07-03,39,274,5,0.6497,3,365,7,0,1
2026-07-03,21,1412,6,0.716,0,173,7,0,1
2026-07-03,52,353,9,0.2743,5,64,7,0,0
2026-07-03,54,1116,5,0.3185,0,11,7,0,0
2026-07-03,24,1083,8,0.7772,4,152,7,0,0
2026-07-04,30,599,3,0.6207,2,365,7,0,0
2026-07-04,38,549,3,0.6292,5,365,7,0,0
2026-07-05,64,145,4,0.8583,5,75,7,0,1
2026-07-05,25,830,4,0.2462,2,170,7,0,1
2026-07-06,30,1169,1,0.5969,3,96,7,0,1
2026-07-06,23,242,3,0.4934,3,163,7,0,0
2026-07-06,20,398,5,0.4386,1,128,7,0,0
2026-07-06,24,242,1,0.2515,2,156,7,0,0
2026-07-06,36,1453,3,0.5131,3,24,7,0,0
2026-07-07,50,1224,4,0.3468,5,146,7,0,1
2026-07-07,39,1321,4,0.5247,2,171,7,0,0
2026-07-08,33,90,5,0.5433,4,153,7,0,1
2026-07-08,51,940,6,0.5342,3,365,7,0,0
2026-07-08,43,747,7,0.0747,5,74,7,0,0
2026-07-08,19,1375,3,0.2269,0,138,7,0,0
2026-07-08,32,1222,2,0.4559,1,27,7,0,0
2026-07-09,63,208,3,0.3434,0,126,7,0,0
2026-07-09,64,195,3,0.7097,1,12,7,0,0
2026-07-09,57,311,10,0.3669,1,15,7,0,0
2026-07-09,32,727,2,0.5452,4,35,7,0,0
2026-07-09,62,758,2,0.2187,3,41,7,0,0
2026-07-10,18,127,3,0.5339,0,99,7,0,1
2026-07-10,55,774,2,0.8399,2,177,7,0,0
2026-07-10,55,1007,6,0.3838,4,365,7,0,0
2026-07-11,45,847,3,0.9,2,61,7,0,1
2026-07-11,45,352,4,0.5876,0,115,7,0,0
2026-07-11,39,1354,3,0.7891,2,111,7,0,0
2026-07-11,41,180,5,0.2761,1,365,7,0,0
2026-07-11,41,1316,0,0.8191,5,114,7,0,0
2026-07-12,26,173,5,0.2152,1,146,7,0,1
2026-07-12,43,824,3,0.3834,5,90,7,0,0
2026-07-12,52,1370,3,0.6644,3,164,7,0,0
2026-07-12,48,819,3,0.6449,1,82,7,0,0
2026-07-12,36,589,3,0.7196,1,110,7,0,0
2026-07-12,28,274,3,0.6577,1,33,7,0,0
2026-07-13,56,696,5,0.2842,4,124,7,0,0
2026-07-13,35,871,3,0.5367,4,365,7,0,0
2026-07-13,20,1347,5,0.5121,4,176,7,0,0
2026-07-13,51,372,5,0.7488,1,32,7,0,0
2026-07-13,51,611,7,0.2622,4,67,7,0,0
2026-07-14,19,642,4,0.4937,4,76,7,0,0
2026-07-14,26,1072,3,0.7787,5,83,7,0,0
2026-07-14,54,818,3,0.752,3,60,7,0,0
2026-07-14,24,1321,6,0.5152,0,97,7,0,1
2026-07-15,60,961,4,0.9147,5,60,7,0,0
2026-07-15,49,111,10,0.8117,3,98,7,0,0
2026-07-15,41,560,5,0.9431,1,39,7,0,1
2026-07-15,21,1421,5,0.5702,4,157,7,0,1
2026-07-16,24,1318,4,0.6695,0,365,7,0,0
2026-07-16,28,225,4,0.385,4,76,7,0,0
2026-07-16,45,146,4,0.4297,0,44,7,0,0
2026-07-16,58,1038,6,0.3201,5,365,7,0,0
2026-07-17,25,536,5,0.7383,0,101,7,0,0
2026-07-17,43,219,5,0.7374,1,158,7,0,0
2026-07-17,48,1205,5,0.4676,3,71,7,0,1
2026-07-17,41,1140,3,0.6545,3,21,7,0,0
2026-07-17,52,482,4,0.1737,0,21,7,0,0
2026-07-18,30,519,4,0.7249,4,60,7,0,0
2026-07-18,55,1351,5,0.4278,2,108,7,0,0
2026-07-18,25,700,7,0.5315,0,97,7,0,0
2026-07-18,35,1053,2,0.6336,3,68,7,0,0
2026-07-19,29,780,3,0.8748,2,10,7,0,0
2026-07-20,25,1265,3,0.1786,1,365,7,0,0
2026-07-20,27,1160,3,0.8526,0,139,7,0,0
2026-07-20,20,1484,2,0.9531,0,29,7,0,1
2026-07-20,53,371,2,0.0471,4,168,7,0,0
2026-07-20,29,1264,5,0.3539,5,116,7,0,0
2026-07-20,52,524,9,0.2842,2,92,7,0,0
2026-07-20,52,740,5,0.5578,2,89,7,0,1
2026-07-21,65,1172,6,0.5218,0,106,7,0,0
2026-07-21,44,968,2,0.8781,1,365,7,0,0
2026-07-21,48,1309,4,0.4686,0,12,7,0,1
2026-07-21,37,822,6,0.3291,4,365,7,0,0
2026-07-22,64,365,2,0.3499,5,74,7,0,1
2026-07-22,43,618,3,0.1557,5,109,7,0,0
2026-07-22,26,237,5,0.2911,4,173,7,0,0
2026-07-22,25,1423,2,0.6032,2,11,7,0,0
2026-07-23,59,746,4,0.1104,3,45,7,0,0
2026-07-23,36,1050,4,0.7134,3,64,7,0,0
2026-07-23,24,1272,4,0.3398,1,365,7,0,0
2026-07-23,35,1441,1,0.7917,2,1,7,0,0
2026-07-23,60,507,10,0.8395,5,25,7,0,0
2026-07-23,25,973,5,0.4821,1,37,7,0,0
2026-07-23,53,102,0,0.4544,1,178,7,0,0
2026-07-24,43,438,1,0.3711,2,52,7,0,0
2026-07-24,26,506,6,0.2654,1,153,7,0,1
2026-07-24,48,601,6,0.1667,2,135,7,0,1
2026-07-24,22,1419,5,0.3071,4,11,7,0,0
2026-07-24,35,1171,4,0.5763,2,136,7,0,0
2026-07-24,48,747,3,0.6575,2,8,7,0,0
2026-07-24,50,1012,3,0.2744,2,174,7,0,0
2026-07-25,63,147,5,0.5044,0,171,7,0,0
2026-07-25,55,1380,7,0.0989,2,365,7,0,0
2026-07-25,29,975,7,0.5728,4,42,7,0,0
2026-07-25,27,262,4,0.7656,2,12,7,0,0
2026-07-25,53,826,3,0.703,5,85,7,0,0
2026-07-26,45,749,4,0.2893,1,142,7,0,0
2026-07-26,55,819,1,0.715,2,51,7,0,0
2026-07-26,51,1214,4,0.5772,3,1,7,0,0
2026-07-26,60,1327,3,0.3833,4,365,7,0,0
2026-07-27,19,724,3,0.8955,1,105,7,0,0
2026-07-27,44,106,5,0.6779,1,106,7,0,0
2026-07-27,36,908,5,0.3324,1,143,7,0,0
2026-07-27,25,497,3,0.7645,3,146,7,0,1
2026-07-28,22,354,4,0.1124,3,76,7,0,0
2026-07-28,49,1146,6,0.2385,1,23,7,0,1
2026-07-28,57,939,6,0.3509,5,365,7,0,0
2026-07-28,20,891,5,0.2202,4,160,7,0,0
2026-07-28,58,313,3,0.5719,0,49,7,0,0
2026-07-28,23,1090,3,0.0371,1,146,7,0,0
2026-07-29,53,679,1,0.6716,3,52,7,0,0
2026-07-29,31,790,6,0.1945,0,365,7,0,0
2026-07-30,53,939,3,0.0566,5,72,7,0,0
2026-07-30,57,724,3,0.4783,3,48,7,0,0
2026-07-30,61,216,5,0.2445,4,104,7,0,0
2026-07-30,63,1242,2,0.306,3,365,7,0,0
2026-07-30,51,642,3,0.2944,5,120,7,0,1
2026-07-30,51,376,6,0.4866,4,22,7,0,0
2026-07-31,50,181,2,0.4945,2,100,7,0,1
2026-07-31,36,630,3,0.4258,1,365,7,0,0
2026-07-31,39,500,1,0.4111,1,167,7,0,0
2026-07-31,24,1446,2,0.3893,2,365,7,0,0
2026-08-01,37,813,3,0.4631,1,136,8,1,1
2026-08-01,26,307,4,0.5206,3,13,8,1,1
2026-08-01,63,754,6,0.6028,4,136,8,1,1
2026-08-01,28,1194,7,0.8205,3,144,8,1,0
2026-08-02,20,429,5,0.8904,0,131,8,1,0
2026-08-02,23,330,4,0.0927,0,365,8,1,0
2026-08-02,36,913,6,0.7499,2,164,8,1,1
2026-08-03,51,493,5,0.6717,5,43,8,1,1
2026-08-03,42,561,4,0.4956,1,81,8,1,0
2026-08-03,23,291,2,0.5692,5,116,8,1,0
2026-08-04,21,1128,4,0.6696,3,24,8,1,0
2026-08-04,33,968,8,0.1438,3,81,8,1,0
2026-08-04,52,1310,3,0.6239,4,67,8,1,0
2026-08-05,19,253,4,0.7833,0,365,8,1,1
2026-08-05,45,944,4,0.3439,2,150,8,1,0
2026-08-06,56,813,4,0.1375,4,81,8,1,0
2026-08-06,63,1436,6,0.8572,4,179,8,1,0
2026-08-06,45,1121,3,0.8678,4,136,8,1,1
2026-08-06,24,703,4,0.8123,2,31,8,1,0
2026-08-06,33,687,4,0.4076,2,133,8,1,1
2026-08-06,36,1349,10,0.6423,2,21,8,1,1
2026-08-07,48,832,7,0.5517,2,365,8,1,0
2026-08-07,43,433,4,0.4134,1,365,8,1,0
2026-08-08,36,265,8,0.7067,1,111,8,1,0
2026-08-08,34,324,3,0.6739,2,8,8,1,1
2026-08-09,48,98,4,0.7326,3,365,8,1,1
2026-08-09,30,1124,6,0.6735,5,66,8,1,1
2026-08-09,31,548,6,0.7887,1,146,8,1,1
2026-08-09,47,679,4,0.4727,2,365,8,1,1
2026-08-09,21,824,4,0.5901,2,103,8,1,0
2026-08-10,33,1259,2,0.5035,1,136,8,1,1
2026-08-10,22,112,7,0.4746,3,157,8,1,1
2026-08-10,65,260,7,0.3501,0,365,8,1,0
2026-08-10,40,472,2,0.0359,1,179,8,1,0
2026-08-10,28,759,6,0.6279,3,69,8,1,1
2026-08-11,23,1255,5,0.3912,4,24,8,1,0
2026-08-11,21,363,5,0.1814,4,15,8,1,0
2026-08-11,56,438,3,0.5022,1,144,8,1,0
2026-08-11,51,1227,4,0.5334,2,82,8,1,1
2026-08-11,29,100,2,0.5886,0,34,8,1,0
2026-08-12,30,437,4,0.6349,2,15,8,1,1
2026-08-12,56,256,6,0.4997,2,89,8,1,0
2026-08-12,62,97,0,0.0776,3,27,8,1,0
2026-08-12,58,843,2,0.7607,0,42,8,1,1
2026-08-12,46,531,4,0.133,1,145,8,1,0
2026-08-12,61,698,2,0.7138,5,365,8,1,0
