Notification ID,Donor ID,Alert Date,Reason,Response,Donation After Alert
N001,D001,2026-09-12,Shortage,Responded,Yes
N002,D002,2026-09-12,Shortage,Ignored,No
N003,D003,2026-09-13,Urgent,Responded,Yes
N004,D004,2026-09-13,Shortage,Responded,Yes
N005,D005,2026-09-14,Shortage,Ignored,No
N006,D006,2026-09-14,Urgent,Responded,Yes
N007,D007,2026-09-15,Shortage,Responded,Yes
N008,D008,2026-09-15,Urgent,Responded,Yes
N009,D009,2026-09-16,Shortage,Ignored,No
N010,D010,2026-09-16,Shortage,Responded,Yes
N011,D011,2026-09-17,Urgent,Ignored,No
N012,D012,2026-09-17,Shortage,Responded,Yes
N013,D013,2026-09-18,Shortage,Responded,Yes
N014,D014,2026-09-18,Urgent,Ignored,No
N015,D015,2026-09-19,Urgent,Responded,Yes
N016,D016,2026-09-19,Shortage,Ignored,No
N017,D017,2026-09-20,Shortage,Responded,Yes
N018,D018,2026-09-20,Urgent,Ignored,No
N019,D019,2026-09-20,Shortage,Responded,Yes
N020,D020,2026-09-20,Urgent,Responded,Yes
N00021,D001,2026-09-19,Shortage,Ignored,No
N00022,D001,2026-09-16,Shortage,Responded,Yes
N00023,D001,2026-09-20,Shortage,Responded,Yes
N00024,D002,2026-09-13,Shortage,Responded,Yes
N00025,D002,2026-09-18,Urgent,Responded,Yes
N00026,D003,2026-09-20,Urgent,Responded,Yes
N00027,D003,2026-09-20,Urgent,Responded,Yes
N00028,D003,2026-09-18,Urgent,Responded,Yes
N00029,D003,2026-09-14,Shortage,Ignored,No
N00030,D004,2026-09-15,Shortage,Responded,Yes
N00031,D004,2026-09-20,Shortage,Ignored,No
N00032,D004,2026-09-21,Shortage,Ignored,No
N00033,D005,2026-09-20,Shortage,Responded,Yes
N00034,D006,2026-09-12,Shortage,Responded,Yes
N00035,D006,2026-09-21,Urgent,Ignored,No
N00036,D007,2026-09-21,Shortage,Responded,Yes
N00037,D007,2026-09-18,Shortage,Responded,Yes
N00038,D007,2026-09-21,Urgent,Ignored,No
N00039,D008,2026-09-16,Shortage,Responded,Yes
N00040,D008,2026-09-17,Urgent,Responded,Yes
N00041,D008,2026-09-21,Shortage,Responded,Yes
N00042,D008,2026-09-21,Shortage,Ignored,No
N00043,D008,2026-09-21,Urgent,Responded,Yes
N00044,D009,2026-09-15,Shortage,Responded,Yes
N00045,D010,2026-09-20,Shortage,Responded,Yes
N00046,D010,2026-09-14,Urgent,Responded,Yes
N00047,D010,2026-09-17,Shortage,Responded,Yes
N00048,D010,2026-09-18,Urgent,Ignored,No
N00049,D011,2026-09-14,Urgent,Ignored,No
N00050,D011,2026-09-19,Urgent,Responded,Yes
N00051,D012,2026-09-15,Urgent,Ignored,No
N00052,D012,2026-09-13,Urgent,Responded,Yes
N00053,D012,2026-09-12,Shortage,Responded,Yes
N00054,D013,2026-09-13,Urgent,Responded,Yes
N00055,D014,2026-09-15,Shortage,Responded,Yes
N00056,D014,2026-09-17,Shortage,Responded,Yes
N00057,D015,2026-09-19,Shortage,Ignored,No
N00058,D015,2026-09-21,Urgent,Responded,Yes
N00059,D015,2026-09-19,Shortage,Responded,Yes
N00060,D015,2026-09-21,Urgent,Responded,Yes
N00061,D015,2026-09-13,Urgent,Ignored,No
N00062,D015,2026-09-12,Urgent,Responded,Yes
N00063,D016,2026-09-16,Shortage,Responded,Yes
N00064,D016,2026-09-21,Shortage,Responded,Yes
N00065,D017,2026-09-14,Shortage,Responded,Yes
N00066,D017,2026-09-19,Urgent,Responded,Yes
N00067,D017,2026-09-12,Shortage,Ignored,No
N00068,D017,2026-09-16,Shortage,Responded,Yes
N00069,D018,2026-09-17,Shortage,Responded,Yes
N00070,D019,2026-09-21,Shortage,Responded,Yes
N00071,D019,2026-09-16,Urgent,Responded,Yes
N00072,D019,2026-09-16,Urgent,Ignored,No
N00073,D020,2026-09-15,Shortage,Responded,Yes
N00074,D020,2026-09-16,Urgent,Responded,Yes
N00075,D020,2026-09-16,Shortage,Ignored,No
N00076,D020,2026-09-12,Urgent,Responded,Yes
N00077,D020,2026-09-13,Shortage,Responded,Yes
N00078,D0021,2026-09-25,Shortage,Responded,Yes
N00079,D0021,2026-09-25,Shortage,Ignored,No
N00080,D0021,2026-09-25,Shortage,Responded,Yes
N00081,D0021,2026-08-02,Shortage,Responded,Yes
N00082,D0021,2026-09-25,Shortage,Ignored,No
N00083,D0021,2026-02-26,Shortage,Ignored,No
N00084,D0022,2026-09-25,Shortage,Ignored,No
N00085,D0022,2026-04-19,Shortage,Ignored,No
N00086,D0022,2026-09-25,Urgent,Responded,Yes
N00087,D0022,2026-09-25,Shortage,Responded,Yes
N00088,D0022,2026-09-25,Urgent,Responded,Yes
N00089,D0022,2026-09-25,Urgent,Ignored,No
N00090,D0023,2026-06-27,Shortage,Responded,Yes
N00091,D0023,2025-08-17,Urgent,Responded,Yes
N00092,D0023,2025-11-01,Shortage,Ignored,No
N00093,D0023,2026-09-25,Shortage,Responded,Yes
N00094,D0023,2026-04-09,Urgent,Ignored,No
N00095,D0024,2026-09-25,Shortage,Ignored,No
N00096,D0024,2026-09-25,Shortage,Ignored,No
N00097,D0025,2026-09-01,Shortage,Ignored,No
N00098,D0025,2026-09-25,Shortage,Responded,Yes
N00099,D0025,2026-09-25,Urgent,Responded,Yes
N00100,D0025,2026-09-25,Shortage,Ignored,No
N00101,D0026,2026-03-17,Shortage,Responded,Yes
N00102,D0026,2026-09-25,Shortage,Responded,Yes
N00103,D0026,2026-09-24,Urgent,Responded,Yes
N00104,D0026,2026-09-03,Shortage,Responded,Yes
N00105,D0027,2025-08-20,Shortage,Ignored,No
N00106,D0027,2026-09-25,Shortage,Ignored,No
N00107,D0027,2026-09-25,Urgent,Ignored,No
N00108,D0028,2026-09-25,Shortage,Responded,Yes
N00109,D0028,2026-09-25,Urgent,Responded,Yes
N00110,D0028,2026-09-25,Urgent,Responded,Yes
N00111,D0028,2026-09-25,Urgent,Ignored,No
N00112,D0028,2026-09-25,Urgent,Ignored,No
N00113,D0028,2026-09-25,Urgent,Ignored,No
N00114,D0028,2026-02-27,Shortage,Ignored,No
N00115,D0029,2025-10-08,Urgent,Responded,Yes
N00116,D0029,2026-09-25,Shortage,Ignored,No
N00117,D0029,2026-09-25,Shortage,Ignored,No
N00118,D0029,2026-03-27,Shortage,Responded,Yes
N00119,D0029,2026-08-09,Urgent,Responded,Yes
N00120,D0029,2026-04-07,Urgent,Ignored,No
N00121,D0029,2026-02-17,Urgent,Ignored,No
N00122,D0030,2026-09-25,Urgent,Ignored,No
N00123,D0030,2026-03-23,Urgent,Responded,Yes
N00124,D0030,2026-09-25,Shortage,Ignored,No
N00125,D0030,2026-09-25,Urgent,Responded,Yes
N00126,D0030,2026-03-15,Shortage,Responded,Yes
N00127,D0030,2025-09-19,Shortage,Ignored,No
N00128,D0030,2026-06-19,Shortage,Responded,Yes
N00129,D0031,2026-02-15,Shortage,Ignored,No
N00130,D0031,2026-06-25,Urgent,Responded,Yes
N00131,D0032,2026-09-25,Shortage,Ignored,No
N00132,D0032,2026-09-25,Shortage,Ignored,No
N00133,D0032,2026-09-25,Urgent,Responded,Yes
N00134,D0032,2026-09-25,Shortage,Responded,Yes
N00135,D0032,2026-06-27,Shortage,Ignored,No
N00136,D0032,2026-08-04,Shortage,Ignored,No
N00137,D0032,2026-09-25,Shortage,Ignored,No
N00138,D0033,2026-09-25,Shortage,Responded,Yes
N00139,D0033,2026-09-07,Urgent,Responded,Yes
N00140,D0033,2026-09-25,Shortage,Ignored,No
N00141,D0034,2026-04-15,Shortage,Responded,Yes
N00142,D0035,2026-09-25,Shortage,Responded,Yes
N00143,D0035,2026-09-25,Shortage,Responded,Yes
N00144,D0035,2026-09-25,Shortage,Responded,Yes
N00145,D0035,2026-09-25,Shortage,Responded,Yes
N00146,D0035,2026-09-25,Shortage,Responded,Yes
N00147,D0035,2026-09-25,Shortage,Responded,Yes
N00148,D0035,2026-09-25,Shortage,Responded,Yes
N00149,D0036,2025-12-14,Shortage,Responded,Yes
N00150,D0036,2026-07-01,Urgent,Ignored,No
N00151,D0037,2026-09-25,Shortage,Responded,Yes
N00152,D0037,2026-06-08,Urgent,Ignored,No
N00153,D0037,2026-07-03,Shortage,Ignored,No
N00154,D0037,2026-09-25,Shortage,Ignored,No
N00155,D0037,2026-07-06,Shortage,Responded,Yes
N00156,D0037,2026-08-11,Urgent,Ignored,No
N00157,D0038,2026-08-13,Urgent,Responded,Yes
N00158,D0038,2026-09-25,Urgent,Responded,Yes
N00159,D0038,2026-09-25,Shortage,Ignored,No
N00160,D0038,2026-09-25,Urgent,Responded,Yes
N00161,D0039,2026-09-25,Shortage,Ignored,No
N00162,D0039,2026-09-25,Shortage,Ignored,No
N00163,D0039,2026-09-25,Urgent,Responded,Yes
N00164,D0040,2026-09-25,Urgent,Responded,Yes
N00165,D0040,2026-09-25,Shortage,Ignored,No
N00166,D0040,2026-09-25,Shortage,Ignored,No
N00167,D0040,2026-02-16,Shortage,Ignored,No
N00168,D0040,2025-10-14,Urgent,Ignored,No
N00169,D0040,2026-09-25,Shortage,Responded,Yes
N00170,D0041,2026-03-21,Shortage,Responded,Yes
N00171,D0041,2026-09-25,Urgent,Ignored,No
N00172,D0041,2026-05-29,Urgent,Responded,Yes
N00173,D0041,2026-09-25,Urgent,Ignored,No
N00174,D0041,2026-09-25,Shortage,Responded,Yes
N00175,D0042,2026-09-25,Urgent,Responded,Yes
N00176,D0042,2026-09-25,Shortage,Ignored,No
N00177,D0042,2026-01-01,Shortage,Ignored,No
N00178,D0042,2026-05-18,Urgent,Ignored,No
N00179,D0043,2026-03-23,Shortage,Responded,Yes
N00180,D0043,2026-06-07,Shortage,Responded,Yes
N00181,D0043,2026-03-09,Shortage,Responded,Yes
N00182,D0043,2026-09-25,Shortage,Responded,Yes
N00183,D0044,2026-09-25,Urgent,Ignored,No
N00184,D0044,2025-08-13,Shortage,Ignored,No
N00185,D0045,2026-09-25,Shortage,Responded,Yes
N00186,D0045,2026-09-25,Shortage,Ignored,No
N00187,D0045,2025-11-15,Shortage,Responded,Yes
N00188,D0045,2026-09-25,Shortage,Responded,Yes
N00189,D0046,2026-02-16,Shortage,Responded,Yes
N00190,D0046,2026-09-25,Shortage,Ignored,No
N00191,D0046,2026-09-25,Shortage,Ignored,No
N00192,D0046,2026-09-25,Shortage,Responded,Yes
N00193,D0046,2025-12-25,Shortage,Ignored,No
N00194,D0047,2026-09-25,Urgent,Responded,Yes
N00195,D0047,2026-09-25,Shortage,Ignored,No
N00196,D0047,2026-09-25,Shortage,Responded,Yes
N00197,D0047,2026-04-09,Shortage,Ignored,No
N00198,D0047,2025-05-26,Shortage,Ignored,No
N00199,D0047,2026-09-25,Shortage,Ignored,No
N00200,D0048,2026-09-25,Shortage,Responded,Yes
N00201,D0048,2026-09-25,Shortage,Responded,Yes
N00202,D0048,2026-09-25,Shortage,Ignored,No
N00203,D0049,2026-04-02,Urgent,Responded,Yes
N00204,D0050,2026-09-25,Shortage,Ignored,No
N00205,D0050,2026-05-13,Shortage,Ignored,No
N00206,D0050,2026-09-25,Urgent,Ignored,No
N00207,D0051,2026-09-25,Urgent,Responded,Yes
N00208,D0052,2026-09-25,Shortage,Responded,Yes
N00209,D0052,2026-09-25,Shortage,Ignored,No
N00210,D0052,2026-06-21,Urgent,Responded,Yes
N00211,D0053,2026-09-25,Shortage,Responded,Yes
N00212,D0053,2026-09-25,Shortage,Responded,Yes
N00213,D0053,2025-12-25,Urgent,Ignored,No
N00214,D0054,2026-09-25,Urgent,Ignored,No
N00215,D0055,2026-09-25,Urgent,Responded,Yes
N00216,D0055,2026-03-17,Shortage,Responded,Yes
N00217,D0055,2026-04-26,Shortage,Responded,Yes
N00218,D0056,2026-09-25,Shortage,Responded,Yes
N00219,D0057,2025-08-17,Shortage,Responded,Yes
N00220,D0057,2026-08-20,Urgent,Ignored,No
N00221,D0057,2026-08-23,Shortage,Ignored,No
N00222,D0058,2026-04-17,Shortage,Ignored,No
N00223,D0058,2026-03-15,Shortage,Ignored,No
N00224,D0058,2026-09-25,Shortage,Responded,Yes
N00225,D0059,2026-09-25,Shortage,Responded,Yes
N00226,D0059,2026-09-24,Urgent,Responded,Yes
N00227,D0060,2025-12-12,Urgent,Responded,Yes
N00228,D0060,2026-08-11,Urgent,Responded,Yes
N00229,D0060,2025-09-08,Urgent,Responded,Yes
N00230,D0060,2026-09-25,Urgent,Ignored,No
N00231,D0060,2026-09-25,Shortage,Responded,Yes
N00232,D0060,2026-01-31,Shortage,Responded,Yes
N00233,D0060,2026-05-31,Shortage,Responded,Yes
N00234,D0061,2026-09-25,Urgent,Responded,Yes
N00235,D0061,2026-09-25,Shortage,Responded,Yes
N00236,D0061,2026-09-25,Urgent,Responded,Yes
N00237,D0061,2026-09-25,Shortage,Responded,Yes
N00238,D0061,2026-09-25,Shortage,Responded,Yes
N00239,D0061,2026-09-25,Shortage,Responded,Yes
N00240,D0061,2026-07-21,Urgent,Responded,Yes
N00241,D0062,2026-09-25,Urgent,Ignored,No
N00242,D0062,2026-09-25,Shortage,Ignored,No
N00243,D0062,2026-07-11,Shortage,Ignored,No
N00244,D0063,2026-09-25,Shortage,Ignored,No
N00245,D0063,2026-09-25,Shortage,Ignored,No
N00246,D0063,2026-09-25,Shortage,Ignored,No
N00247,D0063,2026-09-25,Urgent,Ignored,No
N00248,D0063,2026-09-25,Urgent,Ignored,No
N00249,D0064,2026-08-09,Shortage,Ignored,No
N00250,D0065,2026-08-12,Urgent,Ignored,No
N00251,D0065,2026-04-08,Urgent,Responded,Yes
N00252,D0065,2026-09-25,Shortage,Responded,Yes
N00253,D0065,2026-07-15,Shortage,Ignored,No
N00254,D0066,2026-09-25,Shortage,Ignored,No
N00255,D0066,2026-08-05,Shortage,Responded,Yes
N00256,D0066,2026-05-01,Shortage,Responded,Yes
N00257,D0066,2026-05-05,Urgent,Ignored,No
N00258,D0066,2026-09-25,Shortage,Ignored,No
N00259,D0067,2026-08-29,Shortage,Ignored,No
N00260,D0067,2026-09-25,Shortage,Ignored,No
N00261,D0067,2026-02-28,Urgent,Responded,Yes
N00262,D0067,2026-01-04,Shortage,Responded,Yes
N00263,D0067,2026-09-25,Urgent,Responded,Yes
N00264,D0067,2026-09-25,Shortage,Responded,Yes
N00265,D0067,2026-09-18,Urgent,Ignored,No
N00266,D0068,2025-12-01,Urgent,Responded,Yes
N00267,D0068,2026-09-25,Shortage,Responded,Yes
N00268,D0068,2026-09-25,Shortage,Responded,Yes
N00269,D0068,2026-09-25,Shortage,Responded,Yes
N00270,D0068,2026-09-25,Shortage,Ignored,No
N00271,D0069,2026-09-25,Shortage,Responded,Yes
N00272,D0069,2026-09-25,Urgent,Responded,Yes
N00273,D0069,2026-09-25,Shortage,Responded,Yes
N00274,D0069,2026-09-25,Urgent,Responded,Yes
N00275,D0069,2026-05-19,Urgent,Responded,Yes
N00276,D0070,2026-09-25,Urgent,Responded,Yes
N00277,D0070,2026-02-08,Shortage,Ignored,No
N00278,D0070,2026-08-21,Shortage,Ignored,No
N00279,D0070,2026-06-05,Urgent,Ignored,No
N00280,D0070,2026-09-25,Shortage,Ignored,No
N00281,D0070,2026-05-03,Urgent,Ignored,No
N00282,D0071,2026-09-25,Shortage,Ignored,No
N00283,D0071,2026-08-15,Shortage,Ignored,No
N00284,D0072,2026-09-25,Urgent,Ignored,No
N00285,D0072,2026-09-25,Shortage,Responded,Yes
N00286,D0072,2026-08-01,Shortage,Ignored,No
N00287,D0073,2026-09-25,Shortage,Ignored,No
N00288,D0073,2026-07-20,Shortage,Ignored,No
N00289,D0073,2026-05-04,Urgent,Ignored,No
N00290,D0073,2026-04-13,Shortage,Responded,Yes
N00291,D0074,2026-09-25,Shortage,Responded,Yes
N00292,D0074,2026-09-25,Shortage,Responded,Yes
N00293,D0075,2026-09-25,Shortage,Responded,Yes
N00294,D0075,2026-09-25,Urgent,Ignored,No
N00295,D0075,2026-09-13,Shortage,Ignored,No
N00296,D0075,2026-09-25,Shortage,Ignored,No
N00297,D0075,2026-09-25,Shortage,Responded,Yes
N00298,D0075,2026-09-25,Shortage,Responded,Yes
N00299,D0075,2026-09-25,Shortage,Responded,Yes
N00300,D0076,2026-09-25,Urgent,Responded,Yes
N00301,D0076,2026-01-23,Shortage,Ignored,No
N00302,D0076,2026-05-08,Shortage,Ignored,No
N00303,D0076,2026-09-25,Urgent,Ignored,No
N00304,D0077,2025-12-31,Shortage,Responded,Yes
N00305,D0077,2025-08-23,Urgent,Responded,Yes
N00306,D0078,2026-09-21,Shortage,Ignored,No
N00307,D0078,2026-09-25,Urgent,Responded,Yes
N00308,D0078,2026-09-14,Shortage,Ignored,No
N00309,D0079,2026-09-25,Shortage,Ignored,No
N00310,D0080,2026-09-25,Shortage,Ignored,No
N00311,D0080,2026-02-01,Shortage,Ignored,No
N00312,D0080,2026-09-25,Shortage,Ignored,No
N00313,D0080,2026-04-04,Urgent,Responded,Yes
N00314,D0080,2025-07-18,Shortage,Ignored,No
N00315,D0081,2025-12-05,Shortage,Ignored,No
N00316,D0081,2026-09-25,Shortage,Ignored,No
N00317,D0081,2026-09-25,Urgent,Responded,Yes
N00318,D0082,2025-08-06,Urgent,Ignored,No
N00319,D0082,2026-09-25,Shortage,Ignored,No
N00320,D0082,2026-09-19,Shortage,Ignored,No
N00321,D0083,2026-02-27,Urgent,Ignored,No
N00322,D0083,2026-09-25,Shortage,Ignored,No
N00323,D0084,2026-07-21,Shortage,Ignored,No
N00324,D0084,2025-10-06,Shortage,Ignored,No
N00325,D0084,2026-09-25,Shortage,Ignored,No
N00326,D0084,2026-09-25,Shortage,Responded,Yes
N00327,D0085,2026-09-25,Shortage,Ignored,No
N00328,D0085,2025-12-07,Urgent,Responded,Yes
N00329,D0085,2026-09-25,Shortage,Ignored,No
N00330,D0086,2026-08-30,Shortage,Responded,Yes
N00331,D0086,2026-09-25,Shortage,Responded,Yes
N00332,D0086,2026-09-25,Shortage,Responded,Yes
N00333,D0087,2026-09-25,Shortage,Responded,Yes
N00334,D0087,2026-09-25,Shortage,Responded,Yes
N00335,D0087,2026-07-08,Urgent,Ignored,No
N00336,D0087,2026-06-29,Urgent,Ignored,No
N00337,D0087,2026-09-25,Shortage,Responded,Yes
N00338,D0087,2026-09-25,Shortage,Responded,Yes
N00339,D0088,2026-09-25,Urgent,Responded,Yes
N00340,D0089,2026-02-10,Urgent,Responded,Yes
N00341,D0089,2026-07-25,Shortage,Ignored,No
N00342,D0089,2026-09-25,Shortage,Ignored,No
N00343,D0089,2026-09-25,Urgent,Responded,Yes
N00344,D0089,2026-06-02,Shortage,Responded,Yes
N00345,D0090,2026-09-25,Shortage,Ignored,No
N00346,D0090,2026-09-25,Shortage,Ignored,No
N00347,D0090,2026-09-25,Shortage,Responded,Yes
N00348,D0090,2026-09-25,Shortage,Responded,Yes
N00349,D0090,2026-09-25,Shortage,Responded,Yes
N00350,D0090,2026-09-25,Shortage,Ignored,No
N00351,D0091,2026-09-25,Shortage,Ignored,No
N00352,D0091,2026-09-25,Urgent,Ignored,No
N00353,D0091,2026-09-25,Shortage,Ignored,No
N00354,D0091,2025-08-10,Urgent,Ignored,No
N00355,D0091,2026-09-25,Shortage,Ignored,No
N00356,D0091,2025-10-09,Shortage,Ignored,No
N00357,D0092,2026-09-25,Shortage,Ignored,No
N00358,D0092,2026-09-25,Shortage,Responded,Yes
N00359,D0093,2026-02-17,Shortage,Responded,Yes
N00360,D0093,2026-09-25,Shortage,Responded,Yes
N00361,D0093,2026-09-25,Shortage,Ignored,No
N00362,D0093,2026-09-25,Shortage,Ignored,No
N00363,D0093,2026-09-25,Shortage,Ignored,No
N00364,D0093,2026-09-25,Urgent,Responded,Yes
N00365,D0094,2026-09-25,Shortage,Responded,Yes
N00366,D0094,2026-09-25,Urgent,Ignored,No
N00367,D0095,2025-06-01,Shortage,Responded,Yes
N00368,D0095,2026-09-25,Shortage,Responded,Yes
N00369,D0095,2026-09-04,Shortage,Responded,Yes
N00370,D0096,2025-11-05,Shortage,Responded,Yes
N00371,D0096,2025-10-23,Urgent,Ignored,No
N00372,D0096,2026-04-04,Urgent,Responded,Yes
N00373,D0096,2026-03-19,Urgent,Ignored,No
N00374,D0097,2025-11-26,Shortage,Ignored,No
N00375,D0097,2026-01-24,Shortage,Ignored,No
N00376,D0098,2025-05-26,Urgent,Responded,Yes
N00377,D0098,2026-09-25,Urgent,Responded,Yes
N00378,D0098,2026-09-25,Shortage,Responded,Yes
N00379,D0098,2026-09-25,Shortage,Responded,Yes
N00380,D0098,2026-05-17,Urgent,Responded,Yes
N00381,D0098,2026-09-25,Shortage,Ignored,No
N00382,D0098,2026-09-07,Shortage,Ignored,No
N00383,D0099,2025-12-11,Shortage,Ignored,No
N00384,D0099,2026-09-25,Shortage,Ignored,No
N00385,D0099,2026-06-18,Urgent,Ignored,No
N00386,D0099,2026-04-16,Shortage,Ignored,No
N00387,D0100,2025-09-09,Shortage,Ignored,No
N00388,D0101,2026-09-12,Shortage,Responded,Yes
N00389,D0102,2026-09-25,Shortage,Ignored,No
N00390,D0102,2026-09-25,Shortage,Ignored,No
N00391,D0102,2026-09-25,Urgent,Responded,Yes
N00392,D0103,2026-05-16,Shortage,Responded,Yes
N00393,D0103,2026-09-25,Urgent,Responded,Yes
N00394,D0104,2026-09-25,Urgent,Responded,Yes
N00395,D0104,2026-09-25,Shortage,Responded,Yes
N00396,D0104,2026-04-30,Shortage,Responded,Yes
N00397,D0104,2026-09-25,Shortage,Responded,Yes
N00398,D0104,2026-09-25,Shortage,Ignored,No
N00399,D0104,2026-09-25,Shortage,Ignored,No
N00400,D0105,2026-03-03,Shortage,Responded,Yes
N00401,D0105,2026-09-25,Shortage,Responded,Yes
N00402,D0105,2026-09-25,Urgent,Ignored,No
N00403,D0105,2026-08-22,Shortage,Ignored,No
N00404,D0105,2026-09-25,Urgent,Ignored,No
N00405,D0106,2026-09-25,Urgent,Ignored,No
N00406,D0106,2026-09-25,Shortage,Responded,Yes
N00407,D0106,2026-09-25,Shortage,Responded,Yes
N00408,D0106,2026-02-07,Shortage,Responded,Yes
N00409,D0106,2026-09-25,Urgent,Responded,Yes
N00410,D0106,2026-09-25,Shortage,Ignored,No
N00411,D0106,2026-09-25,Shortage,Ignored,No
N00412,D0107,2026-09-25,Urgent,Ignored,No
N00413,D0107,2026-05-31,Shortage,Ignored,No
N00414,D0107,2026-05-19,Urgent,Ignored,No
N00415,D0108,2026-09-25,Shortage,Ignored,No
N00416,D0108,2026-09-25,Shortage,Ignored,No
N00417,D0108,2026-08-06,Shortage,Ignored,No
N00418,D0108,2026-09-25,Urgent,Responded,Yes
N00419,D0108,2026-09-25,Urgent,Responded,Yes
N00420,D0108,2026-01-12,Urgent,Ignored,No
N00421,D0109,2026-09-25,Shortage,Responded,Yes
N00422,D0109,2026-09-25,Shortage,Responded,Yes
N00423,D0109,2026-09-25,Shortage,Responded,Yes
N00424,D0109,2026-09-25,Shortage,Responded,Yes
N00425,D0109,2026-05-11,Urgent,Responded,Yes
N00426,D0110,2026-08-16,Shortage,Responded,Yes
N00427,D0110,2026-07-25,Shortage,Ignored,No
N00428,D0110,2026-09-25,Urgent,Ignored,No
N00429,D0110,2026-09-25,Urgent,Responded,Yes
N00430,D0110,2026-09-25,Urgent,Responded,Yes
N00431,D0110,2026-07-05,Shortage,Ignored,No
N00432,D0110,2026-09-25,Shortage,Responded,Yes
N00433,D0111,2026-09-25,Urgent,Ignored,No
N00434,D0111,2026-09-25,Shortage,Responded,Yes
N00435,D0111,2026-06-29,Shortage,Responded,Yes
N00436,D0111,2026-09-25,Urgent,Ignored,No
N00437,D0111,2026-03-28,Shortage,Ignored,No
N00438,D0111,2026-09-25,Shortage,Responded,Yes
N00439,D0111,2026-09-25,Shortage,Responded,Yes
N00440,D0112,2025-06-23,Shortage,Responded,Yes
N00441,D0112,2025-08-21,Shortage,Ignored,No
N00442,D0112,2026-09-21,Shortage,Responded,Yes
N00443,D0112,2026-09-25,Urgent,Responded,Yes
N00444,D0112,2026-06-21,Shortage,Responded,Yes
N00445,D0112,2026-09-25,Shortage,Responded,Yes
N00446,D0112,2026-02-12,Shortage,Responded,Yes
N00447,D0113,2026-05-02,Shortage,Ignored,No
N00448,D0113,2026-05-12,Shortage,Responded,Yes
N00449,D0113,2026-09-24,Urgent,Ignored,No
N00450,D0113,2025-06-06,Shortage,Ignored,No
N00451,D0113,2026-05-26,Urgent,Ignored,No
N00452,D0113,2025-08-29,Urgent,Responded,Yes
N00453,D0114,2026-09-25,Shortage,Responded,Yes
N00454,D0114,2026-09-25,Urgent,Responded,Yes
N00455,D0115,2026-09-25,Shortage,Ignored,No
N00456,D0116,2026-09-25,Shortage,Ignored,No
N00457,D0117,2026-09-25,Shortage,Responded,Yes
N00458,D0117,2026-09-25,Shortage,Responded,Yes
N00459,D0117,2026-09-25,Shortage,Responded,Yes
N00460,D0118,2026-09-25,Urgent,Responded,Yes
N00461,D0118,2026-03-03,Shortage,Ignored,No
N00462,D0118,2026-09-25,Shortage,Ignored,No
N00463,D0118,2025-12-05,Shortage,Ignored,No
N00464,D0118,2026-09-25,Shortage,Ignored,No
N00465,D0118,2026-09-25,Shortage,Responded,Yes
N00466,D0118,2026-09-25,Shortage,Ignored,No
N00467,D0119,2026-01-22,Shortage,Responded,Yes
N00468,D0119,2026-06-19,Shortage,Ignored,No
N00469,D0119,2026-09-19,Shortage,Ignored,No
N00470,D0119,2026-09-25,Shortage,Responded,Yes
N00471,D0119,2026-09-25,Shortage,Ignored,No
N00472,D0119,2026-09-25,Urgent,Responded,Yes
N00473,D0120,2026-05-30,Urgent,Ignored,No
N00474,D0120,2026-09-25,Urgent,Ignored,No
N00475,D0120,2026-09-25,Shortage,Ignored,No
N00476,D0121,2026-09-25,Shortage,Responded,Yes
N00477,D0121,2026-09-25,Shortage,Responded,Yes
N00478,D0122,2026-09-25,Shortage,Ignored,No
N00479,D0122,2026-09-25,Urgent,Responded,Yes
N00480,D0122,2026-09-25,Urgent,Ignored,No
N00481,D0122,2026-09-25,Urgent,Responded,Yes
N00482,D0122,2026-03-03,Shortage,Responded,Yes
N00483,D0122,2026-09-25,Urgent,Ignored,No
N00484,D0122,2026-09-18,Shortage,Ignored,No
N00485,D0123,2026-05-12,Shortage,Responded,Yes
N00486,D0123,2026-09-25,Shortage,Ignored,No
N00487,D0123,2026-09-25,Urgent,Ignored,No
N00488,D0123,2026-09-25,Shortage,Ignored,No
N00489,D0123,2026-07-03,Shortage,Ignored,No
N00490,D0123,2025-07-01,Urgent,Ignored,No
N00491,D0123,2026-09-25,Urgent,Ignored,No
N00492,D0124,2026-09-25,Shortage,Ignored,No
N00493,D0124,2026-09-25,Shortage,Ignored,No
N00494,D0124,2026-09-25,Urgent,Ignored,No
N00495,D0124,2026-02-09,Urgent,Responded,Yes
N00496,D0124,2026-09-25,Shortage,Ignored,No
N00497,D0125,2026-07-01,Urgent,Responded,Yes
N00498,D0125,2026-08-25,Shortage,Responded,Yes
N00499,D0126,2026-09-25,Shortage,Ignored,No
N00500,D0127,2025-11-16,Shortage,Responded,Yes
N00501,D0127,2026-09-25,Shortage,Ignored,No
N00502,D0127,2026-09-10,Shortage,Responded,Yes
N00503,D0127,2026-09-25,Shortage,Responded,Yes
N00504,D0128,2026-02-19,Urgent,Ignored,No
N00505,D0128,2026-09-25,Shortage,Ignored,No
N00506,D0128,2025-10-02,Shortage,Responded,Yes
N00507,D0128,2026-05-18,Urgent,Ignored,No
N00508,D0128,2026-09-13,Shortage,Responded,Yes
N00509,D0128,2026-09-25,Shortage,Responded,Yes
N00510,D0128,2026-09-25,Shortage,Responded,Yes
N00511,D0129,2026-09-25,Urgent,Responded,Yes
N00512,D0130,2026-09-25,Urgent,Responded,Yes
N00513,D0130,2026-09-13,Urgent,Ignored,No
N00514,D0131,2026-09-25,Shortage,Ignored,No
N00515,D0131,2026-08-28,Urgent,Ignored,No
N00516,D0131,2026-09-25,Shortage,Ignored,No
N00517,D0132,2026-01-29,Urgent,Responded,Yes
N00518,D0133,2026-09-25,Shortage,Ignored,No
N00519,D0133,2026-09-25,Shortage,Ignored,No
N00520,D0133,2026-09-25,Shortage,Responded,Yes
N00521,D0134,2026-09-25,Urgent,Ignored,No
N00522,D0134,2026-03-07,Shortage,Ignored,No
N00523,D0135,2026-09-25,Shortage,Responded,Yes
N00524,D0135,2026-09-25,Shortage,Ignored,No
N00525,D0135,2026-09-25,Shortage,Ignored,No
N00526,D0135,2026-09-25,Urgent,Responded,Yes
N00527,D0136,2026-02-11,Shortage,Ignored,No
N00528,D0136,2026-09-25,Shortage,Ignored,No
N00529,D0136,2026-09-25,Urgent,Responded,Yes
N00530,D0137,2025-08-27,Shortage,Responded,Yes
N00531,D0137,2025-05-22,Shortage,Responded,Yes
N00532,D0138,2026-09-25,Urgent,Ignored,No
N00533,D0138,2025-10-19,Urgent,Responded,Yes
N00534,D0138,2026-09-25,Shortage,Responded,Yes
N00535,D0138,2026-02-11,Shortage,Ignored,No
N00536,D0139,2026-09-25,Shortage,Responded,Yes
N00537,D0139,2026-01-07,Shortage,Ignored,No
N00538,D0139,2026-07-26,Shortage,Responded,Yes
N00539,D0139,2026-09-25,Urgent,Ignored,No
N00540,D0140,2026-09-25,Shortage,Responded,Yes
N00541,D0140,2026-09-25,Urgent,Responded,Yes
N00542,D0140,2026-09-25,Shortage,Ignored,No
N00543,D0140,2026-09-25,Urgent,Ignored,No
N00544,D0140,2026-09-25,Shortage,Responded,Yes
N00545,D0141,2025-09-11,Urgent,Responded,Yes
N00546,D0141,2026-09-25,Shortage,Responded,Yes
N00547,D0142,2026-09-25,Urgent,Responded,Yes
N00548,D0142,2026-09-25,Shortage,Ignored,No
N00549,D0142,2026-09-25,Urgent,Ignored,No
N00550,D0142,2025-11-26,Urgent,Responded,Yes
N00551,D0142,2026-09-25,Urgent,Ignored,No
N00552,D0142,2026-09-25,Urgent,Ignored,No
N00553,D0142,2026-07-01,Urgent,Responded,Yes
N00554,D0143,2026-07-17,Shortage,Ignored,No
N00555,D0143,2026-09-25,Urgent,Responded,Yes
N00556,D0143,2026-09-25,Shortage,Responded,Yes
N00557,D0144,2026-09-25,Urgent,Responded,Yes
N00558,D0144,2026-09-25,Shortage,Responded,Yes
N00559,D0144,2026-09-25,Urgent,Responded,Yes
N00560,D0144,2026-09-25,Shortage,Ignored,No
N00561,D0144,2026-09-25,Urgent,Responded,Yes
N00562,D0144,2026-08-20,Shortage,Responded,Yes
N00563,D0144,2026-09-25,Shortage,Responded,Yes
N00564,D0145,2026-09-25,Urgent,Responded,Yes
N00565,D0145,2026-09-25,Urgent,Responded,Yes
N00566,D0145,2026-09-25,Shortage,Ignored,No
N00567,D0145,2026-09-25,Shortage,Ignored,No
N00568,D0145,2026-09-04,Urgent,Ignored,No
N00569,D0146,2026-09-25,Shortage,Ignored,No
N00570,D0146,2026-09-25,Urgent,Responded,Yes
N00571,D0146,2026-09-25,Shortage,Responded,Yes
N00572,D0146,2026-09-25,Shortage,Responded,Yes
N00573,D0146,2026-09-25,Urgent,Responded,Yes
N00574,D0146,2026-06-13,Urgent,Ignored,No
N00575,D0147,2026-09-25,Shortage,Responded,Yes
N00576,D0147,2026-03-13,Shortage,Responded,Yes
N00577,D0147,2026-05-28,Shortage,Responded,Yes
N00578,D0147,2026-09-25,Urgent,Responded,Yes
N00579,D0148,2026-09-25,Urgent,Ignored,No
N00580,D0148,2026-09-25,Shortage,Responded,Yes
N00581,D0149,2026-09-25,Shortage,Ignored,No
N00582,D0149,2026-01-28,Shortage,Responded,Yes
N00583,D0149,2026-09-25,Urgent,Ignored,No
N00584,D0149,2026-04-30,Shortage,Responded,Yes
N00585,D0150,2025-08-20,Urgent,Responded,Yes
N00586,D0150,2026-03-15,Shortage,Responded,Yes
N00587,D0150,2026-09-25,Shortage,Responded,Yes
N00588,D0150,2025-12-14,Urgent,Ignored,No
N00589,D0150,2026-04-09,Urgent,Responded,Yes
N00590,D0150,2026-08-06,Shortage,Responded,Yes
N00591,D0150,2026-04-19,Urgent,Responded,Yes
N00592,D0151,2026-09-25,Shortage,Ignored,No
N00593,D0151,2026-09-25,Shortage,Ignored,No
N00594,D0151,2026-07-14,Shortage,Ignored,No
N00595,D0151,2026-09-25,Shortage,Ignored,No
N00596,D0151,2026-07-26,Shortage,Ignored,No
N00597,D0151,2026-09-25,Shortage,Responded,Yes
N00598,D0152,2026-09-25,Shortage,Responded,Yes
N00599,D0152,2026-09-25,Shortage,Responded,Yes
N00600,D0152,2026-09-25,Shortage,Responded,Yes
N00601,D0152,2026-09-25,Shortage,Responded,Yes
N00602,D0153,2026-09-25,Shortage,Ignored,No
N00603,D0153,2026-09-25,Shortage,Responded,Yes
N00604,D0153,2026-09-25,Shortage,Responded,Yes
N00605,D0153,2026-09-02,Urgent,Responded,Yes
N00606,D0153,2026-09-25,Shortage,Responded,Yes
N00607,D0154,2026-09-25,Urgent,Ignored,No
N00608,D0154,2026-09-25,Shortage,Responded,Yes
N00609,D0154,2026-09-25,Shortage,Responded,Yes
N00610,D0154,2026-09-25,Shortage,Responded,Yes
N00611,D0154,2025-11-05,Shortage,Ignored,No
N00612,D0155,2026-04-02,Shortage,Responded,Yes
N00613,D0155,2026-09-25,Shortage,Responded,Yes
N00614,D0155,2026-09-25,Urgent,Ignored,No
N00615,D0155,2026-07-06,Urgent,Responded,Yes
N00616,D0155,2025-11-20,Shortage,Responded,Yes
N00617,D0156,2026-09-25,Shortage,Ignored,No
N00618,D0157,2026-09-25,Urgent,Ignored,No
N00619,D0157,2026-02-17,Urgent,Ignored,No
N00620,D0157,2026-09-25,Shortage,Ignored,No
N00621,D0158,2026-06-21,Shortage,Ignored,No
N00622,D0158,2026-09-25,Shortage,Responded,Yes
N00623,D0158,2026-09-25,Shortage,Ignored,No
N00624,D0159,2026-07-02,Shortage,Responded,Yes
N00625,D0160,2026-07-14,Shortage,Ignored,No
N00626,D0161,2026-09-25,Shortage,Ignored,No
N00627,D0161,2026-09-25,Shortage,Ignored,No
N00628,D0161,2026-09-25,Urgent,Ignored,No
N00629,D0161,2026-09-25,Urgent,Ignored,No
N00630,D0161,2026-09-25,Urgent,Ignored,No
N00631,D0161,2026-08-20,Urgent,Ignored,No
N00632,D0162,2026-03-31,Urgent,Responded,Yes
N00633,D0162,2026-09-25,Shortage,Responded,Yes
N00634,D0163,2026-09-25,Shortage,Ignored,No
N00635,D0164,2026-09-23,Shortage,Responded,Yes
N00636,D0164,2026-09-25,Urgent,Responded,Yes
N00637,D0164,2026-09-25,Shortage,Responded,Yes
N00638,D0164,2026-09-25,Shortage,Responded,Yes
N00639,D0164,2026-09-25,Shortage,Responded,Yes
N00640,D0164,2026-01-17,Shortage,Responded,Yes
N00641,D0165,2026-09-25,Urgent,Responded,Yes
N00642,D0166,2026-09-25,Urgent,Responded,Yes
N00643,D0166,2026-09-25,Shortage,Responded,Yes
N00644,D0167,2026-09-25,Shortage,Ignored,No
N00645,D0167,2026-04-26,Urgent,Ignored,No
N00646,D0167,2026-09-25,Urgent,Ignored,No
N00647,D0167,2026-07-25,Shortage,Ignored,No
N00648,D0167,2026-04-25,Shortage,Ignored,No
N00649,D0167,2026-08-28,Shortage,Ignored,No
N00650,D0168,2025-11-01,Shortage,Responded,Yes
N00651,D0168,2025-12-03,Shortage,Ignored,No
N00652,D0168,2026-09-25,Shortage,Responded,Yes
N00653,D0168,2026-09-25,Urgent,Responded,Yes
N00654,D0168,2026-09-25,Shortage,Responded,Yes
N00655,D0168,2026-09-25,Urgent,Responded,Yes
N00656,D0169,2026-09-25,Shortage,Responded,Yes
N00657,D0169,2026-01-03,Urgent,Responded,Yes
N00658,D0169,2026-08-03,Shortage,Ignored,No
N00659,D0169,2026-09-25,Urgent,Responded,Yes
N00660,D0170,2026-09-25,Urgent,Ignored,No
N00661,D0170,2026-09-25,Shortage,Responded,Yes
N00662,D0171,2026-08-02,Shortage,Responded,Yes
N00663,D0171,2026-09-25,Shortage,Ignored,No
N00664,D0171,2026-09-25,Shortage,Responded,Yes
N00665,D0171,2026-09-25,Urgent,Responded,Yes
N00666,D0171,2026-09-25,Urgent,Responded,Yes
N00667,D0172,2026-09-25,Shortage,Ignored,No
N00668,D0172,2026-06-01,Urgent,Responded,Yes
N00669,D0172,2026-09-25,Shortage,Responded,Yes
N00670,D0172,2025-11-26,Shortage,Responded,Yes
N00671,D0172,2026-08-16,Shortage,Ignored,No
N00672,D0173,2026-08-27,Shortage,Ignored,No
N00673,D0173,2025-12-31,Shortage,Ignored,No
N00674,D0174,2026-09-25,Shortage,Responded,Yes
N00675,D0174,2026-04-25,Urgent,Responded,Yes
N00676,D0174,2026-06-16,Shortage,Ignored,No
N00677,D0175,2026-09-25,Shortage,Responded,Yes
N00678,D0175,2026-09-25,Shortage,Ignored,No
N00679,D0175,2026-09-25,Shortage,Responded,Yes
N00680,D0175,2026-06-02,Urgent,Responded,Yes
N00681,D0176,2026-07-09,Shortage,Ignored,No
N00682,D0176,2026-09-25,Shortage,Responded,Yes
N00683,D0176,2025-06-08,Urgent,Responded,Yes
N00684,D0176,2026-09-25,Urgent,Ignored,No
N00685,D0176,2026-09-25,Shortage,Ignored,No
N00686,D0177,2026-09-25,Shortage,Ignored,No
N00687,D0177,2026-09-25,Shortage,Responded,Yes
N00688,D0177,2026-09-25,Shortage,Responded,Yes
N00689,D0177,2026-03-04,Shortage,Responded,Yes
N00690,D0177,2026-09-25,Urgent,Ignored,No
N00691,D0177,2026-09-25,Shortage,Ignored,No
N00692,D0177,2026-09-25,Shortage,Responded,Yes
N00693,D0178,2026-01-17,Shortage,Ignored,No
N00694,D0178,2026-09-25,Shortage,Responded,Yes
N00695,D0178,2025-09-24,Urgent,Ignored,No
N00696,D0178,2026-09-25,Shortage,Ignored,No
N00697,D0178,2025-10-15,Shortage,Ignored,No
N00698,D0178,2025-04-14,Shortage,Ignored,No
N00699,D0179,2026-09-25,Shortage,Ignored,No
N00700,D0179,2026-09-25,Shortage,Ignored,No
N00701,D0180,2026-09-25,Shortage,Responded,Yes
N00702,D0180,2026-09-25,Shortage,Responded,Yes
N00703,D0180,2026-09-25,Shortage,Responded,Yes
N00704,D0180,2026-09-25,Shortage,Responded,Yes
N00705,D0180,2026-09-25,Shortage,Responded,Yes
N00706,D0181,2026-08-18,Urgent,Responded,Yes
N00707,D0181,2026-09-25,Urgent,Ignored,No
N00708,D0181,2026-09-25,Shortage,Ignored,No
N00709,D0181,2026-05-07,Urgent,Ignored,No
N00710,D0181,2026-08-12,Shortage,Responded,Yes
N00711,D0181,2026-09-25,Urgent,Ignored,No
N00712,D0182,2026-06-23,Shortage,Responded,Yes
N00713,D0182,2026-09-25,Urgent,Ignored,No
N00714,D0182,2026-07-18,Urgent,Ignored,No
N00715,D0182,2026-05-07,Urgent,Ignored,No
N00716,D0183,2026-09-25,Urgent,Responded,Yes
N00717,D0183,2026-09-25,Shortage,Responded,Yes
N00718,D0184,2026-09-25,Shortage,Responded,Yes
N00719,D0184,2025-10-07,Urgent,Ignored,No
N00720,D0184,2025-11-25,Urgent,Ignored,No
N00721,D0184,2026-09-25,Urgent,Ignored,No
N00722,D0184,2026-02-11,Urgent,Ignored,No
N00723,D0184,2026-09-25,Urgent,Responded,Yes
N00724,D0185,2025-07-09,Shortage,Ignored,No
N00725,D0185,2025-12-31,Shortage,Responded,Yes
N00726,D0185,2026-09-25,Shortage,Responded,Yes
N00727,D0186,2025-09-26,Shortage,Responded,Yes
N00728,D0186,2026-09-25,Urgent,Responded,Yes
N00729,D0186,2026-04-01,Urgent,Responded,Yes
N00730,D0186,2026-09-25,Urgent,Responded,Yes
N00731,D0186,2026-03-10,Shortage,Ignored,No
N00732,D0187,2025-12-20,Shortage,Ignored,No
N00733,D0187,2026-09-25,Shortage,Responded,Yes
N00734,D0187,2026-09-25,Urgent,Responded,Yes
N00735,D0188,2026-09-25,Shortage,Ignored,No
N00736,D0188,2026-09-25,Urgent,Responded,Yes
N00737,D0188,2025-10-27,Shortage,Responded,Yes
N00738,D0189,2026-09-25,Shortage,Responded,Yes
N00739,D0189,2026-08-30,Shortage,Responded,Yes
N00740,D0189,2026-09-25,Urgent,Ignored,No
N00741,D0189,2026-05-25,Urgent,Ignored,No
N00742,D0189,2026-09-25,Shortage,Responded,Yes
N00743,D0189,2026-07-03,Urgent,Responded,Yes
N00744,D0189,2026-09-25,Urgent,Ignored,No
N00745,D0190,2026-08-06,Shortage,Ignored,No
N00746,D0190,2026-04-15,Shortage,Ignored,No
N00747,D0190,2026-09-25,Shortage,Ignored,No
N00748,D0190,2026-09-25,Shortage,Ignored,No
N00749,D0190,2026-09-25,Shortage,Ignored,No
N00750,D0190,2026-09-25,Shortage,Responded,Yes
N00751,D0190,2026-09-25,Urgent,Ignored,No
N00752,D0191,2025-12-15,Urgent,Ignored,No
N00753,D0191,2026-03-13,Shortage,Responded,Yes
N00754,D0191,2026-09-25,Shortage,Ignored,No
N00755,D0191,2026-09-25,Shortage,Ignored,No
N00756,D0191,2025-09-09,Shortage,Ignored,No
N00757,D0191,2025-05-28,Shortage,Ignored,No
N00758,D0191,2026-09-25,Shortage,Ignored,No
N00759,D0192,2026-09-25,Shortage,Responded,Yes
N00760,D0192,2026-09-25,Urgent,Responded,Yes
N00761,D0192,2026-09-25,Shortage,Responded,Yes
N00762,D0192,2026-06-17,Urgent,Responded,Yes
N00763,D0192,2026-09-25,Shortage,Responded,Yes
N00764,D0192,2026-09-25,Shortage,Ignored,No
N00765,D0193,2026-09-25,Shortage,Ignored,No
N00766,D0193,2026-09-25,Shortage,Ignored,No
N00767,D0193,2026-09-25,Shortage,Responded,Yes
N00768,D0193,2026-05-31,Urgent,Responded,Yes
N00769,D0193,2026-09-25,Shortage,Responded,Yes
N00770,D0193,2026-08-23,Urgent,Responded,Yes
N00771,D0193,2026-01-28,Shortage,Responded,Yes
N00772,D0194,2026-09-25,Shortage,Responded,Yes
N00773,D0194,2026-02-04,Urgent,Responded,Yes
N00774,D0195,2026-09-25,Shortage,Responded,Yes
N00775,D0195,2026-09-25,Shortage,Responded,Yes
N00776,D0195,2026-05-21,Urgent,Ignored,No
N00777,D0195,2025-12-07,Urgent,Responded,Yes
N00778,D0195,2026-01-21,Shortage,Responded,Yes
N00779,D0196,2026-09-25,Shortage,Ignored,No
N00780,D0196,2026-07-12,Shortage,Responded,Yes
N00781,D0196,2026-08-21,Shortage,Responded,Yes
N00782,D0196,2026-09-25,Urgent,Responded,Yes
N00783,D0196,2025-09-15,Urgent,Responded,Yes
N00784,D0196,2026-09-25,Urgent,Ignored,No
N00785,D0197,2025-10-23,Urgent,Ignored,No
N00786,D0197,2026-09-25,Shortage,Ignored,No
N00787,D0197,2026-09-25,Shortage,Ignored,No
N00788,D0197,2026-09-25,Shortage,Ignored,No
N00789,D0197,2026-05-08,Shortage,Responded,Yes
N00790,D0197,2026-09-25,Urgent,Responded,Yes
N00791,D0198,2026-09-25,Shortage,Responded,Yes
N00792,D0198,2026-09-25,Shortage,Responded,Yes
N00793,D0198,2026-09-25,Urgent,Ignored,No
N00794,D0198,2025-10-18,Urgent,Ignored,No
N00795,D0198,2026-09-25,Shortage,Responded,Yes
N00796,D0198,2026-09-25,Shortage,Ignored,No
N00797,D0198,2026-09-25,Urgent,Responded,Yes
N00798,D0199,2026-09-25,Shortage,Responded,Yes
N00799,D0199,2026-09-25,Shortage,Responded,Yes
N00800,D0200,2025-10-15,Shortage,Responded,Yes
N00801,D0200,2026-09-25,Shortage,Ignored,No
N00802,D0200,2025-04-26,Urgent,Ignored,No
N00803,D0200,2026-09-25,Shortage,Ignored,No
N00804,D0200,2026-02-04,Shortage,Responded,Yes
N00805,D0200,2026-09-25,Urgent,Ignored,No
N00806,D0200,2026-09-25,Shortage,Responded,Yes
N00807,D0201,2026-09-25,Shortage,Ignored,No
N00808,D0201,2026-08-13,Shortage,Ignored,No
N00809,D0202,2025-09-15,Urgent,Responded,Yes
N00810,D0202,2026-09-25,Shortage,Responded,Yes
N00811,D0203,2026-09-25,Shortage,Ignored,No
N00812,D0203,2025-06-20,Shortage,Ignored,No
N00813,D0203,2025-10-30,Shortage,Ignored,No
N00814,D0203,2026-09-25,Shortage,Responded,Yes
N00815,D0204,2026-09-25,Urgent,Responded,Yes
N00816,D0204,2026-09-25,Shortage,Responded,Yes
N00817,D0205,2026-09-21,Shortage,Ignored,No
N00818,D0205,2026-06-03,Urgent,Ignored,No
N00819,D0206,2026-09-25,Shortage,Ignored,No
N00820,D0206,2026-08-30,Urgent,Ignored,No
N00821,D0207,2026-09-25,Urgent,Ignored,No
N00822,D0208,2026-09-25,Urgent,Responded,Yes
N00823,D0208,2026-09-25,Urgent,Responded,Yes
N00824,D0208,2026-09-25,Urgent,Responded,Yes
N00825,D0208,2026-09-25,Shortage,Responded,Yes
N00826,D0208,2026-09-25,Shortage,Responded,Yes
N00827,D0209,2026-09-25,Shortage,Ignored,No
N00828,D0209,2026-06-23,Shortage,Responded,Yes
N00829,D0209,2026-09-25,Urgent,Responded,Yes
N00830,D0209,2026-05-25,Shortage,Ignored,No
N00831,D0209,2025-07-27,Shortage,Responded,Yes
N00832,D0209,2026-09-25,Shortage,Responded,Yes
N00833,D0210,2025-10-07,Shortage,Responded,Yes
N00834,D0210,2026-09-25,Shortage,Responded,Yes
N00835,D0210,2026-05-16,Shortage,Responded,Yes
N00836,D0210,2026-09-25,Shortage,Ignored,No
N00837,D0211,2026-09-25,Shortage,Responded,Yes
N00838,D0211,2026-09-25,Urgent,Responded,Yes
N00839,D0212,2026-09-25,Urgent,Ignored,No
N00840,D0212,2026-04-16,Shortage,Responded,Yes
N00841,D0212,2026-06-02,Shortage,Responded,Yes
N00842,D0212,2026-09-25,Shortage,Ignored,No
N00843,D0212,2026-05-10,Shortage,Ignored,No
N00844,D0212,2026-09-25,Shortage,Responded,Yes
N00845,D0213,2026-07-06,Urgent,Responded,Yes
N00846,D0213,2026-09-25,Urgent,Responded,Yes
N00847,D0213,2026-04-07,Urgent,Responded,Yes
N00848,D0213,2026-09-25,Shortage,Responded,Yes
N00849,D0214,2026-09-25,Shortage,Responded,Yes
N00850,D0214,2026-09-25,Shortage,Responded,Yes
N00851,D0214,2026-01-16,Shortage,Responded,Yes
N00852,D0214,2026-09-25,Shortage,Responded,Yes
N00853,D0214,2026-09-25,Shortage,Ignored,No
N00854,D0214,2026-06-16,Shortage,Responded,Yes
N00855,D0214,2026-09-25,Urgent,Responded,Yes
N00856,D0215,2026-09-25,Urgent,Responded,Yes
N00857,D0215,2026-09-25,Shortage,Responded,Yes
N00858,D0215,2026-09-25,Urgent,Responded,Yes
N00859,D0216,2026-09-25,Shortage,Responded,Yes
N00860,D0216,2026-09-25,Urgent,Responded,Yes
N00861,D0217,2026-02-14,Shortage,Responded,Yes
N00862,D0217,2025-07-18,Shortage,Ignored,No
N00863,D0218,2026-09-25,Shortage,Responded,Yes
N00864,D0218,2026-09-25,Shortage,Responded,Yes
N00865,D0218,2026-09-25,Shortage,Ignored,No
N00866,D0218,2026-01-28,Shortage,Ignored,No
N00867,D0218,2026-09-25,Shortage,Responded,Yes
N00868,D0218,2026-09-24,Shortage,Responded,Yes
N00869,D0219,2025-12-09,Shortage,Ignored,No
N00870,D0219,2026-09-25,Urgent,Responded,Yes
N00871,D0219,2026-09-25,Urgent,Responded,Yes
N00872,D0220,2026-07-12,Urgent,Responded,Yes
N00873,D0220,2026-06-02,Shortage,Ignored,No
N00874,D0220,2026-09-25,Shortage,Ignored,No
N00875,D0221,2026-09-25,Urgent,Ignored,No
N00876,D0221,2026-02-25,Shortage,Ignored,No
N00877,D0221,2026-09-25,Shortage,Responded,Yes
N00878,D0221,2026-02-22,Shortage,Ignored,No
N00879,D0221,2026-09-25,Urgent,Ignored,No
N00880,D0221,2026-09-25,Urgent,Ignored,No
N00881,D0222,2026-09-25,Shortage,Ignored,No
N00882,D0222,2026-03-05,Shortage,Responded,Yes
N00883,D0222,2026-03-07,Shortage,Responded,Yes
N00884,D0222,2026-09-25,Shortage,Responded,Yes
N00885,D0222,2026-09-25,Urgent,Ignored,No
N00886,D0222,2026-09-25,Shortage,Ignored,No
N00887,D0223,2026-09-25,Urgent,Responded,Yes
N00888,D0223,2026-09-25,Urgent,Ignored,No
N00889,D0223,2025-08-21,Urgent,Ignored,No
N00890,D0223,2026-09-25,Urgent,Ignored,No
N00891,D0223,2026-09-25,Urgent,Ignored,No
N00892,D0223,2026-09-11,Shortage,Responded,Yes
N00893,D0224,2026-09-25,Shortage,Ignored,No
N00894,D0225,2026-09-25,Shortage,Ignored,No
N00895,D0225,2025-10-16,Shortage,Ignored,No
N00896,D0225,2026-09-25,Shortage,Ignored,No
N00897,D0225,2026-09-25,Shortage,Ignored,No
N00898,D0225,2026-09-25,Shortage,Ignored,No
N00899,D0225,2026-09-25,Urgent,Ignored,No
N00900,D0226,2026-09-25,Shortage,Ignored,No
N00901,D0226,2026-09-25,Shortage,Responded,Yes
N00902,D0226,2026-09-25,Urgent,Ignored,No
N00903,D0226,2026-09-25,Shortage,Ignored,No
N00904,D0227,2025-08-10,Urgent,Ignored,No
N00905,D0227,2025-10-04,Shortage,Ignored,No
N00906,D0227,2026-09-25,Shortage,Ignored,No
N00907,D0227,2026-09-25,Shortage,Ignored,No
N00908,D0227,2026-09-25,Shortage,Ignored,No
N00909,D0228,2026-09-25,Shortage,Responded,Yes
N00910,D0228,2026-09-25,Shortage,Responded,Yes
N00911,D0228,2026-09-25,Shortage,Ignored,No
N00912,D0228,2026-01-17,Urgent,Ignored,No
N00913,D0228,2025-09-08,Shortage,Ignored,No
N00914,D0228,2026-08-20,Shortage,Ignored,No
N00915,D0228,2026-09-25,Urgent,Responded,Yes
N00916,D0229,2026-09-25,Shortage,Ignored,No
N00917,D0229,2026-09-25,Shortage,Ignored,No
N00918,D0229,2026-09-25,Shortage,Responded,Yes
N00919,D0230,2025-04-20,Urgent,Responded,Yes
N00920,D0230,2026-08-29,Urgent,Responded,Yes
N00921,D0230,2026-09-25,Shortage,Ignored,No
N00922,D0231,2026-09-25,Shortage,Ignored,No
N00923,D0231,2026-09-25,Shortage,Responded,Yes
N00924,D0231,2026-09-25,Urgent,Ignored,No
N00925,D0232,2025-05-13,Shortage,Ignored,No
N00926,D0233,2025-11-04,Shortage,Responded,Yes
N00927,D0233,2026-09-25,Shortage,Responded,Yes
N00928,D0233,2026-09-25,Shortage,Responded,Yes
N00929,D0233,2026-09-17,Shortage,Ignored,No
N00930,D0233,2026-09-25,Urgent,Responded,Yes
N00931,D0234,2026-08-13,Urgent,Responded,Yes
N00932,D0234,2026-09-15,Shortage,Responded,Yes
N00933,D0234,2026-09-25,Shortage,Responded,Yes
N00934,D0235,2025-11-08,Shortage,Responded,Yes
N00935,D0235,2026-02-16,Urgent,Ignored,No
N00936,D0235,2026-09-25,Shortage,Ignored,No
N00937,D0235,2025-11-01,Shortage,Ignored,No
N00938,D0235,2026-09-19,Shortage,Ignored,No
N00939,D0236,2026-06-27,Urgent,Ignored,No
N00940,D0236,2026-09-25,Shortage,Ignored,No
N00941,D0236,2026-09-25,Urgent,Responded,Yes
N00942,D0236,2026-09-01,Shortage,Ignored,No
N00943,D0236,2026-09-25,Shortage,Responded,Yes
N00944,D0236,2026-09-25,Shortage,Responded,Yes
N00945,D0236,2025-11-04,Shortage,Ignored,No
N00946,D0237,2026-09-25,Shortage,Ignored,No
N00947,D0237,2026-09-25,Shortage,Ignored,No
N00948,D0237,2026-09-25,Urgent,Ignored,No
N00949,D0237,2026-06-30,Shortage,Ignored,No
N00950,D0237,2026-02-07,Shortage,Ignored,No
N00951,D0237,2026-09-25,Shortage,Responded,Yes
N00952,D0237,2026-02-15,Urgent,Ignored,No
N00953,D0238,2026-09-25,Shortage,Ignored,No
N00954,D0239,2026-08-13,Shortage,Ignored,No
N00955,D0239,2026-08-26,Shortage,Ignored,No
N00956,D0239,2026-09-25,Shortage,Ignored,No
N00957,D0239,2026-09-25,Shortage,Ignored,No
N00958,D0239,2026-09-25,Shortage,Ignored,No
N00959,D0239,2025-12-04,Shortage,Ignored,No
N00960,D0239,2026-07-13,Shortage,Ignored,No
N00961,D0240,2026-09-25,Shortage,Responded,Yes
N00962,D0240,2026-09-25,Shortage,Responded,Yes
N00963,D0240,2026-01-04,Shortage,Responded,Yes
N00964,D0240,2026-09-25,Urgent,Responded,Yes
N00965,D0240,2026-09-25,Shortage,Responded,Yes
N00966,D0240,2026-09-25,Urgent,Ignored,No
N00967,D0241,2026-09-25,Shortage,Responded,Yes
N00968,D0241,2026-09-25,Urgent,Responded,Yes
N00969,D0241,2025-04-21,Shortage,Responded,Yes
N00970,D0241,2026-09-25,Shortage,Ignored,No
N00971,D0241,2026-09-25,Shortage,Responded,Yes
N00972,D0241,2026-01-17,Urgent,Ignored,No
N00973,D0242,2026-06-16,Urgent,Responded,Yes
N00974,D0243,2026-09-25,Shortage,Ignored,No
N00975,D0243,2026-03-11,Shortage,Ignored,No
N00976,D0244,2026-09-25,Urgent,Ignored,No
N00977,D0244,2026-09-25,Urgent,Ignored,No
N00978,D0244,2026-09-11,Shortage,Responded,Yes
N00979,D0244,2026-09-25,Urgent,Responded,Yes
N00980,D0244,2026-09-25,Shortage,Ignored,No
N00981,D0244,2026-09-12,Shortage,Responded,Yes
N00982,D0245,2026-09-18,Shortage,Responded,Yes
N00983,D0245,2026-08-19,Shortage,Ignored,No
N00984,D0246,2026-09-25,Shortage,Ignored,No
N00985,D0246,2025-12-24,Shortage,Responded,Yes
N00986,D0246,2026-09-25,Shortage,Ignored,No
N00987,D0246,2025-07-31,Urgent,Responded,Yes
N00988,D0246,2026-04-02,Urgent,Ignored,No
N00989,D0246,2026-05-27,Urgent,Ignored,No
N00990,D0247,2026-09-25,Shortage,Responded,Yes
N00991,D0247,2026-09-25,Shortage,Responded,Yes
N00992,D0247,2026-09-25,Shortage,Ignored,No
N00993,D0248,2026-09-25,Shortage,Ignored,No
N00994,D0248,2026-09-25,Shortage,Ignored,No
N00995,D0249,2026-07-29,Shortage,Ignored,No
N00996,D0249,2026-09-25,Urgent,Responded,Yes
N00997,D0249,2026-09-25,Urgent,Responded,Yes
N00998,D0250,2026-09-25,Shortage,Ignored,No
N00999,D0251,2026-09-20,Shortage,Ignored,No
N01000,D0251,2025-11-02,Shortage,Responded,Yes
N01001,D0251,2026-09-25,Shortage,Ignored,No
N01002,D0251,2026-09-25,Shortage,Ignored,No
N01003,D0251,2026-09-25,Shortage,Ignored,No
N01004,D0251,2025-07-15,Shortage,Responded,Yes
N01005,D0251,2026-09-25,Shortage,Responded,Yes
N01006,D0252,2026-07-26,Shortage,Responded,Yes
N01007,D0252,2026-09-25,Shortage,Responded,Yes
N01008,D0252,2026-09-25,Shortage,Ignored,No
N01009,D0253,2026-09-25,Shortage,Ignored,No
N01010,D0253,2026-02-13,Shortage,Responded,Yes
N01011,D0253,2026-08-30,Shortage,Ignored,No
N01012,D0254,2026-09-25,Shortage,Responded,Yes
N01013,D0254,2026-09-25,Shortage,Ignored,No
N01014,D0254,2026-09-25,Shortage,Responded,Yes
N01015,D0254,2026-09-25,Urgent,Responded,Yes
N01016,D0255,2026-09-25,Shortage,Responded,Yes
N01017,D0255,2026-06-23,Shortage,Responded,Yes
N01018,D0255,2026-07-30,Shortage,Responded,Yes
N01019,D0255,2026-05-16,Urgent,Responded,Yes
N01020,D0256,2026-09-25,Urgent,Ignored,No
N01021,D0256,2026-09-25,Shortage,Ignored,No
N01022,D0256,2026-07-31,Shortage,Responded,Yes
N01023,D0256,2025-11-06,Shortage,Ignored,No
N01024,D0257,2026-08-25,Shortage,Ignored,No
N01025,D0257,2026-09-25,Shortage,Responded,Yes
N01026,D0257,2026-09-25,Urgent,Responded,Yes
N01027,D0257,2026-04-27,Shortage,Responded,Yes
N01028,D0257,2026-05-14,Urgent,Responded,Yes
N01029,D0258,2026-05-30,Urgent,Responded,Yes
N01030,D0259,2025-08-19,Shortage,Responded,Yes
N01031,D0259,2026-02-24,Shortage,Ignored,No
N01032,D0259,2026-09-25,Shortage,Ignored,No
N01033,D0259,2026-05-03,Shortage,Ignored,No
N01034,D0259,2026-08-21,Shortage,Ignored,No
N01035,D0260,2026-09-25,Shortage,Ignored,No
N01036,D0260,2026-09-25,Urgent,Responded,Yes
N01037,D0260,2026-09-25,Shortage,Responded,Yes
N01038,D0260,2026-07-11,Urgent,Responded,Yes
N01039,D0260,2026-09-25,Urgent,Ignored,No
N01040,D0260,2026-01-05,Shortage,Ignored,No
N01041,D0260,2026-09-25,Shortage,Ignored,No
N01042,D0261,2026-09-25,Urgent,Responded,Yes
N01043,D0261,2026-09-25,Shortage,Ignored,No
N01044,D0261,2026-09-25,Shortage,Ignored,No
N01045,D0261,2026-09-25,Shortage,Ignored,No
N01046,D0261,2026-09-25,Shortage,Ignored,No
N01047,D0261,2026-09-25,Urgent,Responded,Yes
N01048,D0262,2026-09-09,Urgent,Ignored,No
N01049,D0263,2026-09-25,Shortage,Responded,Yes
N01050,D0263,2026-09-25,Shortage,Responded,Yes
N01051,D0263,2026-09-01,Urgent,Responded,Yes
N01052,D0263,2026-09-25,Shortage,Responded,Yes
N01053,D0263,2026-07-23,Shortage,Responded,Yes
N01054,D0264,2026-09-25,Shortage,Responded,Yes
N01055,D0264,2026-09-25,Shortage,Ignored,No
N01056,D0264,2026-06-28,Shortage,Responded,Yes
N01057,D0265,2026-09-25,Shortage,Responded,Yes
N01058,D0265,2026-09-25,Shortage,Ignored,No
N01059,D0265,2026-09-25,Shortage,Responded,Yes
N01060,D0265,2026-03-21,Urgent,Ignored,No
N01061,D0266,2026-09-25,Urgent,Responded,Yes
N01062,D0267,2026-03-27,Urgent,Responded,Yes
N01063,D0268,2026-09-25,Shortage,Responded,Yes
N01064,D0268,2026-01-13,Shortage,Ignored,No
N01065,D0268,2026-06-09,Shortage,Ignored,No
N01066,D0268,2025-08-09,Urgent,Ignored,No
N01067,D0268,2026-09-25,Shortage,Ignored,No
N01068,D0268,2026-09-25,Urgent,Responded,Yes
N01069,D0268,2026-09-25,Shortage,Ignored,No
N01070,D0269,2025-10-01,Urgent,Ignored,No
N01071,D0269,2026-06-03,Urgent,Ignored,No
N01072,D0269,2026-09-25,Urgent,Ignored,No
N01073,D0269,2026-09-25,Urgent,Ignored,No
N01074,D0269,2026-09-25,Shortage,Responded,Yes
N01075,D0269,2026-05-25,Shortage,Ignored,No
N01076,D0269,2026-09-25,Urgent,Ignored,No
N01077,D0270,2026-09-25,Urgent,Ignored,No
N01078,D0270,2026-09-25,Shortage,Responded,Yes
N01079,D0270,2025-10-23,Shortage,Ignored,No
N01080,D0270,2026-09-25,Urgent,Responded,Yes
N01081,D0270,2026-09-25,Shortage,Ignored,No
N01082,D0270,2026-01-18,Shortage,Responded,Yes
N01083,D0271,2026-09-25,Urgent,Ignored,No
N01084,D0272,2026-09-25,Shortage,Ignored,No
N01085,D0272,2026-08-04,Shortage,Ignored,No
N01086,D0273,2026-09-25,Urgent,Ignored,No
N01087,D0274,2026-09-25,Urgent,Responded,Yes
N01088,D0274,2026-08-31,Shortage,Ignored,No
N01089,D0274,2026-09-25,Urgent,Ignored,No
N01090,D0275,2026-03-28,Shortage,Responded,Yes
N01091,D0275,2026-09-25,Urgent,Responded,Yes
N01092,D0276,2026-09-25,Shortage,Responded,Yes
N01093,D0276,2026-09-25,Shortage,Ignored,No
N01094,D0276,2026-09-25,Shortage,Responded,Yes
N01095,D0276,2026-09-25,Shortage,Responded,Yes
N01096,D0276,2026-09-25,Shortage,Responded,Yes
N01097,D0276,2026-05-18,Urgent,Responded,Yes
N01098,D0276,2026-09-25,Urgent,Ignored,No
N01099,D0277,2026-09-25,Shortage,Responded,Yes
N01100,D0277,2026-05-29,Shortage,Responded,Yes
N01101,D0277,2026-03-01,Urgent,Ignored,No
N01102,D0277,2026-06-22,Shortage,Ignored,No
N01103,D0277,2025-11-27,Urgent,Ignored,No
N01104,D0278,2026-09-25,Shortage,Ignored,No
N01105,D0278,2026-09-25,Shortage,Responded,Yes
N01106,D0279,2026-09-25,Shortage,Ignored,No
N01107,D0279,2026-09-25,Shortage,Responded,Yes
N01108,D0279,2026-07-01,Shortage,Ignored,No
N01109,D0280,2026-04-29,Shortage,Responded,Yes
N01110,D0280,2026-09-25,Shortage,Ignored,No
N01111,D0280,2026-09-25,Shortage,Responded,Yes
N01112,D0281,2026-09-25,Shortage,Responded,Yes
N01113,D0281,2026-09-25,Shortage,Ignored,No
N01114,D0281,2026-09-25,Shortage,Ignored,No
N01115,D0281,2026-09-25,Shortage,Ignored,No
N01116,D0282,2026-09-25,Urgent,Responded,Yes
N01117,D0282,2026-06-14,Shortage,Ignored,No
N01118,D0283,2026-06-08,Shortage,Responded,Yes
N01119,D0283,2026-09-25,Shortage,Responded,Yes
N01120,D0283,2025-06-26,Shortage,Responded,Yes
N01121,D0283,2026-09-25,Shortage,Ignored,No
N01122,D0283,2026-09-25,Shortage,Ignored,No
N01123,D0284,2026-09-25,Shortage,Responded,Yes
N01124,D0284,2026-09-25,Shortage,Responded,Yes
N01125,D0284,2026-09-25,Shortage,Responded,Yes
N01126,D0285,2026-09-25,Urgent,Responded,Yes
N01127,D0285,2026-09-22,Shortage,Responded,Yes
N01128,D0285,2026-05-21,Shortage,Ignored,No
N01129,D0285,2026-09-25,Urgent,Responded,Yes
N01130,D0285,2026-09-06,Shortage,Ignored,No
N01131,D0285,2026-06-10,Shortage,Responded,Yes
N01132,D0285,2026-03-18,Shortage,Responded,Yes
N01133,D0286,2026-08-03,Shortage,Ignored,No
N01134,D0286,2026-09-25,Shortage,Responded,Yes
N01135,D0286,2026-09-25,Shortage,Ignored,No
N01136,D0286,2025-09-17,Urgent,Ignored,No
N01137,D0286,2026-09-25,Urgent,Ignored,No
N01138,D0287,2026-09-25,Shortage,Ignored,No
N01139,D0287,2026-09-02,Shortage,Ignored,No
N01140,D0288,2026-09-25,Urgent,Ignored,No
N01141,D0288,2026-09-25,Shortage,Responded,Yes
N01142,D0288,2026-09-25,Shortage,Responded,Yes
N01143,D0289,2026-09-13,Shortage,Ignored,No
N01144,D0289,2026-03-23,Urgent,Responded,Yes
N01145,D0289,2025-12-07,Urgent,Ignored,No
N01146,D0290,2026-09-25,Shortage,Responded,Yes
N01147,D0290,2025-09-03,Urgent,Ignored,No
N01148,D0290,2026-09-25,Shortage,Ignored,No
N01149,D0290,2026-09-25,Shortage,Responded,Yes
N01150,D0290,2025-10-26,Shortage,Ignored,No
N01151,D0291,2026-09-25,Shortage,Responded,Yes
N01152,D0291,2026-09-25,Urgent,Responded,Yes
N01153,D0291,2026-09-25,Shortage,Responded,Yes
N01154,D0291,2026-01-31,Urgent,Responded,Yes
N01155,D0291,2026-01-03,Urgent,Responded,Yes
N01156,D0292,2026-04-11,Urgent,Ignored,No
N01157,D0292,2026-09-25,Shortage,Responded,Yes
N01158,D0292,2026-09-25,Shortage,Responded,Yes
N01159,D0292,2026-09-25,Shortage,Ignored,No
N01160,D0292,2025-10-07,Urgent,Responded,Yes
N01161,D0292,2026-08-28,Urgent,Responded,Yes
N01162,D0293,2026-01-04,Shortage,Ignored,No
N01163,D0293,2026-09-25,Shortage,Ignored,No
N01164,D0294,2026-03-25,Shortage,Ignored,No
N01165,D0294,2026-07-24,Urgent,Responded,Yes
N01166,D0294,2026-09-05,Shortage,Ignored,No
N01167,D0294,2025-10-16,Shortage,Ignored,No
N01168,D0294,2026-09-25,Urgent,Ignored,No
N01169,D0294,2025-09-28,Shortage,Ignored,No
N01170,D0295,2026-09-25,Shortage,Ignored,No
N01171,D0295,2026-09-25,Urgent,Ignored,No
N01172,D0296,2026-03-14,Urgent,Ignored,No
N01173,D0297,2026-06-22,Urgent,Responded,Yes
N01174,D0297,2026-09-25,Shortage,Responded,Yes
N01175,D0297,2026-09-25,Urgent,Responded,Yes
N01176,D0297,2026-01-01,Urgent,Responded,Yes
N01177,D0297,2026-09-25,Shortage,Responded,Yes
N01178,D0297,2026-08-13,Shortage,Ignored,No
N01179,D0298,2026-09-25,Shortage,Ignored,No
N01180,D0298,2026-09-09,Shortage,Responded,Yes
N01181,D0298,2026-03-20,Urgent,Responded,Yes
N01182,D0299,2026-05-18,Shortage,Responded,Yes
N01183,D0300,2026-05-13,Shortage,Ignored,No
N01184,D0301,2026-09-25,Urgent,Responded,Yes
N01185,D0301,2026-09-25,Shortage,Responded,Yes
N01186,D0301,2026-07-26,Shortage,Ignored,No
N01187,D0301,2026-09-25,Shortage,Responded,Yes
N01188,D0302,2026-09-17,Shortage,Ignored,No
N01189,D0303,2026-09-25,Shortage,Ignored,No
N01190,D0303,2026-09-25,Shortage,Responded,Yes
N01191,D0303,2026-09-25,Shortage,Responded,Yes
N01192,D0303,2026-09-25,Shortage,Ignored,No
N01193,D0303,2026-09-25,Shortage,Responded,Yes
N01194,D0303,2026-09-25,Shortage,Ignored,No
N01195,D0304,2026-09-25,Shortage,Ignored,No
N01196,D0304,2026-09-25,Urgent,Responded,Yes
N01197,D0305,2026-09-25,Shortage,Responded,Yes
N01198,D0306,2026-03-31,Urgent,Ignored,No
N01199,D0307,2025-10-31,Urgent,Ignored,No
N01200,D0307,2026-09-25,Shortage,Ignored,No
N01201,D0307,2026-09-25,Shortage,Responded,Yes
N01202,D0307,2026-09-25,Shortage,Ignored,No
N01203,D0307,2026-09-25,Shortage,Responded,Yes
N01204,D0308,2026-04-12,Shortage,Ignored,No
N01205,D0308,2026-09-25,Urgent,Ignored,No
N01206,D0308,2026-09-25,Shortage,Responded,Yes
N01207,D0308,2026-09-25,Shortage,Responded,Yes
N01208,D0308,2026-09-25,Urgent,Ignored,No
N01209,D0308,2026-02-17,Urgent,Responded,Yes
N01210,D0309,2026-09-25,Shortage,Ignored,No
N01211,D0309,2026-04-24,Shortage,Responded,Yes
N01212,D0309,2026-05-10,Shortage,Responded,Yes
N01213,D0309,2026-09-25,Urgent,Responded,Yes
N01214,D0309,2025-12-08,Shortage,Responded,Yes
N01215,D0309,2026-07-29,Shortage,Responded,Yes
N01216,D0310,2026-09-25,Urgent,Responded,Yes
N01217,D0310,2026-09-25,Shortage,Responded,Yes
N01218,D0310,2026-09-25,Shortage,Ignored,No
N01219,D0311,2025-10-22,Shortage,Ignored,No
N01220,D0311,2026-09-25,Urgent,Ignored,No
N01221,D0311,2026-09-25,Shortage,Ignored,No
N01222,D0312,2025-12-04,Shortage,Responded,Yes
N01223,D0313,2026-03-07,Urgent,Responded,Yes
N01224,D0313,2026-09-25,Shortage,Ignored,No
N01225,D0313,2026-01-16,Urgent,Responded,Yes
N01226,D0314,2026-09-25,Urgent,Responded,Yes
N01227,D0314,2026-07-28,Shortage,Ignored,No
N01228,D0314,2026-09-25,Urgent,Responded,Yes
N01229,D0314,2026-04-08,Urgent,Ignored,No
N01230,D0314,2026-07-12,Shortage,Responded,Yes
N01231,D0314,2026-09-25,Shortage,Responded,Yes
N01232,D0314,2026-09-25,Shortage,Responded,Yes
N01233,D0315,2026-09-25,Shortage,Responded,Yes
N01234,D0315,2026-08-04,Shortage,Responded,Yes
N01235,D0315,2026-09-25,Urgent,Ignored,No
N01236,D0315,2026-08-01,Shortage,Responded,Yes
N01237,D0315,2026-09-25,Shortage,Responded,Yes
N01238,D0316,2026-09-25,Urgent,Responded,Yes
N01239,D0316,2026-02-23,Shortage,Responded,Yes
N01240,D0316,2026-09-25,Shortage,Ignored,No
N01241,D0316,2026-09-25,Shortage,Ignored,No
N01242,D0316,2026-09-06,Shortage,Ignored,No
N01243,D0316,2026-09-25,Urgent,Responded,Yes
N01244,D0317,2026-09-25,Urgent,Responded,Yes
N01245,D0317,2026-09-25,Shortage,Ignored,No
N01246,D0317,2026-09-25,Urgent,Responded,Yes
N01247,D0317,2026-09-25,Urgent,Responded,Yes
N01248,D0317,2026-09-25,Shortage,Responded,Yes
N01249,D0317,2026-09-25,Shortage,Responded,Yes
N01250,D0317,2026-09-25,Urgent,Ignored,No
N01251,D0318,2026-08-08,Shortage,Responded,Yes
N01252,D0318,2026-09-25,Urgent,Ignored,No
N01253,D0318,2026-09-11,Urgent,Ignored,No
N01254,D0318,2026-02-21,Shortage,Ignored,No
N01255,D0318,2026-03-31,Urgent,Responded,Yes
N01256,D0318,2026-09-15,Urgent,Ignored,No
N01257,D0319,2026-09-25,Shortage,Ignored,No
N01258,D0319,2026-09-25,Urgent,Ignored,No
N01259,D0319,2026-06-24,Shortage,Responded,Yes
N01260,D0319,2025-10-22,Shortage,Ignored,No
N01261,D0319,2026-09-25,Shortage,Responded,Yes
N01262,D0319,2026-09-23,Shortage,Ignored,No
N01263,D0320,2026-07-31,Shortage,Ignored,No
N01264,D0321,2026-05-29,Urgent,Responded,Yes
N01265,D0322,2026-04-11,Shortage,Responded,Yes
N01266,D0322,2026-09-25,Shortage,Responded,Yes
N01267,D0322,2025-09-07,Shortage,Ignored,No
N01268,D0323,2025-12-12,Shortage,Ignored,No
N01269,D0324,2026-09-25,Shortage,Responded,Yes
N01270,D0324,2026-09-25,Shortage,Ignored,No
N01271,D0324,2026-03-07,Shortage,Ignored,No
N01272,D0324,2026-01-29,Shortage,Responded,Yes
N01273,D0324,2026-09-25,Shortage,Responded,Yes
N01274,D0324,2026-09-25,Urgent,Responded,Yes
N01275,D0325,2026-05-21,Shortage,Responded,Yes
N01276,D0325,2026-09-25,Urgent,Ignored,No
N01277,D0325,2026-09-25,Shortage,Responded,Yes
N01278,D0325,2026-09-25,Shortage,Ignored,No
N01279,D0325,2025-11-01,Shortage,Responded,Yes
N01280,D0325,2026-02-07,Shortage,Responded,Yes
N01281,D0325,2026-09-25,Shortage,Responded,Yes
N01282,D0326,2026-09-25,Urgent,Responded,Yes
N01283,D0326,2026-09-25,Shortage,Ignored,No
N01284,D0326,2026-09-25,Shortage,Responded,Yes
N01285,D0327,2026-09-25,Urgent,Responded,Yes
N01286,D0327,2026-08-03,Shortage,Ignored,No
N01287,D0327,2026-09-25,Shortage,Ignored,No
N01288,D0327,2026-09-25,Urgent,Responded,Yes
N01289,D0327,2026-09-25,Shortage,Ignored,No
N01290,D0327,2026-09-25,Shortage,Ignored,No
N01291,D0327,2026-06-15,Urgent,Ignored,No
N01292,D0328,2026-06-13,Shortage,Responded,Yes
N01293,D0328,2025-11-26,Shortage,Ignored,No
N01294,D0328,2026-09-25,Shortage,Ignored,No
N01295,D0328,2026-07-10,Shortage,Responded,Yes
N01296,D0328,2026-04-08,Urgent,Ignored,No
N01297,D0328,2026-05-13,Urgent,Ignored,No
N01298,D0328,2026-05-26,Urgent,Ignored,No
N01299,D0329,2026-04-21,Shortage,Ignored,No
N01300,D0330,2026-06-13,Shortage,Ignored,No
N01301,D0330,2026-09-25,Shortage,Responded,Yes
N01302,D0330,2026-09-25,Shortage,Ignored,No
N01303,D0331,2026-09-25,Shortage,Responded,Yes
N01304,D0331,2026-09-25,Shortage,Ignored,No
N01305,D0331,2026-06-13,Shortage,Responded,Yes
N01306,D0331,2026-09-25,Shortage,Responded,Yes
N01307,D0332,2026-06-16,Shortage,Responded,Yes
N01308,D0332,2026-09-25,Urgent,Responded,Yes
N01309,D0332,2026-09-25,Shortage,Ignored,No
N01310,D0332,2026-09-25,Urgent,Responded,Yes
N01311,D0332,2026-09-25,Shortage,Ignored,No
N01312,D0332,2026-09-25,Shortage,Responded,Yes
N01313,D0333,2026-04-12,Shortage,Ignored,No
N01314,D0333,2026-09-25,Shortage,Responded,Yes
N01315,D0333,2026-09-25,Shortage,Ignored,No
N01316,D0333,2026-03-15,Shortage,Responded,Yes
N01317,D0333,2026-09-25,Urgent,Responded,Yes
N01318,D0333,2026-09-25,Shortage,Ignored,No
N01319,D0333,2026-09-25,Shortage,Ignored,No
N01320,D0334,2026-09-25,Shortage,Responded,Yes
N01321,D0335,2026-09-25,Shortage,Responded,Yes
N01322,D0335,2026-09-25,Shortage,Ignored,No
N01323,D0335,2026-09-25,Urgent,Responded,Yes
N01324,D0335,2026-09-25,Shortage,Responded,Yes
N01325,D0336,2026-04-01,Shortage,Ignored,No
N01326,D0337,2026-09-25,Shortage,Responded,Yes
N01327,D0337,2026-07-08,Shortage,Responded,Yes
N01328,D0337,2025-10-06,Shortage,Ignored,No
N01329,D0338,2026-09-25,Urgent,Ignored,No
N01330,D0338,2026-09-25,Shortage,Ignored,No
N01331,D0338,2025-11-24,Urgent,Responded,Yes
N01332,D0338,2026-09-25,Shortage,Responded,Yes
N01333,D0338,2026-09-25,Shortage,Ignored,No
N01334,D0338,2026-09-25,Urgent,Responded,Yes
N01335,D0338,2025-05-11,Shortage,Responded,Yes
N01336,D0339,2026-09-17,Shortage,Ignored,No
N01337,D0339,2026-03-11,Shortage,Responded,Yes
N01338,D0339,2026-09-25,Shortage,Ignored,No
N01339,D0340,2026-09-25,Urgent,Ignored,No
N01340,D0340,2026-03-22,Shortage,Ignored,No
N01341,D0340,2026-09-25,Shortage,Ignored,No
N01342,D0340,2025-12-21,Shortage,Ignored,No
N01343,D0340,2025-11-01,Urgent,Responded,Yes
N01344,D0341,2026-09-25,Urgent,Responded,Yes
N01345,D0341,2026-04-11,Shortage,Responded,Yes
N01346,D0341,2026-09-25,Shortage,Ignored,No
N01347,D0341,2026-09-25,Shortage,Responded,Yes
N01348,D0341,2026-06-30,Shortage,Ignored,No
N01349,D0341,2026-07-07,Urgent,Responded,Yes
N01350,D0342,2026-09-25,Shortage,Ignored,No
N01351,D0342,2026-09-25,Shortage,Responded,Yes
N01352,D0343,2026-04-16,Urgent,Responded,Yes
N01353,D0343,2026-02-23,Shortage,Responded,Yes
N01354,D0343,2026-09-25,Shortage,Responded,Yes
N01355,D0343,2026-09-25,Urgent,Responded,Yes
N01356,D0343,2026-08-28,Shortage,Responded,Yes
N01357,D0344,2026-08-15,Shortage,Responded,Yes
N01358,D0344,2026-09-25,Shortage,Responded,Yes
N01359,D0344,2025-08-26,Shortage,Responded,Yes
N01360,D0345,2026-09-25,Shortage,Responded,Yes
N01361,D0345,2026-05-25,Urgent,Responded,Yes
N01362,D0346,2026-08-12,Shortage,Ignored,No
N01363,D0346,2025-12-12,Shortage,Ignored,No
N01364,D0346,2025-12-11,Shortage,Ignored,No
N01365,D0346,2026-09-25,Shortage,Ignored,No
N01366,D0346,2026-09-25,Shortage,Responded,Yes
N01367,D0346,2026-09-25,Urgent,Responded,Yes
N01368,D0346,2026-04-21,Shortage,Ignored,No
N01369,D0347,2026-08-23,Shortage,Responded,Yes
N01370,D0347,2026-09-24,Shortage,Responded,Yes
N01371,D0347,2026-09-25,Shortage,Ignored,No
N01372,D0347,2026-06-25,Urgent,Ignored,No
N01373,D0347,2026-08-27,Urgent,Ignored,No
N01374,D0347,2025-08-07,Shortage,Ignored,No
N01375,D0347,2025-11-22,Shortage,Ignored,No
N01376,D0348,2026-09-25,Shortage,Ignored,No
N01377,D0348,2026-09-25,Shortage,Ignored,No
N01378,D0348,2026-09-25,Shortage,Ignored,No
N01379,D0348,2026-09-25,Shortage,Responded,Yes
N01380,D0348,2026-02-10,Urgent,Ignored,No
N01381,D0348,2026-09-25,Shortage,Ignored,No
N01382,D0349,2026-09-25,Shortage,Responded,Yes
N01383,D0349,2026-09-25,Urgent,Responded,Yes
N01384,D0349,2026-09-25,Shortage,Ignored,No
N01385,D0350,2026-02-07,Shortage,Responded,Yes
N01386,D0350,2026-09-25,Shortage,Responded,Yes
N01387,D0350,2026-09-18,Shortage,Responded,Yes
N01388,D0350,2026-09-10,Urgent,Responded,Yes
N01389,D0350,2026-09-25,Shortage,Responded,Yes
N01390,D0351,2026-09-25,Shortage,Responded,Yes
N01391,D0351,2026-09-25,Urgent,Ignored,No
N01392,D0351,2026-09-25,Shortage,Ignored,No
N01393,D0351,2026-02-23,Urgent,Ignored,No
N01394,D0352,2026-09-25,Shortage,Responded,Yes
N01395,D0353,2026-09-25,Urgent,Ignored,No
N01396,D0353,2026-09-25,Urgent,Ignored,No
N01397,D0354,2026-09-25,Shortage,Responded,Yes
N01398,D0354,2025-09-14,Urgent,Responded,Yes
N01399,D0354,2026-04-28,Shortage,Ignored,No
N01400,D0354,2026-04-28,Shortage,Responded,Yes
N01401,D0354,2026-08-22,Urgent,Ignored,No
N01402,D0354,2026-09-25,Shortage,Responded,Yes
N01403,D0355,2026-09-25,Urgent,Ignored,No
N01404,D0355,2026-09-25,Shortage,Responded,Yes
N01405,D0355,2026-01-29,Shortage,Responded,Yes
N01406,D0355,2026-09-25,Urgent,Ignored,No
N01407,D0355,2026-09-25,Urgent,Responded,Yes
N01408,D0355,2026-09-25,Urgent,Ignored,No
N01409,D0356,2026-08-05,Urgent,Responded,Yes
N01410,D0356,2026-09-25,Urgent,Responded,Yes
N01411,D0356,2026-09-25,Shortage,Responded,Yes
N01412,D0356,2026-09-25,Shortage,Ignored,No
N01413,D0356,2026-09-25,Shortage,Ignored,No
N01414,D0357,2026-03-31,Shortage,Responded,Yes
N01415,D0357,2026-09-25,Shortage,Responded,Yes
N01416,D0357,2026-09-25,Shortage,Responded,Yes
N01417,D0357,2026-03-16,Shortage,Ignored,No
N01418,D0358,2026-09-25,Shortage,Responded,Yes
N01419,D0358,2026-08-30,Shortage,Responded,Yes
N01420,D0358,2026-09-25,Urgent,Ignored,No
N01421,D0358,2026-05-26,Urgent,Responded,Yes
N01422,D0358,2026-09-25,Shortage,Ignored,No
N01423,D0358,2026-09-25,Shortage,Responded,Yes
N01424,D0359,2026-09-25,Urgent,Responded,Yes
N01425,D0359,2026-09-25,Urgent,Responded,Yes
N01426,D0359,2026-09-25,Shortage,Ignored,No
N01427,D0359,2026-09-25,Shortage,Ignored,No
N01428,D0359,2026-09-25,Urgent,Responded,Yes
N01429,D0360,2026-09-25,Urgent,Responded,Yes
N01430,D0360,2026-09-25,Shortage,Responded,Yes
N01431,D0360,2026-07-12,Shortage,Responded,Yes
N01432,D0361,2026-02-20,Shortage,Ignored,No
N01433,D0361,2026-06-07,Shortage,Ignored,No
N01434,D0361,2026-09-25,Shortage,Responded,Yes
N01435,D0361,2026-08-27,Shortage,Ignored,No
N01436,D0361,2026-09-25,Urgent,Ignored,No
N01437,D0361,2026-05-05,Urgent,Responded,Yes
N01438,D0361,2026-09-25,Shortage,Ignored,No
N01439,D0362,2026-09-25,Shortage,Responded,Yes
N01440,D0362,2026-09-25,Urgent,Ignored,No
N01441,D0362,2026-09-25,Shortage,Ignored,No
N01442,D0363,2026-09-25,Shortage,Responded,Yes
N01443,D0363,2026-09-25,Shortage,Responded,Yes
N01444,D0363,2026-09-25,Shortage,Responded,Yes
N01445,D0363,2026-09-25,Urgent,Responded,Yes
N01446,D0363,2026-01-23,Shortage,Responded,Yes
N01447,D0363,2026-09-25,Shortage,Responded,Yes
N01448,D0363,2026-08-15,Shortage,Responded,Yes
N01449,D0364,2026-05-25,Shortage,Responded,Yes
N01450,D0364,2026-09-25,Urgent,Ignored,No
N01451,D0364,2026-09-12,Shortage,Ignored,No
N01452,D0365,2026-09-25,Urgent,Responded,Yes
N01453,D0365,2026-09-25,Shortage,Responded,Yes
N01454,D0366,2026-09-25,Shortage,Ignored,No
N01455,D0366,2026-09-25,Shortage,Responded,Yes
N01456,D0366,2025-10-09,Shortage,Responded,Yes
N01457,D0367,2026-09-25,Shortage,Ignored,No
N01458,D0367,2026-08-21,Shortage,Responded,Yes
N01459,D0367,2026-09-25,Urgent,Ignored,No
N01460,D0367,2026-05-08,Shortage,Responded,Yes
N01461,D0368,2025-07-03,Shortage,Ignored,No
N01462,D0369,2026-09-25,Shortage,Responded,Yes
N01463,D0369,2026-09-25,Shortage,Ignored,No
N01464,D0369,2026-07-30,Shortage,Ignored,No
N01465,D0369,2026-03-02,Shortage,Responded,Yes
N01466,D0369,2026-04-23,Shortage,Ignored,No
N01467,D0369,2026-09-01,Urgent,Ignored,No
N01468,D0369,2026-07-27,Shortage,Responded,Yes
N01469,D0370,2026-06-25,Shortage,Ignored,No
N01470,D0370,2026-05-22,Shortage,Ignored,No
N01471,D0370,2026-06-14,Shortage,Responded,Yes
N01472,D0371,2026-09-25,Shortage,Responded,Yes
N01473,D0371,2026-04-21,Urgent,Responded,Yes
N01474,D0371,2026-07-12,Shortage,Responded,Yes
N01475,D0371,2026-09-25,Shortage,Ignored,No
N01476,D0371,2026-09-25,Shortage,Responded,Yes
N01477,D0372,2026-09-25,Urgent,Responded,Yes
N01478,D0372,2026-09-25,Urgent,Responded,Yes
N01479,D0372,2026-06-24,Shortage,Ignored,No
N01480,D0372,2026-09-25,Shortage,Responded,Yes
N01481,D0372,2026-09-25,Shortage,Responded,Yes
N01482,D0372,2026-09-25,Shortage,Responded,Yes
N01483,D0372,2026-03-03,Shortage,Responded,Yes
N01484,D0373,2026-09-25,Urgent,Ignored,No
N01485,D0373,2026-09-25,Urgent,Ignored,No
N01486,D0373,2026-09-25,Urgent,Ignored,No
N01487,D0373,2026-09-25,Shortage,Ignored,No
N01488,D0373,2026-09-25,Urgent,Ignored,No
N01489,D0374,2026-09-25,Urgent,Responded,Yes
N01490,D0374,2025-12-23,Shortage,Responded,Yes
N01491,D0374,2025-12-28,Shortage,Responded,Yes
N01492,D0374,2026-09-25,Urgent,Ignored,No
N01493,D0375,2026-09-25,Urgent,Ignored,No
N01494,D0376,2026-09-25,Shortage,Responded,Yes
N01495,D0376,2026-09-25,Urgent,Responded,Yes
N01496,D0376,2026-09-25,Urgent,Responded,Yes
N01497,D0376,2026-09-25,Shortage,Responded,Yes
N01498,D0376,2026-01-15,Urgent,Ignored,No
N01499,D0376,2026-05-19,Urgent,Responded,Yes
N01500,D0377,2026-09-25,Shortage,Responded,Yes
N01501,D0377,2026-09-25,Shortage,Responded,Yes
N01502,D0377,2026-09-25,Urgent,Responded,Yes
N01503,D0378,2026-09-25,Shortage,Ignored,No
N01504,D0378,2026-09-25,Shortage,Ignored,No
N01505,D0378,2026-09-25,Shortage,Ignored,No
N01506,D0378,2026-06-07,Urgent,Ignored,No
N01507,D0378,2026-07-18,Shortage,Ignored,No
N01508,D0378,2026-09-25,Shortage,Ignored,No
N01509,D0379,2026-09-25,Shortage,Ignored,No
N01510,D0380,2026-09-25,Shortage,Ignored,No
N01511,D0380,2026-03-27,Shortage,Ignored,No
N01512,D0380,2026-09-17,Shortage,Responded,Yes
N01513,D0380,2026-03-13,Shortage,Responded,Yes
N01514,D0380,2026-09-25,Shortage,Responded,Yes
N01515,D0380,2026-09-25,Urgent,Ignored,No
N01516,D0380,2026-09-25,Urgent,Ignored,No
N01517,D0381,2026-09-25,Shortage,Ignored,No
N01518,D0382,2026-09-25,Shortage,Ignored,No
N01519,D0382,2026-05-18,Shortage,Ignored,No
N01520,D0382,2026-07-01,Urgent,Ignored,No
N01521,D0382,2026-06-25,Shortage,Responded,Yes
N01522,D0382,2026-05-01,Shortage,Ignored,No
N01523,D0383,2026-08-03,Urgent,Ignored,No
N01524,D0383,2026-04-09,Urgent,Responded,Yes
N01525,D0383,2026-09-25,Urgent,Responded,Yes
N01526,D0383,2026-08-12,Shortage,Responded,Yes
N01527,D0383,2026-09-25,Shortage,Responded,Yes
N01528,D0383,2026-09-25,Shortage,Responded,Yes
N01529,D0383,2026-06-13,Shortage,Ignored,No
N01530,D0384,2026-07-31,Shortage,Responded,Yes
N01531,D0384,2026-09-25,Shortage,Responded,Yes
N01532,D0384,2026-09-25,Urgent,Responded,Yes
N01533,D0384,2026-09-25,Shortage,Responded,Yes
N01534,D0384,2026-09-25,Shortage,Ignored,No
N01535,D0384,2026-09-25,Urgent,Responded,Yes
N01536,D0384,2026-09-22,Shortage,Responded,Yes
N01537,D0385,2026-09-25,Urgent,Responded,Yes
N01538,D0385,2026-09-25,Urgent,Responded,Yes
N01539,D0386,2026-09-25,Shortage,Responded,Yes
N01540,D0386,2026-06-22,Shortage,Responded,Yes
N01541,D0386,2026-05-30,Shortage,Ignored,No
N01542,D0386,2026-08-10,Shortage,Ignored,No
N01543,D0386,2025-12-19,Shortage,Ignored,No
N01544,D0387,2026-08-06,Shortage,Responded,Yes
N01545,D0387,2025-07-23,Shortage,Responded,Yes
N01546,D0387,2026-09-25,Shortage,Ignored,No
N01547,D0387,2026-09-25,Shortage,Responded,Yes
N01548,D0387,2026-09-20,Urgent,Ignored,No
N01549,D0388,2026-07-03,Urgent,Ignored,No
N01550,D0388,2026-09-25,Urgent,Responded,Yes
N01551,D0388,2026-09-25,Urgent,Responded,Yes
N01552,D0389,2026-09-25,Shortage,Ignored,No
N01553,D0389,2025-09-04,Urgent,Responded,Yes
N01554,D0389,2026-02-07,Shortage,Responded,Yes
N01555,D0389,2026-07-29,Shortage,Ignored,No
N01556,D0389,2026-09-25,Shortage,Ignored,No
N01557,D0389,2026-09-25,Shortage,Responded,Yes
N01558,D0389,2026-09-25,Shortage,Ignored,No
N01559,D0390,2026-02-24,Urgent,Responded,Yes
N01560,D0390,2026-09-25,Urgent,Responded,Yes
N01561,D0390,2026-08-26,Urgent,Ignored,No
N01562,D0391,2026-09-25,Shortage,Ignored,No
N01563,D0391,2026-06-27,Urgent,Ignored,No
N01564,D0391,2026-07-27,Shortage,Ignored,No
N01565,D0391,2026-07-05,Urgent,Ignored,No
N01566,D0391,2026-09-25,Shortage,Ignored,No
N01567,D0391,2026-09-25,Urgent,Ignored,No
N01568,D0391,2026-04-21,Shortage,Ignored,No
N01569,D0392,2026-05-24,Shortage,Responded,Yes
N01570,D0392,2025-07-27,Urgent,Responded,Yes
N01571,D0393,2026-08-22,Urgent,Ignored,No
N01572,D0393,2026-09-25,Shortage,Ignored,No
N01573,D0393,2026-09-13,Urgent,Responded,Yes
N01574,D0393,2026-04-17,Shortage,Ignored,No
N01575,D0393,2025-10-29,Shortage,Responded,Yes
N01576,D0393,2026-09-25,Shortage,Ignored,No
N01577,D0394,2026-09-05,Shortage,Ignored,No
N01578,D0394,2026-09-25,Urgent,Responded,Yes
N01579,D0394,2026-09-02,Shortage,Ignored,No
N01580,D0394,2026-08-26,Shortage,Responded,Yes
N01581,D0394,2025-11-13,Shortage,Ignored,No
N01582,D0395,2026-06-30,Urgent,Ignored,No
N01583,D0396,2026-09-25,Shortage,Ignored,No
N01584,D0396,2026-09-25,Urgent,Responded,Yes
N01585,D0397,2026-09-25,Shortage,Responded,Yes
N01586,D0398,2026-05-28,Shortage,Ignored,No
N01587,D0398,2026-09-25,Urgent,Ignored,No
N01588,D0398,2026-09-25,Urgent,Ignored,No
N01589,D0398,2025-08-02,Shortage,Ignored,No
N01590,D0398,2026-09-25,Urgent,Ignored,No
N01591,D0398,2026-09-25,Shortage,Ignored,No
N01592,D0399,2026-09-25,Urgent,Ignored,No
N01593,D0399,2026-09-25,Shortage,Ignored,No
N01594,D0399,2026-09-25,Shortage,Responded,Yes
N01595,D0400,2026-09-25,Shortage,Responded,Yes
N01596,D0400,2026-07-19,Shortage,Ignored,No
N01597,D0400,2026-09-25,Urgent,Ignored,No
N01598,D0400,2025-05-05,Shortage,Responded,Yes
N01599,D0400,2026-09-25,Urgent,Responded,Yes
N01600,D0401,2026-09-25,Shortage,Ignored,No
N01601,D0401,2026-02-27,Urgent,Ignored,No
N01602,D0401,2026-09-25,Shortage,Ignored,No
N01603,D0401,2026-09-25,Shortage,Responded,Yes
N01604,D0401,2026-09-25,Urgent,Responded,Yes
N01605,D0401,2026-09-25,Shortage,Responded,Yes
N01606,D0402,2026-01-21,Shortage,Responded,Yes
N01607,D0403,2026-09-25,Urgent,Responded,Yes
N01608,D0403,2026-06-23,Shortage,Responded,Yes
N01609,D0403,2026-05-26,Shortage,Responded,Yes
N01610,D0403,2026-09-25,Shortage,Ignored,No
N01611,D0403,2026-09-25,Shortage,Responded,Yes
N01612,D0403,2026-08-13,Urgent,Responded,Yes
N01613,D0403,2026-09-25,Shortage,Responded,Yes
N01614,D0404,2026-09-25,Shortage,Responded,Yes
N01615,D0404,2025-07-27,Shortage,Ignored,No
N01616,D0404,2026-09-25,Shortage,Responded,Yes
N01617,D0404,2026-09-25,Shortage,Ignored,No
N01618,D0405,2026-09-25,Shortage,Responded,Yes
N01619,D0405,2026-09-25,Shortage,Responded,Yes
N01620,D0405,2026-02-25,Urgent,Responded,Yes
N01621,D0405,2025-09-20,Shortage,Responded,Yes
N01622,D0405,2026-09-25,Shortage,Responded,Yes
N01623,D0405,2026-09-25,Shortage,Responded,Yes
N01624,D0406,2026-09-25,Urgent,Responded,Yes
N01625,D0406,2026-09-25,Shortage,Ignored,No
N01626,D0407,2026-09-25,Shortage,Responded,Yes
N01627,D0407,2026-09-25,Urgent,Ignored,No
N01628,D0407,2026-09-25,Urgent,Responded,Yes
N01629,D0407,2026-02-08,Shortage,Ignored,No
N01630,D0407,2026-09-25,Shortage,Responded,Yes
N01631,D0408,2026-04-08,Urgent,Ignored,No
N01632,D0408,2026-09-25,Shortage,Ignored,No
N01633,D0408,2026-09-25,Urgent,Ignored,No
N01634,D0408,2026-09-25,Urgent,Ignored,No
N01635,D0408,2026-09-25,Shortage,Ignored,No
N01636,D0408,2025-12-16,Shortage,Ignored,No
N01637,D0409,2026-09-25,Urgent,Responded,Yes
N01638,D0409,2026-09-25,Shortage,Responded,Yes
N01639,D0409,2026-09-25,Shortage,Responded,Yes
N01640,D0409,2026-09-25,Urgent,Ignored,No
N01641,D0409,2025-12-21,Shortage,Responded,Yes
N01642,D0409,2026-02-08,Shortage,Ignored,No
N01643,D0410,2025-12-24,Shortage,Ignored,No
N01644,D0410,2026-09-25,Shortage,Ignored,No
N01645,D0410,2026-09-25,Shortage,Ignored,No
N01646,D0411,2026-06-09,Shortage,Responded,Yes
N01647,D0412,2026-09-25,Urgent,Ignored,No
N01648,D0412,2026-09-25,Urgent,Ignored,No
N01649,D0412,2026-09-25,Shortage,Ignored,No
N01650,D0413,2026-09-25,Shortage,Ignored,No
N01651,D0413,2026-01-28,Urgent,Ignored,No
N01652,D0413,2026-09-01,Shortage,Ignored,No
N01653,D0414,2026-09-25,Shortage,Responded,Yes
N01654,D0414,2026-09-05,Shortage,Ignored,No
N01655,D0414,2026-07-04,Shortage,Responded,Yes
N01656,D0415,2026-09-25,Shortage,Responded,Yes
N01657,D0415,2026-09-25,Shortage,Responded,Yes
N01658,D0415,2026-09-25,Shortage,Ignored,No
N01659,D0415,2026-08-19,Shortage,Responded,Yes
N01660,D0415,2026-08-05,Urgent,Responded,Yes
N01661,D0415,2026-09-25,Urgent,Responded,Yes
N01662,D0415,2026-08-31,Shortage,Responded,Yes
N01663,D0416,2026-04-29,Shortage,Ignored,No
N01664,D0417,2026-09-01,Shortage,Responded,Yes
N01665,D0417,2026-09-25,Urgent,Ignored,No
N01666,D0417,2026-09-25,Shortage,Ignored,No
N01667,D0418,2026-08-31,Urgent,Ignored,No
N01668,D0418,2026-09-25,Shortage,Ignored,No
N01669,D0418,2026-09-25,Urgent,Ignored,No
N01670,D0418,2026-01-31,Urgent,Responded,Yes
N01671,D0418,2026-03-03,Urgent,Ignored,No
N01672,D0418,2026-09-25,Shortage,Responded,Yes
N01673,D0418,2026-09-25,Urgent,Responded,Yes
N01674,D0419,2026-06-05,Urgent,Responded,Yes
N01675,D0419,2026-04-08,Urgent,Ignored,No
N01676,D0419,2026-09-25,Shortage,Ignored,No
N01677,D0419,2026-03-25,Shortage,Responded,Yes
N01678,D0419,2026-09-25,Shortage,Ignored,No
N01679,D0419,2026-02-26,Urgent,Responded,Yes
N01680,D0419,2026-09-25,Urgent,Responded,Yes
N01681,D0420,2026-09-25,Shortage,Responded,Yes
N01682,D0420,2026-08-10,Urgent,Responded,Yes
N01683,D0420,2026-09-25,Shortage,Responded,Yes
N01684,D0420,2026-09-25,Shortage,Responded,Yes
N01685,D0420,2026-05-21,Shortage,Responded,Yes
N01686,D0420,2026-08-02,Shortage,Responded,Yes
N01687,D0421,2026-06-22,Shortage,Responded,Yes
N01688,D0421,2026-08-28,Urgent,Responded,Yes
N01689,D0421,2026-09-25,Urgent,Responded,Yes
N01690,D0422,2026-02-04,Urgent,Responded,Yes
N01691,D0423,2026-08-13,Urgent,Responded,Yes
N01692,D0423,2026-09-25,Urgent,Ignored,No
N01693,D0424,2026-09-25,Shortage,Ignored,No
N01694,D0424,2026-09-25,Shortage,Responded,Yes
N01695,D0424,2026-05-25,Urgent,Ignored,No
N01696,D0424,2026-06-07,Urgent,Ignored,No
N01697,D0424,2026-09-25,Shortage,Responded,Yes
N01698,D0424,2026-09-25,Shortage,Ignored,No
N01699,D0425,2026-08-02,Urgent,Responded,Yes
N01700,D0425,2026-09-25,Urgent,Responded,Yes
N01701,D0425,2026-08-03,Urgent,Responded,Yes
N01702,D0425,2026-09-25,Urgent,Responded,Yes
N01703,D0425,2026-09-25,Shortage,Responded,Yes
N01704,D0425,2026-01-21,Shortage,Responded,Yes
N01705,D0426,2026-01-12,Shortage,Responded,Yes
N01706,D0426,2026-09-25,Shortage,Responded,Yes
N01707,D0426,2025-12-02,Urgent,Responded,Yes
N01708,D0426,2026-09-25,Urgent,Ignored,No
N01709,D0426,2026-09-25,Urgent,Responded,Yes
N01710,D0427,2026-09-25,Urgent,Ignored,No
N01711,D0428,2026-09-25,Shortage,Ignored,No
N01712,D0429,2026-09-25,Urgent,Ignored,No
N01713,D0429,2026-01-23,Urgent,Responded,Yes
N01714,D0429,2026-09-25,Urgent,Ignored,No
N01715,D0430,2026-06-01,Shortage,Ignored,No
N01716,D0431,2025-10-22,Urgent,Responded,Yes
N01717,D0431,2026-06-28,Shortage,Responded,Yes
N01718,D0431,2026-09-25,Shortage,Responded,Yes
N01719,D0431,2026-07-31,Urgent,Ignored,No
N01720,D0431,2026-09-25,Shortage,Ignored,No
N01721,D0432,2026-09-25,Urgent,Responded,Yes
N01722,D0433,2025-09-05,Urgent,Responded,Yes
N01723,D0433,2026-09-25,Shortage,Responded,Yes
N01724,D0433,2026-09-25,Shortage,Ignored,No
N01725,D0434,2026-09-25,Urgent,Responded,Yes
N01726,D0434,2026-07-03,Shortage,Responded,Yes
N01727,D0435,2026-04-25,Shortage,Responded,Yes
N01728,D0435,2026-09-25,Shortage,Responded,Yes
N01729,D0436,2026-09-25,Shortage,Responded,Yes
N01730,D0436,2026-09-25,Urgent,Responded,Yes
N01731,D0436,2026-05-23,Urgent,Responded,Yes
N01732,D0436,2026-03-04,Shortage,Responded,Yes
N01733,D0436,2026-06-28,Urgent,Ignored,No
N01734,D0436,2026-08-27,Urgent,Ignored,No
N01735,D0436,2026-08-02,Urgent,Ignored,No
N01736,D0437,2026-08-21,Urgent,Ignored,No
N01737,D0437,2025-11-27,Shortage,Responded,Yes
N01738,D0437,2026-09-25,Shortage,Ignored,No
N01739,D0437,2026-09-25,Shortage,Responded,Yes
N01740,D0437,2026-09-25,Urgent,Responded,Yes
N01741,D0437,2026-08-26,Shortage,Responded,Yes
N01742,D0438,2025-10-25,Shortage,Responded,Yes
N01743,D0438,2026-05-25,Urgent,Ignored,No
N01744,D0438,2026-09-03,Urgent,Ignored,No
N01745,D0438,2026-09-25,Urgent,Responded,Yes
N01746,D0438,2025-12-13,Urgent,Responded,Yes
N01747,D0438,2026-09-25,Shortage,Ignored,No
N01748,D0438,2026-09-25,Shortage,Responded,Yes
N01749,D0439,2026-09-25,Shortage,Responded,Yes
N01750,D0439,2026-01-17,Shortage,Responded,Yes
N01751,D0439,2026-09-25,Urgent,Ignored,No
N01752,D0439,2025-10-24,Shortage,Ignored,No
N01753,D0439,2025-10-20,Shortage,Ignored,No
N01754,D0440,2026-09-25,Shortage,Ignored,No
N01755,D0441,2026-09-25,Shortage,Ignored,No
N01756,D0441,2026-09-25,Shortage,Responded,Yes
N01757,D0441,2026-01-29,Shortage,Ignored,No
N01758,D0441,2025-12-16,Shortage,Responded,Yes
N01759,D0442,2026-09-25,Shortage,Ignored,No
N01760,D0442,2026-09-25,Shortage,Responded,Yes
N01761,D0442,2026-09-25,Urgent,Ignored,No
N01762,D0442,2026-09-25,Urgent,Ignored,No
N01763,D0443,2026-05-30,Shortage,Ignored,No
N01764,D0443,2026-09-25,Urgent,Responded,Yes
N01765,D0443,2026-06-16,Urgent,Ignored,No
N01766,D0444,2025-07-15,Shortage,Ignored,No
N01767,D0444,2026-09-11,Shortage,Ignored,No
N01768,D0444,2026-03-07,Shortage,Responded,Yes
N01769,D0444,2026-09-25,Shortage,Responded,Yes
N01770,D0445,2026-09-25,Urgent,Responded,Yes
N01771,D0445,2026-09-25,Shortage,Ignored,No
N01772,D0446,2026-06-09,Shortage,Responded,Yes
N01773,D0446,2026-01-08,Shortage,Responded,Yes
N01774,D0447,2025-09-29,Shortage,Responded,Yes
N01775,D0447,2026-04-25,Urgent,Ignored,No
N01776,D0447,2026-09-11,Shortage,Responded,Yes
N01777,D0447,2026-06-11,Urgent,Ignored,No
N01778,D0448,2026-09-25,Shortage,Responded,Yes
N01779,D0449,2026-09-25,Urgent,Ignored,No
N01780,D0450,2026-08-17,Urgent,Responded,Yes
N01781,D0450,2026-01-19,Shortage,Ignored,No
N01782,D0450,2026-02-22,Shortage,Responded,Yes
N01783,D0450,2026-09-25,Shortage,Responded,Yes
N01784,D0450,2026-09-25,Shortage,Ignored,No
N01785,D0451,2026-09-25,Shortage,Responded,Yes
N01786,D0451,2026-06-21,Shortage,Responded,Yes
N01787,D0451,2026-09-25,Urgent,Responded,Yes
N01788,D0451,2026-09-25,Shortage,Responded,Yes
N01789,D0452,2026-09-25,Shortage,Responded,Yes
N01790,D0453,2026-07-21,Shortage,Responded,Yes
N01791,D0454,2026-03-11,Shortage,Ignored,No
N01792,D0454,2026-09-25,Urgent,Responded,Yes
N01793,D0454,2025-07-17,Shortage,Responded,Yes
N01794,D0454,2026-06-23,Shortage,Ignored,No
N01795,D0454,2025-09-20,Shortage,Responded,Yes
N01796,D0454,2026-09-25,Urgent,Ignored,No
N01797,D0454,2026-09-25,Urgent,Responded,Yes
N01798,D0455,2026-09-25,Shortage,Responded,Yes
N01799,D0456,2026-09-25,Shortage,Responded,Yes
N01800,D0456,2026-09-25,Shortage,Ignored,No
N01801,D0456,2025-10-07,Shortage,Responded,Yes
N01802,D0456,2026-09-25,Shortage,Responded,Yes
N01803,D0457,2026-09-25,Shortage,Ignored,No
N01804,D0457,2026-05-18,Shortage,Ignored,No
N01805,D0457,2026-08-11,Shortage,Ignored,No
N01806,D0457,2026-09-25,Urgent,Responded,Yes
N01807,D0457,2026-09-25,Shortage,Ignored,No
N01808,D0457,2026-09-23,Shortage,Responded,Yes
N01809,D0457,2026-06-16,Urgent,Ignored,No
N01810,D0458,2026-09-25,Urgent,Ignored,No
N01811,D0458,2026-09-25,Shortage,Ignored,No
N01812,D0458,2026-02-19,Urgent,Ignored,No
N01813,D0458,2026-09-25,Shortage,Responded,Yes
N01814,D0458,2026-09-25,Shortage,Ignored,No
N01815,D0458,2026-09-25,Shortage,Responded,Yes
N01816,D0458,2026-09-25,Shortage,Ignored,No
N01817,D0459,2026-09-25,Shortage,Responded,Yes
N01818,D0459,2025-07-26,Shortage,Responded,Yes
N01819,D0459,2026-09-25,Urgent,Responded,Yes
N01820,D0459,2026-09-25,Shortage,Ignored,No
N01821,D0459,2026-09-15,Shortage,Ignored,No
N01822,D0460,2026-07-29,Shortage,Ignored,No
N01823,D0460,2026-09-25,Shortage,Responded,Yes
N01824,D0461,2026-09-25,Shortage,Ignored,No
N01825,D0461,2026-06-24,Urgent,Responded,Yes
N01826,D0461,2026-08-30,Shortage,Ignored,No
N01827,D0461,2025-06-10,Shortage,Ignored,No
N01828,D0462,2026-09-25,Urgent,Ignored,No
N01829,D0462,2026-09-25,Shortage,Ignored,No
N01830,D0462,2026-09-25,Shortage,Responded,Yes
N01831,D0462,2025-05-03,Shortage,Ignored,No
N01832,D0462,2025-06-12,Shortage,Ignored,No
N01833,D0462,2026-09-25,Shortage,Responded,Yes
N01834,D0463,2026-09-25,Shortage,Responded,Yes
N01835,D0463,2026-08-08,Shortage,Responded,Yes
N01836,D0463,2026-09-25,Shortage,Ignored,No
N01837,D0463,2026-09-25,Shortage,Responded,Yes
N01838,D0464,2025-06-05,Urgent,Ignored,No
N01839,D0464,2025-07-16,Shortage,Responded,Yes
N01840,D0464,2026-05-26,Urgent,Ignored,No
N01841,D0464,2026-09-25,Urgent,Responded,Yes
N01842,D0464,2026-06-12,Shortage,Responded,Yes
N01843,D0464,2026-09-25,Urgent,Ignored,No
N01844,D0464,2026-09-01,Shortage,Responded,Yes
N01845,D0465,2026-09-25,Shortage,Ignored,No
N01846,D0465,2026-09-25,Shortage,Ignored,No
N01847,D0466,2026-09-25,Shortage,Responded,Yes
N01848,D0466,2026-09-25,Shortage,Responded,Yes
N01849,D0466,2026-05-30,Urgent,Responded,Yes
N01850,D0467,2026-07-18,Shortage,Responded,Yes
N01851,D0467,2026-09-25,Shortage,Ignored,No
N01852,D0467,2026-09-25,Shortage,Ignored,No
N01853,D0467,2026-09-25,Shortage,Responded,Yes
N01854,D0468,2026-09-25,Urgent,Responded,Yes
N01855,D0468,2026-09-25,Urgent,Ignored,No
N01856,D0468,2026-09-25,Shortage,Responded,Yes
N01857,D0468,2026-09-25,Shortage,Ignored,No
N01858,D0468,2026-01-22,Shortage,Responded,Yes
N01859,D0469,2026-09-25,Urgent,Ignored,No
N01860,D0470,2026-09-25,Shortage,Ignored,No
N01861,D0470,2026-09-25,Shortage,Responded,Yes
N01862,D0471,2026-09-25,Urgent,Responded,Yes
N01863,D0471,2026-04-04,Shortage,Responded,Yes
N01864,D0471,2026-09-25,Shortage,Ignored,No
N01865,D0471,2025-08-22,Shortage,Ignored,No
N01866,D0471,2026-08-30,Shortage,Responded,Yes
N01867,D0471,2026-09-25,Urgent,Ignored,No
N01868,D0471,2026-09-25,Shortage,Responded,Yes
N01869,D0472,2026-09-25,Shortage,Ignored,No
N01870,D0472,2026-09-25,Shortage,Responded,Yes
N01871,D0472,2026-09-25,Shortage,Responded,Yes
N01872,D0472,2025-11-22,Shortage,Responded,Yes
N01873,D0472,2026-02-07,Urgent,Responded,Yes
N01874,D0473,2026-02-18,Urgent,Ignored,No
N01875,D0473,2026-09-25,Shortage,Ignored,No
N01876,D0474,2026-09-25,Urgent,Responded,Yes
N01877,D0475,2026-09-07,Urgent,Responded,Yes
N01878,D0475,2026-09-25,Urgent,Responded,Yes
N01879,D0476,2026-09-25,Shortage,Responded,Yes
N01880,D0476,2026-08-25,Shortage,Responded,Yes
N01881,D0476,2026-09-25,Shortage,Responded,Yes
N01882,D0476,2026-09-25,Shortage,Responded,Yes
N01883,D0476,2026-09-25,Urgent,Responded,Yes
N01884,D0476,2026-09-05,Shortage,Responded,Yes
N01885,D0477,2026-09-25,Shortage,Ignored,No
N01886,D0477,2026-09-25,Urgent,Ignored,No
N01887,D0477,2026-09-25,Shortage,Responded,Yes
N01888,D0478,2026-09-25,Shortage,Responded,Yes
N01889,D0478,2026-09-25,Urgent,Responded,Yes
N01890,D0478,2026-07-19,Shortage,Ignored,No
N01891,D0478,2026-09-25,Urgent,Ignored,No
N01892,D0479,2026-09-25,Shortage,Ignored,No
N01893,D0479,2026-02-14,Shortage,Responded,Yes
N01894,D0479,2026-09-25,Shortage,Ignored,No
N01895,D0479,2026-09-25,Shortage,Responded,Yes
N01896,D0479,2026-09-25,Shortage,Ignored,No
N01897,D0479,2026-09-25,Shortage,Ignored,No
N01898,D0480,2026-09-25,Urgent,Ignored,No
N01899,D0480,2026-09-09,Shortage,Responded,Yes
N01900,D0480,2026-09-25,Shortage,Ignored,No
N01901,D0480,2026-03-14,Urgent,Ignored,No
N01902,D0481,2026-09-25,Urgent,Ignored,No
N01903,D0481,2026-04-21,Shortage,Ignored,No
N01904,D0481,2026-09-25,Shortage,Responded,Yes
N01905,D0481,2026-03-28,Urgent,Ignored,No
N01906,D0481,2026-09-25,Shortage,Responded,Yes
N01907,D0481,2026-07-29,Shortage,Responded,Yes
N01908,D0481,2026-01-22,Shortage,Ignored,No
N01909,D0482,2026-09-25,Urgent,Responded,Yes
N01910,D0482,2026-08-28,Shortage,Ignored,No
N01911,D0482,2026-04-25,Shortage,Responded,Yes
N01912,D0482,2026-09-25,Urgent,Ignored,No
N01913,D0482,2026-09-25,Shortage,Ignored,No
N01914,D0483,2026-09-25,Shortage,Ignored,No
N01915,D0483,2026-09-25,Urgent,Responded,Yes
N01916,D0483,2026-09-25,Shortage,Responded,Yes
N01917,D0483,2026-05-03,Shortage,Ignored,No
N01918,D0484,2025-08-23,Shortage,Responded,Yes
N01919,D0484,2026-09-25,Urgent,Responded,Yes
N01920,D0484,2026-04-25,Urgent,Responded,Yes
N01921,D0485,2026-09-25,Shortage,Responded,Yes
N01922,D0485,2026-09-25,Shortage,Responded,Yes
N01923,D0486,2026-09-25,Urgent,Ignored,No
N01924,D0486,2026-06-16,Shortage,Responded,Yes
N01925,D0486,2026-09-25,Urgent,Responded,Yes
N01926,D0486,2026-09-25,Shortage,Responded,Yes
N01927,D0486,2026-09-25,Shortage,Ignored,No
N01928,D0487,2026-09-25,Shortage,Responded,Yes
N01929,D0487,2026-09-25,Shortage,Ignored,No
N01930,D0487,2026-09-25,Urgent,Ignored,No
N01931,D0487,2026-06-08,Shortage,Ignored,No
N01932,D0487,2026-05-26,Urgent,Ignored,No
N01933,D0488,2026-09-25,Shortage,Responded,Yes
N01934,D0488,2025-05-16,Shortage,Responded,Yes
N01935,D0488,2026-09-25,Urgent,Ignored,No
N01936,D0488,2026-09-25,Shortage,Responded,Yes
N01937,D0488,2026-09-25,Shortage,Ignored,No
N01938,D0488,2026-09-25,Urgent,Responded,Yes
N01939,D0488,2026-09-14,Urgent,Responded,Yes
N01940,D0489,2026-06-21,Urgent,Responded,Yes
N01941,D0489,2026-09-25,Shortage,Ignored,No
N01942,D0490,2026-09-05,Urgent,Ignored,No
N01943,D0490,2026-09-25,Shortage,Ignored,No
N01944,D0490,2025-12-25,Urgent,Ignored,No
N01945,D0490,2026-09-25,Shortage,Responded,Yes
N01946,D0490,2026-09-25,Shortage,Ignored,No
N01947,D0490,2026-09-25,Urgent,Ignored,No
N01948,D0491,2026-09-25,Shortage,Ignored,No
N01949,D0491,2025-11-04,Urgent,Ignored,No
N01950,D0491,2026-09-25,Urgent,Responded,Yes
N01951,D0491,2026-09-02,Urgent,Responded,Yes
N01952,D0491,2025-12-03,Shortage,Ignored,No
N01953,D0491,2025-11-22,Shortage,Responded,Yes
N01954,D0491,2026-07-12,Shortage,Responded,Yes
N01955,D0492,2025-12-02,Shortage,Responded,Yes
N01956,D0492,2026-09-15,Shortage,Responded,Yes
N01957,D0492,2026-09-25,Shortage,Responded,Yes
N01958,D0492,2025-09-25,Shortage,Ignored,No
N01959,D0492,2026-09-25,Urgent,Ignored,No
N01960,D0492,2026-03-16,Shortage,Responded,Yes
N01961,D0493,2026-09-10,Shortage,Responded,Yes
N01962,D0493,2026-09-25,Shortage,Responded,Yes
N01963,D0493,2026-04-28,Urgent,Responded,Yes
N01964,D0493,2026-09-25,Shortage,Responded,Yes
N01965,D0493,2026-09-25,Shortage,Responded,Yes
N01966,D0494,2026-03-29,Shortage,Ignored,No
N01967,D0494,2026-09-25,Shortage,Ignored,No
N01968,D0495,2026-09-25,Urgent,Responded,Yes
N01969,D0495,2026-09-25,Shortage,Ignored,No
N01970,D0495,2026-09-25,Shortage,Responded,Yes
N01971,D0495,2026-09-25,Shortage,Responded,Yes
N01972,D0495,2026-05-12,Shortage,Responded,Yes
N01973,D0495,2026-09-25,Urgent,Responded,Yes
N01974,D0496,2026-09-25,Shortage,Ignored,No
N01975,D0496,2026-02-15,Shortage,Responded,Yes
N01976,D0496,2026-07-12,Shortage,Ignored,No
N01977,D0496,2026-09-25,Urgent,Responded,Yes
N01978,D0497,2026-09-25,Shortage,Responded,Yes
N01979,D0498,2026-09-25,Shortage,Responded,Yes
N01980,D0498,2026-09-25,Shortage,Responded,Yes
N01981,D0499,2026-09-25,Urgent,Responded,Yes
N01982,D0499,2026-09-25,Shortage,Responded,Yes
N01983,D0499,2025-10-23,Shortage,Responded,Yes
N01984,D0500,2026-07-09,Shortage,Ignored,No
N01985,D0500,2025-11-22,Shortage,Ignored,No
N01986,D0500,2026-08-18,Shortage,Responded,Yes
N01987,D0500,2026-07-02,Shortage,Ignored,No
N01988,D0501,2026-03-09,Urgent,Ignored,No
N01989,D0501,2026-09-25,Shortage,Ignored,No
N01990,D0502,2026-09-25,Urgent,Responded,Yes
N01991,D0502,2026-09-25,Urgent,Responded,Yes
N01992,D0502,2025-11-24,Urgent,Responded,Yes
N01993,D0502,2026-05-09,Shortage,Responded,Yes
N01994,D0502,2026-09-25,Urgent,Ignored,No
N01995,D0502,2026-09-25,Shortage,Responded,Yes
N01996,D0502,2026-09-25,Urgent,Responded,Yes
N01997,D0503,2026-02-23,Urgent,Responded,Yes
N01998,D0503,2026-09-25,Shortage,Responded,Yes
N01999,D0503,2026-09-25,Shortage,Ignored,No
N02000,D0503,2026-09-01,Shortage,Responded,Yes
N02001,D0504,2026-09-25,Shortage,Ignored,No
N02002,D0504,2026-01-06,Shortage,Responded,Yes
N02003,D0504,2026-02-14,Shortage,Responded,Yes
N02004,D0505,2026-01-07,Urgent,Responded,Yes
N02005,D0505,2026-09-25,Shortage,Responded,Yes
N02006,D0505,2026-09-25,Shortage,Ignored,No
N02007,D0505,2026-09-25,Shortage,Responded,Yes
N02008,D0505,2026-07-25,Shortage,Ignored,No
N02009,D0506,2026-09-25,Urgent,Responded,Yes
N02010,D0506,2026-09-25,Shortage,Responded,Yes
N02011,D0506,2026-09-24,Urgent,Ignored,No
N02012,D0506,2026-07-13,Shortage,Ignored,No
N02013,D0506,2026-09-25,Shortage,Responded,Yes
N02014,D0506,2026-09-25,Urgent,Responded,Yes
N02015,D0506,2026-03-18,Shortage,Ignored,No
N02016,D0507,2026-09-25,Shortage,Responded,Yes
N02017,D0507,2026-04-01,Shortage,Responded,Yes
N02018,D0507,2026-09-25,Urgent,Responded,Yes
N02019,D0507,2025-11-10,Shortage,Responded,Yes
N02020,D0507,2026-09-25,Urgent,Responded,Yes
N02021,D0507,2025-10-12,Shortage,Ignored,No
N02022,D0508,2026-09-25,Shortage,Ignored,No
N02023,D0508,2026-06-10,Shortage,Ignored,No
N02024,D0509,2026-05-14,Urgent,Responded,Yes
N02025,D0510,2026-09-25,Shortage,Responded,Yes
N02026,D0510,2026-02-28,Shortage,Responded,Yes
N02027,D0510,2026-09-25,Shortage,Responded,Yes
N02028,D0510,2026-09-25,Urgent,Ignored,No
N02029,D0510,2025-05-17,Urgent,Responded,Yes
N02030,D0511,2026-07-03,Shortage,Ignored,No
N02031,D0511,2026-02-13,Shortage,Responded,Yes
N02032,D0511,2026-03-01,Urgent,Ignored,No
N02033,D0511,2026-08-22,Shortage,Ignored,No
N02034,D0512,2026-09-25,Shortage,Responded,Yes
N02035,D0512,2026-09-25,Shortage,Ignored,No
N02036,D0513,2026-09-25,Shortage,Responded,Yes
N02037,D0514,2026-09-25,Shortage,Responded,Yes
N02038,D0514,2025-12-07,Shortage,Responded,Yes
N02039,D0515,2026-09-25,Shortage,Ignored,No
N02040,D0516,2026-09-25,Urgent,Responded,Yes
N02041,D0517,2026-09-25,Shortage,Responded,Yes
N02042,D0517,2026-09-25,Shortage,Responded,Yes
N02043,D0517,2025-06-14,Shortage,Ignored,No
N02044,D0517,2026-09-25,Shortage,Responded,Yes
N02045,D0517,2026-09-19,Urgent,Ignored,No
N02046,D0517,2026-01-01,Urgent,Ignored,No
N02047,D0518,2026-09-25,Urgent,Responded,Yes
N02048,D0518,2026-09-25,Urgent,Ignored,No
N02049,D0518,2026-07-03,Urgent,Responded,Yes
N02050,D0519,2026-06-06,Shortage,Responded,Yes
N02051,D0519,2026-09-25,Urgent,Responded,Yes
N02052,D0519,2026-09-25,Urgent,Responded,Yes
N02053,D0520,2026-04-15,Shortage,Ignored,No
N02054,D0520,2026-09-25,Shortage,Responded,Yes
N02055,D0520,2026-08-28,Shortage,Ignored,No
N02056,D0520,2026-08-10,Shortage,Ignored,No
N02057,D0520,2026-09-25,Urgent,Responded,Yes
N02058,D0521,2026-01-04,Shortage,Responded,Yes
N02059,D0521,2026-09-22,Urgent,Responded,Yes
N02060,D0521,2026-09-25,Urgent,Responded,Yes
N02061,D0522,2026-09-25,Shortage,Ignored,No
N02062,D0522,2026-09-25,Shortage,Responded,Yes
N02063,D0522,2025-11-05,Urgent,Responded,Yes
N02064,D0522,2025-11-11,Shortage,Responded,Yes
N02065,D0523,2026-08-31,Shortage,Responded,Yes
N02066,D0523,2026-09-25,Shortage,Responded,Yes
N02067,D0523,2026-09-25,Urgent,Responded,Yes
N02068,D0523,2026-07-16,Shortage,Responded,Yes
N02069,D0523,2025-09-03,Urgent,Ignored,No
N02070,D0524,2026-09-25,Shortage,Responded,Yes
N02071,D0525,2026-06-20,Shortage,Responded,Yes
N02072,D0525,2026-09-25,Shortage,Responded,Yes
N02073,D0525,2026-01-01,Shortage,Responded,Yes
N02074,D0526,2026-09-25,Shortage,Responded,Yes
N02075,D0526,2026-09-25,Shortage,Responded,Yes
N02076,D0526,2026-09-25,Shortage,Ignored,No
N02077,D0527,2026-09-25,Shortage,Ignored,No
N02078,D0527,2026-09-25,Urgent,Responded,Yes
N02079,D0527,2026-09-25,Shortage,Ignored,No
N02080,D0527,2026-09-25,Shortage,Ignored,No
N02081,D0528,2026-08-05,Urgent,Responded,Yes
N02082,D0529,2026-09-25,Urgent,Responded,Yes
N02083,D0529,2025-11-06,Shortage,Ignored,No
N02084,D0529,2026-03-24,Urgent,Responded,Yes
N02085,D0529,2026-09-25,Shortage,Responded,Yes
N02086,D0529,2026-09-25,Shortage,Ignored,No
N02087,D0530,2026-09-25,Shortage,Ignored,No
N02088,D0530,2026-06-10,Shortage,Responded,Yes
N02089,D0530,2026-09-25,Urgent,Responded,Yes
N02090,D0530,2026-08-27,Urgent,Responded,Yes
N02091,D0531,2026-01-25,Urgent,Ignored,No
N02092,D0531,2026-02-26,Shortage,Ignored,No
N02093,D0531,2025-12-24,Shortage,Responded,Yes
N02094,D0531,2026-09-25,Shortage,Responded,Yes
N02095,D0531,2026-09-25,Shortage,Ignored,No
N02096,D0531,2026-09-25,Shortage,Responded,Yes
N02097,D0532,2026-07-27,Shortage,Ignored,No
N02098,D0532,2026-09-25,Urgent,Responded,Yes
N02099,D0532,2025-11-05,Urgent,Responded,Yes
N02100,D0532,2026-09-25,Shortage,Ignored,No
N02101,D0533,2025-08-09,Urgent,Responded,Yes
N02102,D0534,2026-09-25,Shortage,Ignored,No
N02103,D0534,2026-09-13,Shortage,Responded,Yes
N02104,D0534,2026-09-25,Urgent,Ignored,No
N02105,D0535,2026-09-25,Urgent,Ignored,No
N02106,D0535,2026-09-25,Shortage,Ignored,No
N02107,D0535,2026-09-25,Urgent,Ignored,No
N02108,D0535,2026-06-05,Shortage,Ignored,No
N02109,D0535,2026-09-25,Shortage,Responded,Yes
N02110,D0535,2026-09-25,Shortage,Ignored,No
N02111,D0536,2026-09-25,Urgent,Ignored,No
N02112,D0536,2026-09-12,Shortage,Ignored,No
N02113,D0537,2026-09-25,Shortage,Ignored,No
N02114,D0537,2025-12-04,Shortage,Responded,Yes
N02115,D0537,2026-02-15,Shortage,Responded,Yes
N02116,D0537,2026-09-25,Shortage,Responded,Yes
N02117,D0537,2026-09-25,Urgent,Ignored,No
N02118,D0537,2026-09-25,Shortage,Responded,Yes
N02119,D0538,2026-09-25,Shortage,Ignored,No
N02120,D0538,2026-09-25,Shortage,Ignored,No
N02121,D0538,2026-09-25,Shortage,Ignored,No
N02122,D0538,2026-09-25,Shortage,Ignored,No
N02123,D0538,2026-09-25,Shortage,Responded,Yes
N02124,D0539,2026-09-25,Shortage,Responded,Yes
N02125,D0539,2026-01-25,Urgent,Responded,Yes
N02126,D0539,2026-09-25,Shortage,Responded,Yes
N02127,D0539,2025-10-17,Urgent,Responded,Yes
N02128,D0539,2026-09-25,Shortage,Responded,Yes
N02129,D0539,2026-09-25,Shortage,Responded,Yes
N02130,D0539,2026-09-25,Urgent,Responded,Yes
N02131,D0540,2026-05-29,Shortage,Responded,Yes
N02132,D0541,2026-02-12,Shortage,Responded,Yes
N02133,D0542,2026-09-25,Shortage,Ignored,No
N02134,D0543,2026-09-25,Shortage,Ignored,No
N02135,D0543,2026-03-27,Shortage,Responded,Yes
N02136,D0543,2025-12-30,Urgent,Ignored,No
N02137,D0543,2026-08-11,Urgent,Ignored,No
N02138,D0543,2026-09-25,Shortage,Ignored,No
N02139,D0543,2026-09-25,Urgent,Ignored,No
N02140,D0544,2026-09-25,Shortage,Ignored,No
N02141,D0544,2026-09-25,Urgent,Responded,Yes
N02142,D0544,2026-02-21,Shortage,Ignored,No
N02143,D0544,2026-04-13,Urgent,Ignored,No
N02144,D0544,2026-09-25,Shortage,Responded,Yes
N02145,D0545,2026-09-25,Urgent,Ignored,No
N02146,D0545,2026-09-25,Urgent,Ignored,No
N02147,D0545,2026-03-31,Urgent,Responded,Yes
N02148,D0545,2026-09-25,Urgent,Responded,Yes
N02149,D0545,2026-09-25,Shortage,Ignored,No
N02150,D0546,2026-09-25,Shortage,Responded,Yes
N02151,D0546,2026-02-27,Shortage,Responded,Yes
N02152,D0546,2026-02-10,Shortage,Responded,Yes
N02153,D0546,2026-09-25,Shortage,Ignored,No
N02154,D0546,2026-09-25,Shortage,Responded,Yes
N02155,D0546,2026-09-25,Shortage,Responded,Yes
N02156,D0547,2025-10-15,Shortage,Responded,Yes
N02157,D0547,2026-02-16,Urgent,Ignored,No
N02158,D0547,2026-05-08,Shortage,Responded,Yes
N02159,D0547,2026-09-25,Shortage,Ignored,No
N02160,D0548,2026-09-25,Shortage,Responded,Yes
N02161,D0548,2026-09-25,Urgent,Responded,Yes
N02162,D0549,2026-09-25,Urgent,Responded,Yes
N02163,D0549,2026-09-25,Shortage,Ignored,No
N02164,D0549,2026-09-25,Shortage,Responded,Yes
N02165,D0549,2026-09-25,Urgent,Responded,Yes
N02166,D0549,2026-05-27,Shortage,Ignored,No
N02167,D0550,2026-09-25,Shortage,Ignored,No
N02168,D0550,2026-09-25,Shortage,Responded,Yes
N02169,D0550,2026-07-16,Urgent,Ignored,No
N02170,D0550,2026-06-17,Shortage,Responded,Yes
N02171,D0550,2026-09-25,Shortage,Ignored,No
N02172,D0551,2026-09-25,Shortage,Responded,Yes
N02173,D0551,2026-09-25,Shortage,Ignored,No
N02174,D0551,2026-09-25,Shortage,Responded,Yes
N02175,D0552,2026-09-25,Shortage,Responded,Yes
N02176,D0552,2026-09-25,Shortage,Responded,Yes
N02177,D0552,2026-09-25,Shortage,Responded,Yes
N02178,D0552,2026-09-25,Shortage,Responded,Yes
N02179,D0552,2026-09-25,Shortage,Ignored,No
N02180,D0552,2025-11-12,Shortage,Responded,Yes
N02181,D0552,2026-09-25,Shortage,Responded,Yes
N02182,D0553,2025-07-28,Urgent,Ignored,No
N02183,D0553,2026-09-25,Urgent,Responded,Yes
N02184,D0553,2025-11-28,Shortage,Responded,Yes
N02185,D0553,2026-09-25,Urgent,Ignored,No
N02186,D0553,2026-09-25,Shortage,Responded,Yes
N02187,D0553,2026-09-25,Shortage,Responded,Yes
N02188,D0554,2026-09-25,Shortage,Responded,Yes
N02189,D0554,2025-11-24,Shortage,Responded,Yes
N02190,D0554,2025-07-22,Shortage,Responded,Yes
N02191,D0554,2026-09-25,Shortage,Responded,Yes
N02192,D0554,2026-09-25,Shortage,Responded,Yes
N02193,D0554,2026-09-25,Urgent,Responded,Yes
N02194,D0555,2026-08-27,Shortage,Ignored,No
N02195,D0556,2025-11-24,Shortage,Ignored,No
N02196,D0556,2025-09-19,Shortage,Ignored,No
N02197,D0557,2026-09-25,Urgent,Responded,Yes
N02198,D0557,2026-09-25,Urgent,Responded,Yes
N02199,D0557,2026-06-16,Shortage,Ignored,No
N02200,D0557,2026-09-25,Urgent,Ignored,No
N02201,D0558,2025-12-09,Urgent,Responded,Yes
N02202,D0558,2026-09-25,Shortage,Ignored,No
N02203,D0558,2026-09-25,Urgent,Responded,Yes
N02204,D0558,2026-08-12,Shortage,Responded,Yes
N02205,D0559,2026-09-25,Shortage,Responded,Yes
N02206,D0559,2026-09-25,Shortage,Responded,Yes
N02207,D0559,2026-09-25,Shortage,Ignored,No
N02208,D0559,2026-04-22,Shortage,Responded,Yes
N02209,D0559,2026-08-25,Shortage,Responded,Yes
N02210,D0559,2026-09-25,Urgent,Responded,Yes
N02211,D0560,2026-09-25,Shortage,Ignored,No
N02212,D0561,2026-09-25,Shortage,Ignored,No
N02213,D0561,2025-10-02,Shortage,Ignored,No
N02214,D0561,2026-09-25,Shortage,Responded,Yes
N02215,D0561,2026-09-25,Shortage,Responded,Yes
N02216,D0561,2026-09-25,Shortage,Ignored,No
N02217,D0561,2026-04-04,Shortage,Ignored,No
N02218,D0562,2026-09-25,Shortage,Responded,Yes
N02219,D0562,2026-09-25,Shortage,Ignored,No
N02220,D0563,2026-09-25,Shortage,Ignored,No
N02221,D0563,2026-09-25,Urgent,Ignored,No
N02222,D0564,2026-09-25,Shortage,Responded,Yes
N02223,D0564,2026-07-05,Shortage,Ignored,No
N02224,D0564,2026-09-24,Shortage,Responded,Yes
N02225,D0564,2026-09-25,Shortage,Responded,Yes
N02226,D0564,2026-09-25,Shortage,Responded,Yes
N02227,D0564,2026-03-31,Urgent,Ignored,No
N02228,D0565,2026-09-25,Urgent,Ignored,No
N02229,D0566,2026-09-25,Shortage,Responded,Yes
N02230,D0567,2026-06-10,Shortage,Responded,Yes
N02231,D0567,2026-09-25,Urgent,Ignored,No
N02232,D0567,2026-09-25,Shortage,Ignored,No
N02233,D0567,2026-04-15,Urgent,Responded,Yes
N02234,D0567,2026-09-16,Shortage,Ignored,No
N02235,D0568,2026-05-16,Shortage,Ignored,No
N02236,D0568,2026-09-25,Shortage,Responded,Yes
N02237,D0568,2026-03-13,Urgent,Ignored,No
N02238,D0568,2026-05-17,Urgent,Responded,Yes
N02239,D0568,2026-02-12,Shortage,Responded,Yes
N02240,D0568,2026-09-25,Shortage,Ignored,No
N02241,D0569,2026-09-25,Shortage,Ignored,No
N02242,D0569,2026-03-11,Shortage,Ignored,No
N02243,D0569,2026-09-19,Shortage,Ignored,No
N02244,D0569,2026-09-25,Shortage,Responded,Yes
N02245,D0569,2026-09-25,Shortage,Ignored,No
N02246,D0569,2026-07-14,Shortage,Responded,Yes
N02247,D0570,2025-10-18,Shortage,Responded,Yes
N02248,D0571,2026-09-25,Shortage,Responded,Yes
N02249,D0571,2026-05-02,Shortage,Ignored,No
N02250,D0571,2026-09-04,Shortage,Responded,Yes
N02251,D0572,2025-11-02,Shortage,Responded,Yes
N02252,D0572,2026-09-25,Shortage,Responded,Yes
N02253,D0572,2025-10-09,Shortage,Responded,Yes
N02254,D0572,2025-09-21,Shortage,Ignored,No
N02255,D0573,2026-03-14,Urgent,Ignored,No
N02256,D0573,2026-07-01,Shortage,Ignored,No
N02257,D0573,2026-09-25,Shortage,Responded,Yes
N02258,D0573,2025-12-21,Shortage,Ignored,No
N02259,D0574,2026-08-08,Shortage,Responded,Yes
N02260,D0575,2026-05-28,Shortage,Responded,Yes
N02261,D0575,2026-07-28,Shortage,Ignored,No
N02262,D0575,2026-09-25,Urgent,Ignored,No
N02263,D0575,2026-09-21,Urgent,Ignored,No
N02264,D0575,2026-09-25,Shortage,Ignored,No
N02265,D0575,2026-09-25,Shortage,Responded,Yes
N02266,D0575,2026-09-25,Urgent,Ignored,No
N02267,D0576,2025-08-14,Shortage,Ignored,No
N02268,D0576,2026-04-06,Urgent,Ignored,No
N02269,D0576,2026-09-25,Shortage,Ignored,No
N02270,D0576,2026-09-25,Shortage,Responded,Yes
N02271,D0576,2026-02-27,Urgent,Ignored,No
N02272,D0576,2025-06-02,Shortage,Responded,Yes
N02273,D0576,2026-09-25,Shortage,Responded,Yes
N02274,D0577,2026-09-25,Urgent,Responded,Yes
N02275,D0578,2026-02-12,Shortage,Responded,Yes
N02276,D0578,2026-05-20,Shortage,Ignored,No
N02277,D0578,2026-09-25,Shortage,Responded,Yes
N02278,D0578,2026-07-28,Shortage,Ignored,No
N02279,D0578,2026-09-25,Urgent,Ignored,No
N02280,D0578,2026-09-25,Shortage,Ignored,No
N02281,D0579,2026-02-05,Shortage,Responded,Yes
N02282,D0579,2026-09-25,Shortage,Ignored,No
N02283,D0580,2025-08-06,Shortage,Ignored,No
N02284,D0580,2026-09-25,Shortage,Ignored,No
N02285,D0580,2026-09-25,Shortage,Responded,Yes
N02286,D0580,2026-09-25,Shortage,Ignored,No
N02287,D0580,2026-09-25,Shortage,Responded,Yes
N02288,D0580,2026-09-25,Urgent,Ignored,No
N02289,D0580,2026-01-09,Shortage,Ignored,No
N02290,D0581,2026-03-19,Shortage,Ignored,No
N02291,D0581,2026-09-25,Urgent,Responded,Yes
N02292,D0581,2026-07-14,Urgent,Responded,Yes
N02293,D0581,2026-02-21,Shortage,Ignored,No
N02294,D0581,2026-06-23,Shortage,Ignored,No
N02295,D0581,2026-05-21,Shortage,Ignored,No
N02296,D0581,2026-07-25,Shortage,Responded,Yes
N02297,D0582,2026-09-25,Shortage,Responded,Yes
N02298,D0582,2026-06-16,Shortage,Ignored,No
N02299,D0582,2026-09-25,Shortage,Responded,Yes
N02300,D0582,2026-09-25,Shortage,Responded,Yes
N02301,D0583,2025-09-21,Urgent,Responded,Yes
N02302,D0583,2026-09-25,Shortage,Ignored,No
N02303,D0583,2026-06-23,Shortage,Responded,Yes
N02304,D0583,2026-09-25,Urgent,Responded,Yes
N02305,D0584,2026-01-10,Urgent,Ignored,No
N02306,D0584,2026-09-25,Shortage,Responded,Yes
N02307,D0584,2026-09-25,Shortage,Ignored,No
N02308,D0584,2026-09-25,Urgent,Responded,Yes
N02309,D0584,2026-09-16,Shortage,Responded,Yes
N02310,D0584,2026-01-29,Shortage,Ignored,No
N02311,D0584,2026-09-25,Urgent,Responded,Yes
N02312,D0585,2026-09-25,Shortage,Responded,Yes
N02313,D0585,2026-09-25,Shortage,Responded,Yes
N02314,D0585,2026-06-24,Urgent,Responded,Yes
N02315,D0586,2026-09-25,Shortage,Responded,Yes
N02316,D0586,2026-09-16,Urgent,Responded,Yes
N02317,D0586,2026-06-08,Shortage,Responded,Yes
N02318,D0587,2026-09-25,Shortage,Ignored,No
N02319,D0588,2026-09-25,Shortage,Ignored,No
N02320,D0588,2025-05-04,Shortage,Responded,Yes
N02321,D0589,2026-09-25,Urgent,Ignored,No
N02322,D0589,2025-12-24,Urgent,Ignored,No
N02323,D0589,2026-09-25,Urgent,Ignored,No
N02324,D0589,2026-09-25,Shortage,Ignored,No
N02325,D0589,2026-04-29,Shortage,Ignored,No
N02326,D0589,2025-08-01,Shortage,Ignored,No
N02327,D0590,2026-08-10,Shortage,Ignored,No
N02328,D0590,2026-09-25,Shortage,Responded,Yes
N02329,D0590,2026-08-28,Urgent,Ignored,No
N02330,D0591,2026-09-25,Urgent,Ignored,No
N02331,D0591,2026-09-25,Urgent,Ignored,No
N02332,D0591,2026-03-07,Shortage,Ignored,No
N02333,D0592,2026-02-25,Shortage,Responded,Yes
N02334,D0592,2026-09-25,Shortage,Responded,Yes
N02335,D0592,2026-07-18,Urgent,Responded,Yes
N02336,D0592,2026-02-08,Shortage,Responded,Yes
N02337,D0592,2026-09-25,Shortage,Responded,Yes
N02338,D0592,2026-07-01,Shortage,Responded,Yes
N02339,D0592,2026-07-31,Urgent,Responded,Yes
N02340,D0593,2025-11-27,Shortage,Responded,Yes
N02341,D0593,2026-09-25,Urgent,Responded,Yes
N02342,D0593,2026-07-30,Shortage,Ignored,No
N02343,D0594,2026-09-25,Shortage,Responded,Yes
N02344,D0595,2026-01-20,Shortage,Responded,Yes
N02345,D0595,2026-09-25,Shortage,Responded,Yes
N02346,D0595,2026-09-25,Shortage,Responded,Yes
N02347,D0595,2026-09-25,Shortage,Responded,Yes
N02348,D0595,2026-05-15,Urgent,Responded,Yes
N02349,D0596,2026-09-25,Shortage,Responded,Yes
N02350,D0596,2026-09-25,Shortage,Ignored,No
N02351,D0596,2026-07-27,Shortage,Ignored,No
N02352,D0596,2026-09-25,Shortage,Ignored,No
N02353,D0596,2026-09-25,Urgent,Responded,Yes
N02354,D0597,2026-09-25,Urgent,Responded,Yes
N02355,D0597,2026-09-25,Urgent,Responded,Yes
N02356,D0597,2026-09-25,Shortage,Responded,Yes
N02357,D0598,2026-05-26,Urgent,Ignored,No
N02358,D0598,2026-06-04,Urgent,Responded,Yes
N02359,D0598,2026-09-25,Shortage,Responded,Yes
N02360,D0598,2026-01-13,Urgent,Responded,Yes
N02361,D0598,2026-06-08,Shortage,Ignored,No
N02362,D0598,2026-09-25,Urgent,Responded,Yes
N02363,D0598,2026-09-25,Urgent,Responded,Yes
N02364,D0599,2026-09-25,Urgent,Responded,Yes
N02365,D0599,2026-05-11,Urgent,Responded,Yes
N02366,D0599,2026-09-25,Shortage,Ignored,No
N02367,D0599,2026-09-25,Shortage,Ignored,No
N02368,D0600,2026-03-05,Shortage,Responded,Yes
N02369,D0601,2026-08-10,Urgent,Responded,Yes
N02370,D0602,2026-09-25,Shortage,Responded,Yes
N02371,D0602,2026-07-05,Shortage,Responded,Yes
N02372,D0603,2026-09-25,Urgent,Responded,Yes
N02373,D0603,2026-09-25,Shortage,Responded,Yes
N02374,D0603,2026-09-25,Urgent,Responded,Yes
N02375,D0603,2026-09-25,Urgent,Responded,Yes
N02376,D0603,2026-03-15,Shortage,Responded,Yes
N02377,D0603,2025-09-12,Urgent,Responded,Yes
N02378,D0603,2026-05-05,Urgent,Responded,Yes
N02379,D0604,2026-09-25,Shortage,Responded,Yes
N02380,D0605,2025-11-17,Urgent,Ignored,No
N02381,D0606,2026-09-25,Shortage,Responded,Yes
N02382,D0606,2026-09-25,Urgent,Responded,Yes
N02383,D0606,2026-09-25,Urgent,Responded,Yes
N02384,D0606,2025-11-03,Shortage,Responded,Yes
N02385,D0606,2026-03-12,Shortage,Responded,Yes
N02386,D0606,2026-09-25,Shortage,Responded,Yes
N02387,D0606,2026-03-17,Shortage,Responded,Yes
N02388,D0607,2026-09-25,Urgent,Ignored,No
N02389,D0607,2026-09-25,Urgent,Ignored,No
N02390,D0608,2026-05-23,Urgent,Ignored,No
N02391,D0609,2026-08-19,Urgent,Responded,Yes
N02392,D0609,2026-09-25,Urgent,Responded,Yes
N02393,D0609,2026-09-25,Shortage,Responded,Yes
N02394,D0609,2026-09-25,Urgent,Responded,Yes
N02395,D0610,2026-09-25,Shortage,Responded,Yes
N02396,D0610,2026-04-22,Urgent,Responded,Yes
N02397,D0611,2026-05-16,Shortage,Ignored,No
N02398,D0612,2026-09-10,Urgent,Ignored,No
N02399,D0612,2026-06-21,Shortage,Ignored,No
N02400,D0612,2026-04-14,Urgent,Ignored,No
N02401,D0612,2026-09-16,Urgent,Ignored,No
N02402,D0612,2025-05-03,Shortage,Responded,Yes
N02403,D0612,2026-09-25,Shortage,Ignored,No
N02404,D0612,2026-09-25,Shortage,Ignored,No
N02405,D0613,2026-09-25,Urgent,Responded,Yes
N02406,D0613,2026-06-04,Urgent,Responded,Yes
N02407,D0613,2026-03-01,Shortage,Responded,Yes
N02408,D0613,2026-05-16,Shortage,Responded,Yes
N02409,D0613,2026-09-25,Shortage,Responded,Yes
N02410,D0613,2026-09-25,Shortage,Responded,Yes
N02411,D0613,2026-09-25,Urgent,Ignored,No
N02412,D0614,2026-04-16,Urgent,Responded,Yes
N02413,D0614,2026-09-25,Shortage,Responded,Yes
N02414,D0614,2026-08-10,Urgent,Responded,Yes
N02415,D0615,2026-09-25,Shortage,Ignored,No
N02416,D0616,2026-09-25,Shortage,Responded,Yes
N02417,D0616,2026-09-25,Urgent,Ignored,No
N02418,D0616,2026-07-03,Shortage,Responded,Yes
N02419,D0616,2026-09-25,Shortage,Responded,Yes
N02420,D0616,2026-09-25,Shortage,Responded,Yes
N02421,D0617,2025-12-04,Urgent,Ignored,No
N02422,D0618,2026-09-25,Shortage,Responded,Yes
N02423,D0618,2026-05-01,Shortage,Ignored,No
N02424,D0618,2026-09-25,Shortage,Ignored,No
N02425,D0618,2026-09-25,Urgent,Ignored,No
N02426,D0618,2026-09-25,Shortage,Responded,Yes
N02427,D0618,2025-10-21,Urgent,Ignored,No
N02428,D0619,2025-06-02,Urgent,Ignored,No
N02429,D0619,2026-09-03,Shortage,Ignored,No
N02430,D0619,2026-09-25,Shortage,Ignored,No
N02431,D0619,2026-02-14,Shortage,Responded,Yes
N02432,D0619,2026-09-25,Shortage,Ignored,No
N02433,D0619,2026-08-29,Shortage,Ignored,No
N02434,D0619,2026-06-08,Shortage,Responded,Yes
N02435,D0620,2026-09-25,Shortage,Responded,Yes
N02436,D0620,2026-09-25,Shortage,Responded,Yes
N02437,D0620,2026-09-25,Urgent,Ignored,No
N02438,D0621,2026-08-28,Shortage,Responded,Yes
N02439,D0621,2026-09-25,Urgent,Responded,Yes
N02440,D0621,2026-04-18,Shortage,Responded,Yes
N02441,D0622,2026-09-25,Urgent,Responded,Yes
N02442,D0622,2026-09-03,Shortage,Responded,Yes
N02443,D0622,2026-09-25,Shortage,Responded,Yes
N02444,D0622,2026-09-25,Urgent,Responded,Yes
N02445,D0622,2026-01-07,Shortage,Responded,Yes
N02446,D0622,2026-02-11,Shortage,Ignored,No
N02447,D0622,2026-07-15,Shortage,Responded,Yes
N02448,D0623,2026-09-25,Shortage,Responded,Yes
N02449,D0623,2025-09-13,Urgent,Responded,Yes
N02450,D0623,2026-09-25,Shortage,Responded,Yes
N02451,D0624,2026-07-15,Shortage,Responded,Yes
N02452,D0624,2026-08-06,Shortage,Ignored,No
N02453,D0624,2026-09-25,Shortage,Ignored,No
N02454,D0624,2025-11-04,Shortage,Responded,Yes
N02455,D0625,2026-07-26,Shortage,Ignored,No
N02456,D0625,2026-09-25,Urgent,Ignored,No
N02457,D0625,2026-09-25,Urgent,Ignored,No
N02458,D0625,2026-09-25,Urgent,Ignored,No
N02459,D0625,2025-06-20,Urgent,Ignored,No
N02460,D0626,2026-06-30,Shortage,Responded,Yes
N02461,D0626,2026-07-24,Shortage,Responded,Yes
N02462,D0627,2026-07-16,Shortage,Responded,Yes
N02463,D0627,2026-03-27,Shortage,Responded,Yes
N02464,D0627,2026-07-03,Shortage,Responded,Yes
N02465,D0627,2025-12-15,Shortage,Responded,Yes
N02466,D0627,2026-02-05,Urgent,Ignored,No
N02467,D0627,2026-02-10,Shortage,Responded,Yes
N02468,D0627,2026-01-07,Shortage,Responded,Yes
N02469,D0628,2026-01-16,Shortage,Responded,Yes
N02470,D0629,2026-02-16,Shortage,Responded,Yes
N02471,D0630,2026-09-25,Shortage,Responded,Yes
N02472,D0630,2026-09-11,Urgent,Ignored,No
N02473,D0630,2026-05-09,Shortage,Ignored,No
N02474,D0630,2026-05-18,Shortage,Ignored,No
N02475,D0630,2026-02-19,Urgent,Responded,Yes
N02476,D0630,2026-09-25,Shortage,Ignored,No
N02477,D0631,2026-09-25,Urgent,Ignored,No
N02478,D0631,2026-04-18,Urgent,Responded,Yes
N02479,D0632,2025-09-15,Shortage,Ignored,No
N02480,D0633,2026-06-09,Shortage,Responded,Yes
N02481,D0634,2026-09-25,Shortage,Responded,Yes
N02482,D0634,2026-06-30,Urgent,Ignored,No
N02483,D0634,2026-05-01,Shortage,Ignored,No
N02484,D0634,2026-09-25,Shortage,Ignored,No
N02485,D0634,2026-09-25,Shortage,Responded,Yes
N02486,D0634,2026-09-25,Shortage,Ignored,No
N02487,D0634,2026-09-25,Shortage,Responded,Yes
N02488,D0635,2026-09-25,Shortage,Responded,Yes
N02489,D0635,2025-11-08,Urgent,Responded,Yes
N02490,D0635,2026-09-22,Shortage,Responded,Yes
N02491,D0635,2026-09-25,Urgent,Responded,Yes
N02492,D0636,2026-09-25,Shortage,Responded,Yes
N02493,D0636,2026-09-25,Shortage,Responded,Yes
N02494,D0637,2026-04-09,Urgent,Responded,Yes
N02495,D0638,2026-09-25,Shortage,Responded,Yes
N02496,D0639,2026-01-16,Shortage,Responded,Yes
N02497,D0639,2026-09-25,Shortage,Responded,Yes
N02498,D0639,2026-08-04,Urgent,Ignored,No
N02499,D0639,2026-09-25,Shortage,Responded,Yes
N02500,D0639,2026-09-25,Shortage,Responded,Yes
N02501,D0639,2026-09-25,Urgent,Responded,Yes
N02502,D0639,2026-09-09,Urgent,Responded,Yes
N02503,D0640,2026-09-25,Shortage,Responded,Yes
N02504,D0640,2026-01-27,Shortage,Ignored,No
N02505,D0641,2026-09-25,Shortage,Responded,Yes
N02506,D0642,2026-03-29,Shortage,Ignored,No
N02507,D0642,2026-09-25,Shortage,Ignored,No
N02508,D0642,2026-09-14,Shortage,Responded,Yes
N02509,D0642,2026-09-25,Urgent,Responded,Yes
N02510,D0642,2026-04-17,Shortage,Ignored,No
N02511,D0642,2026-09-25,Urgent,Ignored,No
N02512,D0642,2026-09-25,Shortage,Ignored,No
N02513,D0643,2026-06-27,Shortage,Responded,Yes
N02514,D0643,2026-09-25,Urgent,Ignored,No
N02515,D0643,2026-09-25,Shortage,Responded,Yes
N02516,D0643,2026-09-25,Urgent,Ignored,No
N02517,D0644,2026-09-25,Urgent,Responded,Yes
N02518,D0644,2025-12-31,Shortage,Responded,Yes
N02519,D0644,2025-08-13,Shortage,Ignored,No
N02520,D0644,2026-09-25,Shortage,Responded,Yes
N02521,D0644,2026-09-25,Shortage,Responded,Yes
N02522,D0644,2026-05-09,Urgent,Responded,Yes
N02523,D0645,2026-09-25,Shortage,Ignored,No
N02524,D0646,2026-02-15,Shortage,Ignored,No
N02525,D0646,2026-09-25,Shortage,Responded,Yes
N02526,D0646,2026-09-25,Shortage,Ignored,No
N02527,D0646,2025-07-01,Shortage,Ignored,No
N02528,D0646,2026-09-25,Shortage,Responded,Yes
N02529,D0647,2026-06-29,Shortage,Ignored,No
N02530,D0647,2026-09-25,Shortage,Responded,Yes
N02531,D0647,2026-09-25,Shortage,Ignored,No
N02532,D0648,2026-01-06,Shortage,Responded,Yes
N02533,D0648,2026-08-28,Shortage,Responded,Yes
N02534,D0648,2026-09-25,Urgent,Responded,Yes
N02535,D0648,2026-09-25,Shortage,Responded,Yes
N02536,D0648,2026-09-05,Shortage,Responded,Yes
N02537,D0648,2026-05-06,Urgent,Responded,Yes
N02538,D0648,2026-09-25,Urgent,Ignored,No
N02539,D0649,2026-09-25,Urgent,Ignored,No
N02540,D0649,2026-09-25,Shortage,Responded,Yes
N02541,D0649,2026-08-06,Shortage,Responded,Yes
N02542,D0649,2026-09-05,Shortage,Ignored,No
N02543,D0649,2026-09-25,Shortage,Ignored,No
N02544,D0650,2026-09-25,Shortage,Ignored,No
N02545,D0650,2026-05-11,Urgent,Ignored,No
N02546,D0650,2026-02-14,Urgent,Responded,Yes
N02547,D0650,2026-09-25,Shortage,Responded,Yes
N02548,D0650,2025-09-15,Urgent,Ignored,No
N02549,D0650,2026-09-25,Shortage,Ignored,No
N02550,D0651,2026-09-03,Shortage,Ignored,No
N02551,D0652,2026-07-01,Urgent,Responded,Yes
N02552,D0653,2026-09-25,Shortage,Responded,Yes
N02553,D0653,2026-09-25,Shortage,Ignored,No
N02554,D0653,2026-09-25,Shortage,Responded,Yes
N02555,D0654,2026-09-25,Shortage,Ignored,No
N02556,D0654,2026-09-25,Shortage,Responded,Yes
N02557,D0654,2026-07-18,Urgent,Responded,Yes
N02558,D0654,2026-09-25,Shortage,Ignored,No
N02559,D0654,2026-04-06,Shortage,Responded,Yes
N02560,D0655,2026-09-25,Urgent,Responded,Yes
N02561,D0655,2026-05-16,Shortage,Responded,Yes
N02562,D0655,2026-09-25,Shortage,Responded,Yes
N02563,D0655,2026-09-25,Shortage,Responded,Yes
N02564,D0656,2026-09-25,Shortage,Responded,Yes
N02565,D0656,2026-09-25,Shortage,Ignored,No
N02566,D0656,2026-01-18,Shortage,Ignored,No
N02567,D0657,2025-06-14,Urgent,Ignored,No
N02568,D0658,2026-06-12,Urgent,Responded,Yes
N02569,D0659,2026-06-21,Urgent,Responded,Yes
N02570,D0659,2025-09-28,Urgent,Responded,Yes
N02571,D0659,2025-11-27,Shortage,Ignored,No
N02572,D0659,2026-09-25,Shortage,Responded,Yes
N02573,D0659,2026-09-25,Shortage,Ignored,No
N02574,D0659,2026-09-25,Shortage,Ignored,No
N02575,D0659,2026-09-25,Urgent,Ignored,No
N02576,D0660,2026-09-25,Urgent,Ignored,No
N02577,D0660,2025-11-12,Shortage,Ignored,No
N02578,D0661,2026-09-25,Shortage,Responded,Yes
N02579,D0661,2026-09-25,Shortage,Responded,Yes
N02580,D0661,2026-09-25,Shortage,Responded,Yes
N02581,D0661,2026-09-25,Shortage,Responded,Yes
N02582,D0661,2026-09-25,Urgent,Ignored,No
N02583,D0661,2026-01-24,Urgent,Responded,Yes
N02584,D0662,2026-09-25,Shortage,Ignored,No
N02585,D0662,2026-09-25,Shortage,Responded,Yes
N02586,D0662,2026-09-25,Shortage,Responded,Yes
N02587,D0663,2026-09-25,Shortage,Responded,Yes
N02588,D0663,2026-09-25,Shortage,Responded,Yes
N02589,D0663,2026-04-20,Urgent,Responded,Yes
N02590,D0663,2026-09-25,Shortage,Responded,Yes
N02591,D0663,2026-04-30,Shortage,Ignored,No
N02592,D0664,2026-02-12,Shortage,Responded,Yes
N02593,D0664,2026-09-25,Shortage,Ignored,No
N02594,D0665,2026-09-25,Urgent,Responded,Yes
N02595,D0665,2026-09-25,Urgent,Ignored,No
N02596,D0665,2025-10-17,Shortage,Responded,Yes
N02597,D0665,2026-09-25,Urgent,Ignored,No
N02598,D0665,2026-07-04,Urgent,Responded,Yes
N02599,D0665,2026-01-06,Urgent,Responded,Yes
N02600,D0666,2026-03-14,Shortage,Responded,Yes
N02601,D0666,2026-09-25,Urgent,Responded,Yes
N02602,D0667,2026-08-13,Urgent,Responded,Yes
N02603,D0667,2026-09-25,Shortage,Responded,Yes
N02604,D0667,2026-09-25,Urgent,Ignored,No
N02605,D0667,2026-09-25,Shortage,Responded,Yes
N02606,D0668,2026-09-25,Urgent,Ignored,No
N02607,D0668,2026-09-25,Urgent,Ignored,No
N02608,D0668,2026-09-25,Shortage,Ignored,No
N02609,D0669,2026-09-25,Shortage,Responded,Yes
N02610,D0669,2026-09-25,Urgent,Responded,Yes
N02611,D0669,2026-09-25,Shortage,Responded,Yes
N02612,D0669,2026-09-25,Shortage,Ignored,No
N02613,D0669,2026-09-25,Shortage,Responded,Yes
N02614,D0670,2026-09-25,Shortage,Responded,Yes
N02615,D0670,2026-06-15,Shortage,Responded,Yes
N02616,D0670,2026-09-22,Shortage,Ignored,No
N02617,D0670,2026-06-03,Shortage,Ignored,No
N02618,D0670,2025-09-18,Shortage,Ignored,No
N02619,D0671,2026-09-25,Shortage,Ignored,No
N02620,D0672,2025-10-19,Shortage,Ignored,No
N02621,D0672,2026-09-25,Urgent,Responded,Yes
N02622,D0672,2026-09-25,Shortage,Responded,Yes
N02623,D0672,2026-06-02,Urgent,Responded,Yes
N02624,D0672,2026-09-25,Shortage,Ignored,No
N02625,D0673,2026-09-25,Shortage,Responded,Yes
N02626,D0674,2026-01-21,Shortage,Responded,Yes
N02627,D0674,2026-03-11,Urgent,Responded,Yes
N02628,D0674,2026-06-04,Urgent,Ignored,No
N02629,D0674,2026-09-25,Urgent,Responded,Yes
N02630,D0675,2026-09-25,Shortage,Ignored,No
N02631,D0675,2026-03-08,Urgent,Responded,Yes
N02632,D0675,2026-09-25,Urgent,Responded,Yes
N02633,D0675,2026-09-25,Shortage,Ignored,No
N02634,D0675,2026-02-15,Shortage,Responded,Yes
N02635,D0675,2026-09-25,Shortage,Responded,Yes
N02636,D0675,2026-09-25,Urgent,Ignored,No
N02637,D0676,2026-09-25,Shortage,Ignored,No
N02638,D0676,2026-09-25,Shortage,Ignored,No
N02639,D0677,2026-02-08,Shortage,Ignored,No
N02640,D0678,2026-08-03,Urgent,Ignored,No
N02641,D0678,2026-09-25,Shortage,Ignored,No
N02642,D0678,2026-09-25,Shortage,Responded,Yes
N02643,D0679,2026-06-13,Shortage,Responded,Yes
N02644,D0679,2026-09-25,Shortage,Responded,Yes
N02645,D0679,2026-09-25,Shortage,Responded,Yes
N02646,D0679,2026-06-15,Shortage,Responded,Yes
N02647,D0679,2026-09-25,Shortage,Responded,Yes
N02648,D0679,2026-09-25,Shortage,Responded,Yes
N02649,D0680,2026-09-25,Shortage,Responded,Yes
N02650,D0680,2026-09-25,Shortage,Ignored,No
N02651,D0680,2026-06-01,Shortage,Ignored,No
N02652,D0680,2026-05-19,Urgent,Responded,Yes
N02653,D0681,2026-09-25,Urgent,Responded,Yes
N02654,D0681,2026-09-25,Shortage,Ignored,No
N02655,D0681,2026-07-04,Urgent,Ignored,No
N02656,D0681,2026-09-04,Shortage,Responded,Yes
N02657,D0682,2026-09-25,Shortage,Responded,Yes
N02658,D0683,2026-09-25,Shortage,Ignored,No
N02659,D0683,2026-05-21,Shortage,Responded,Yes
N02660,D0683,2026-08-01,Urgent,Responded,Yes
N02661,D0683,2026-09-25,Urgent,Responded,Yes
N02662,D0683,2026-09-25,Shortage,Ignored,No
N02663,D0683,2026-08-06,Urgent,Responded,Yes
N02664,D0684,2026-09-25,Shortage,Ignored,No
N02665,D0684,2026-09-25,Shortage,Ignored,No
N02666,D0684,2026-06-08,Shortage,Responded,Yes
N02667,D0684,2026-09-25,Shortage,Ignored,No
N02668,D0684,2026-02-07,Shortage,Responded,Yes
N02669,D0684,2026-09-25,Shortage,Ignored,No
N02670,D0684,2026-09-25,Shortage,Responded,Yes
N02671,D0685,2026-05-09,Shortage,Ignored,No
N02672,D0685,2026-09-25,Shortage,Ignored,No
N02673,D0686,2026-08-30,Shortage,Responded,Yes
N02674,D0686,2026-09-25,Urgent,Responded,Yes
N02675,D0686,2026-09-25,Shortage,Ignored,No
N02676,D0686,2026-04-29,Shortage,Ignored,No
N02677,D0686,2025-04-17,Urgent,Responded,Yes
N02678,D0686,2026-09-25,Shortage,Responded,Yes
N02679,D0686,2026-04-29,Urgent,Responded,Yes
N02680,D0687,2026-05-08,Urgent,Ignored,No
N02681,D0687,2026-04-24,Urgent,Ignored,No
N02682,D0687,2026-09-25,Shortage,Responded,Yes
N02683,D0688,2025-09-12,Shortage,Ignored,No
N02684,D0688,2026-09-25,Shortage,Ignored,No
N02685,D0689,2026-09-25,Shortage,Ignored,No
N02686,D0689,2026-04-24,Shortage,Responded,Yes
N02687,D0689,2026-09-25,Urgent,Responded,Yes
N02688,D0689,2026-09-25,Urgent,Responded,Yes
N02689,D0689,2025-09-12,Shortage,Responded,Yes
N02690,D0690,2026-09-23,Shortage,Ignored,No
N02691,D0690,2026-09-25,Urgent,Ignored,No
N02692,D0690,2026-09-25,Urgent,Responded,Yes
N02693,D0690,2026-06-07,Shortage,Responded,Yes
N02694,D0690,2025-10-06,Shortage,Ignored,No
N02695,D0690,2026-09-25,Shortage,Ignored,No
N02696,D0691,2026-09-25,Shortage,Ignored,No
N02697,D0691,2026-09-25,Shortage,Responded,Yes
N02698,D0691,2026-09-25,Urgent,Ignored,No
N02699,D0692,2026-03-10,Shortage,Ignored,No
N02700,D0693,2026-09-25,Shortage,Responded,Yes
N02701,D0693,2025-12-20,Shortage,Responded,Yes
N02702,D0693,2026-09-25,Shortage,Responded,Yes
N02703,D0693,2026-04-04,Urgent,Responded,Yes
N02704,D0693,2026-09-25,Shortage,Responded,Yes
N02705,D0693,2026-09-25,Shortage,Responded,Yes
N02706,D0693,2026-05-27,Urgent,Responded,Yes
N02707,D0694,2026-09-25,Urgent,Ignored,No
N02708,D0694,2026-09-25,Shortage,Ignored,No
N02709,D0694,2026-08-25,Shortage,Ignored,No
N02710,D0694,2026-08-07,Shortage,Ignored,No
N02711,D0694,2026-07-02,Shortage,Ignored,No
N02712,D0694,2025-11-18,Urgent,Ignored,No
N02713,D0694,2026-09-25,Shortage,Ignored,No
N02714,D0695,2026-09-25,Shortage,Ignored,No
N02715,D0695,2026-09-25,Urgent,Responded,Yes
N02716,D0695,2026-07-14,Shortage,Ignored,No
N02717,D0696,2026-09-25,Shortage,Responded,Yes
N02718,D0696,2026-08-25,Urgent,Responded,Yes
N02719,D0696,2026-09-25,Urgent,Responded,Yes
N02720,D0696,2026-09-25,Urgent,Responded,Yes
N02721,D0696,2025-11-06,Shortage,Responded,Yes
N02722,D0696,2026-09-25,Shortage,Responded,Yes
N02723,D0697,2026-05-31,Shortage,Ignored,No
N02724,D0697,2026-09-25,Shortage,Ignored,No
N02725,D0697,2026-09-25,Shortage,Responded,Yes
N02726,D0698,2026-09-25,Urgent,Ignored,No
N02727,D0698,2026-09-25,Shortage,Responded,Yes
N02728,D0698,2026-09-25,Shortage,Ignored,No
N02729,D0699,2026-09-25,Shortage,Ignored,No
N02730,D0700,2026-05-22,Shortage,Ignored,No
N02731,D0701,2026-09-25,Shortage,Ignored,No
N02732,D0701,2026-09-25,Urgent,Responded,Yes
N02733,D0702,2026-09-25,Urgent,Responded,Yes
N02734,D0702,2026-09-25,Shortage,Responded,Yes
N02735,D0702,2025-07-20,Urgent,Responded,Yes
N02736,D0702,2026-03-06,Shortage,Responded,Yes
N02737,D0703,2026-09-25,Shortage,Ignored,No
N02738,D0703,2026-03-03,Shortage,Responded,Yes
N02739,D0704,2026-09-13,Urgent,Ignored,No
N02740,D0705,2026-09-25,Shortage,Ignored,No
N02741,D0705,2026-09-25,Shortage,Ignored,No
N02742,D0705,2025-12-22,Shortage,Responded,Yes
N02743,D0705,2026-09-25,Shortage,Ignored,No
N02744,D0705,2025-10-26,Shortage,Ignored,No
N02745,D0706,2026-09-25,Shortage,Ignored,No
N02746,D0706,2026-02-18,Urgent,Ignored,No
N02747,D0706,2026-09-25,Shortage,Responded,Yes
N02748,D0706,2026-09-25,Shortage,Ignored,No
N02749,D0707,2026-09-25,Shortage,Ignored,No
N02750,D0707,2025-12-03,Shortage,Ignored,No
N02751,D0707,2026-06-29,Urgent,Responded,Yes
N02752,D0707,2026-09-25,Shortage,Ignored,No
N02753,D0708,2026-09-25,Shortage,Ignored,No
N02754,D0709,2026-09-25,Shortage,Ignored,No
N02755,D0709,2025-09-10,Urgent,Ignored,No
N02756,D0709,2026-09-25,Shortage,Ignored,No
N02757,D0710,2026-09-25,Shortage,Ignored,No
N02758,D0710,2026-09-14,Urgent,Responded,Yes
N02759,D0710,2026-09-25,Shortage,Responded,Yes
N02760,D0710,2026-02-12,Urgent,Responded,Yes
N02761,D0710,2026-09-25,Shortage,Responded,Yes
N02762,D0711,2026-05-26,Shortage,Responded,Yes
N02763,D0711,2026-09-25,Urgent,Responded,Yes
N02764,D0711,2026-09-25,Shortage,Responded,Yes
N02765,D0711,2026-09-25,Shortage,Responded,Yes
N02766,D0711,2026-09-25,Shortage,Ignored,No
N02767,D0712,2025-10-07,Shortage,Responded,Yes
N02768,D0713,2025-08-10,Shortage,Ignored,No
N02769,D0713,2026-09-25,Shortage,Ignored,No
N02770,D0713,2025-08-16,Urgent,Ignored,No
N02771,D0714,2026-04-22,Shortage,Responded,Yes
N02772,D0714,2026-09-25,Urgent,Responded,Yes
N02773,D0714,2025-11-14,Shortage,Responded,Yes
N02774,D0715,2026-09-25,Shortage,Responded,Yes
N02775,D0716,2026-09-25,Urgent,Responded,Yes
N02776,D0717,2026-09-25,Shortage,Responded,Yes
N02777,D0717,2025-06-19,Urgent,Ignored,No
N02778,D0717,2026-09-25,Shortage,Responded,Yes
N02779,D0717,2026-09-25,Shortage,Responded,Yes
N02780,D0717,2026-09-25,Shortage,Responded,Yes
N02781,D0717,2026-01-18,Urgent,Responded,Yes
N02782,D0718,2026-09-25,Shortage,Responded,Yes
N02783,D0718,2025-07-16,Shortage,Ignored,No
N02784,D0719,2026-04-17,Shortage,Ignored,No
N02785,D0719,2026-06-08,Shortage,Responded,Yes
N02786,D0719,2026-01-24,Urgent,Ignored,No
N02787,D0719,2026-05-27,Shortage,Ignored,No
N02788,D0719,2025-11-24,Urgent,Ignored,No
N02789,D0719,2026-09-25,Shortage,Ignored,No
N02790,D0719,2026-03-25,Urgent,Ignored,No
N02791,D0720,2026-09-25,Urgent,Ignored,No
N02792,D0720,2026-09-19,Urgent,Ignored,No
N02793,D0720,2025-11-13,Urgent,Responded,Yes
N02794,D0720,2026-06-20,Shortage,Ignored,No
N02795,D0721,2026-09-25,Urgent,Ignored,No
N02796,D0721,2026-09-25,Urgent,Responded,Yes
N02797,D0721,2026-09-25,Shortage,Responded,Yes
N02798,D0722,2026-09-25,Shortage,Ignored,No
N02799,D0722,2026-02-19,Shortage,Ignored,No
N02800,D0722,2026-03-05,Shortage,Ignored,No
N02801,D0722,2026-09-25,Shortage,Ignored,No
N02802,D0723,2026-07-31,Shortage,Responded,Yes
N02803,D0723,2026-04-21,Urgent,Responded,Yes
N02804,D0723,2026-07-13,Urgent,Ignored,No
N02805,D0723,2026-01-15,Shortage,Ignored,No
N02806,D0723,2025-06-12,Shortage,Responded,Yes
N02807,D0724,2026-09-25,Urgent,Responded,Yes
N02808,D0724,2026-03-19,Shortage,Responded,Yes
N02809,D0724,2026-09-25,Shortage,Ignored,No
N02810,D0724,2026-09-25,Urgent,Responded,Yes
N02811,D0724,2026-09-25,Shortage,Responded,Yes
N02812,D0724,2026-09-25,Shortage,Ignored,No
N02813,D0724,2026-05-15,Shortage,Ignored,No
N02814,D0725,2026-08-08,Urgent,Responded,Yes
N02815,D0725,2026-09-25,Shortage,Ignored,No
N02816,D0725,2026-04-19,Shortage,Ignored,No
N02817,D0725,2026-04-12,Shortage,Responded,Yes
N02818,D0725,2026-09-25,Shortage,Ignored,No
N02819,D0725,2026-09-25,Shortage,Responded,Yes
N02820,D0725,2026-09-25,Shortage,Ignored,No
N02821,D0726,2026-09-25,Urgent,Responded,Yes
N02822,D0726,2026-07-14,Urgent,Responded,Yes
N02823,D0726,2026-03-29,Shortage,Responded,Yes
N02824,D0726,2026-09-25,Shortage,Responded,Yes
N02825,D0726,2026-09-25,Shortage,Responded,Yes
N02826,D0727,2026-09-08,Urgent,Responded,Yes
N02827,D0727,2026-09-25,Urgent,Ignored,No
N02828,D0727,2025-08-31,Urgent,Ignored,No
N02829,D0727,2026-09-25,Shortage,Responded,Yes
N02830,D0727,2026-09-25,Shortage,Responded,Yes
N02831,D0728,2026-09-08,Shortage,Ignored,No
N02832,D0728,2026-09-25,Urgent,Ignored,No
N02833,D0728,2026-09-25,Shortage,Responded,Yes
N02834,D0729,2026-09-25,Shortage,Ignored,No
N02835,D0729,2026-09-25,Shortage,Responded,Yes
N02836,D0729,2026-09-25,Shortage,Ignored,No
N02837,D0730,2026-08-23,Shortage,Responded,Yes
N02838,D0730,2026-09-25,Shortage,Ignored,No
N02839,D0730,2025-11-23,Urgent,Ignored,No
N02840,D0731,2026-04-26,Urgent,Responded,Yes
N02841,D0732,2026-09-25,Urgent,Ignored,No
N02842,D0732,2026-09-25,Shortage,Ignored,No
N02843,D0732,2026-09-25,Urgent,Ignored,No
N02844,D0732,2026-09-25,Shortage,Ignored,No
N02845,D0732,2026-09-25,Shortage,Ignored,No
N02846,D0732,2026-09-25,Shortage,Responded,Yes
N02847,D0733,2025-11-08,Urgent,Ignored,No
N02848,D0733,2026-09-25,Shortage,Responded,Yes
N02849,D0734,2025-11-10,Shortage,Responded,Yes
N02850,D0734,2026-09-25,Shortage,Responded,Yes
N02851,D0734,2026-09-25,Urgent,Ignored,No
N02852,D0734,2025-09-21,Shortage,Responded,Yes
N02853,D0734,2026-03-30,Shortage,Responded,Yes
N02854,D0734,2026-09-25,Urgent,Ignored,No
N02855,D0734,2026-09-25,Urgent,Responded,Yes
N02856,D0735,2026-09-25,Shortage,Ignored,No
N02857,D0735,2026-09-25,Shortage,Ignored,No
N02858,D0735,2026-02-15,Shortage,Ignored,No
N02859,D0735,2025-12-19,Shortage,Ignored,No
N02860,D0735,2026-04-01,Shortage,Responded,Yes
N02861,D0735,2026-09-25,Shortage,Ignored,No
N02862,D0736,2026-09-25,Shortage,Ignored,No
N02863,D0736,2026-09-25,Urgent,Ignored,No
N02864,D0736,2026-07-28,Urgent,Responded,Yes
N02865,D0736,2026-04-16,Shortage,Responded,Yes
N02866,D0736,2026-09-25,Urgent,Responded,Yes
N02867,D0736,2026-09-25,Shortage,Ignored,No
N02868,D0737,2026-08-20,Shortage,Responded,Yes
N02869,D0737,2026-09-25,Shortage,Ignored,No
N02870,D0737,2026-02-18,Shortage,Responded,Yes
N02871,D0737,2025-08-15,Shortage,Responded,Yes
N02872,D0738,2025-06-30,Urgent,Ignored,No
N02873,D0738,2025-06-30,Urgent,Responded,Yes
N02874,D0738,2026-09-25,Shortage,Ignored,No
N02875,D0739,2026-04-04,Shortage,Responded,Yes
N02876,D0739,2026-09-25,Shortage,Responded,Yes
N02877,D0739,2026-08-30,Shortage,Responded,Yes
N02878,D0739,2026-04-19,Urgent,Ignored,No
N02879,D0739,2026-09-25,Shortage,Responded,Yes
N02880,D0740,2026-08-19,Urgent,Responded,Yes
N02881,D0741,2026-06-10,Shortage,Ignored,No
N02882,D0742,2026-09-24,Shortage,Responded,Yes
N02883,D0742,2026-09-25,Shortage,Responded,Yes
N02884,D0742,2025-07-15,Shortage,Responded,Yes
N02885,D0742,2026-09-25,Urgent,Responded,Yes
N02886,D0742,2026-07-20,Shortage,Responded,Yes
N02887,D0742,2025-10-03,Shortage,Responded,Yes
N02888,D0743,2025-11-01,Shortage,Responded,Yes
N02889,D0743,2026-09-25,Urgent,Responded,Yes
N02890,D0743,2026-09-25,Shortage,Responded,Yes
N02891,D0743,2026-09-09,Urgent,Responded,Yes
N02892,D0743,2026-09-25,Shortage,Ignored,No
N02893,D0743,2026-07-22,Shortage,Ignored,No
N02894,D0743,2026-09-25,Shortage,Ignored,No
N02895,D0744,2026-09-25,Shortage,Responded,Yes
N02896,D0744,2026-03-26,Shortage,Ignored,No
N02897,D0744,2026-09-25,Shortage,Ignored,No
N02898,D0744,2025-06-19,Urgent,Ignored,No
N02899,D0745,2026-07-13,Shortage,Responded,Yes
N02900,D0745,2026-09-25,Urgent,Responded,Yes
N02901,D0746,2026-09-25,Urgent,Responded,Yes
N02902,D0747,2026-04-03,Shortage,Responded,Yes
N02903,D0747,2026-09-25,Shortage,Ignored,No
N02904,D0747,2026-09-25,Shortage,Responded,Yes
N02905,D0747,2025-08-16,Shortage,Ignored,No
N02906,D0747,2025-12-27,Shortage,Responded,Yes
N02907,D0747,2025-10-15,Urgent,Responded,Yes
N02908,D0747,2026-02-24,Urgent,Ignored,No
N02909,D0748,2026-09-25,Shortage,Ignored,No
N02910,D0748,2026-07-18,Urgent,Ignored,No
N02911,D0748,2026-09-25,Urgent,Ignored,No
N02912,D0749,2026-09-25,Urgent,Responded,Yes
N02913,D0749,2026-01-27,Shortage,Ignored,No
N02914,D0749,2026-01-02,Urgent,Responded,Yes
N02915,D0750,2026-09-01,Shortage,Ignored,No
N02916,D0750,2026-09-25,Shortage,Ignored,No
N02917,D0750,2026-09-25,Urgent,Ignored,No
N02918,D0751,2026-09-25,Shortage,Ignored,No
N02919,D0752,2026-09-25,Shortage,Ignored,No
N02920,D0752,2026-09-25,Shortage,Responded,Yes
N02921,D0752,2026-09-25,Urgent,Responded,Yes
N02922,D0752,2026-06-21,Shortage,Ignored,No
N02923,D0752,2026-06-29,Shortage,Responded,Yes
N02924,D0752,2026-09-25,Shortage,Responded,Yes
N02925,D0752,2026-09-25,Shortage,Responded,Yes
N02926,D0753,2026-09-25,Shortage,Ignored,No
N02927,D0753,2026-09-25,Shortage,Responded,Yes
N02928,D0753,2026-02-28,Urgent,Responded,Yes
N02929,D0753,2026-09-25,Shortage,Ignored,No
N02930,D0753,2026-09-25,Shortage,Responded,Yes
N02931,D0753,2026-09-25,Shortage,Ignored,No
N02932,D0754,2026-05-30,Shortage,Responded,Yes
N02933,D0755,2026-09-11,Shortage,Ignored,No
N02934,D0755,2025-07-29,Urgent,Ignored,No
N02935,D0755,2025-12-11,Shortage,Responded,Yes
N02936,D0755,2026-09-25,Urgent,Ignored,No
N02937,D0755,2026-03-31,Shortage,Responded,Yes
N02938,D0755,2025-06-08,Shortage,Responded,Yes
N02939,D0756,2026-09-25,Shortage,Responded,Yes
N02940,D0756,2026-02-23,Shortage,Responded,Yes
N02941,D0757,2026-09-25,Urgent,Responded,Yes
N02942,D0758,2026-09-25,Urgent,Ignored,No
N02943,D0758,2026-09-25,Shortage,Ignored,No
N02944,D0759,2026-02-28,Shortage,Responded,Yes
N02945,D0759,2026-08-21,Shortage,Ignored,No
N02946,D0760,2025-09-14,Shortage,Ignored,No
N02947,D0760,2026-01-11,Shortage,Ignored,No
N02948,D0760,2026-04-08,Shortage,Ignored,No
N02949,D0760,2026-02-14,Urgent,Ignored,No
N02950,D0760,2026-09-25,Shortage,Responded,Yes
N02951,D0761,2026-09-25,Shortage,Responded,Yes
N02952,D0761,2026-09-25,Shortage,Ignored,No
N02953,D0761,2026-09-25,Shortage,Ignored,No
N02954,D0761,2026-09-24,Shortage,Responded,Yes
N02955,D0761,2025-11-23,Shortage,Responded,Yes
N02956,D0761,2026-09-25,Shortage,Ignored,No
N02957,D0761,2026-03-31,Urgent,Responded,Yes
N02958,D0762,2026-09-25,Urgent,Responded,Yes
N02959,D0762,2026-07-14,Shortage,Responded,Yes
N02960,D0762,2026-04-07,Shortage,Responded,Yes
N02961,D0762,2026-06-28,Urgent,Responded,Yes
N02962,D0763,2026-03-29,Shortage,Ignored,No
N02963,D0763,2026-09-25,Urgent,Ignored,No
N02964,D0763,2025-11-29,Urgent,Responded,Yes
N02965,D0763,2026-01-26,Shortage,Ignored,No
N02966,D0764,2026-09-25,Shortage,Responded,Yes
N02967,D0764,2026-01-21,Shortage,Responded,Yes
N02968,D0764,2026-09-25,Shortage,Ignored,No
N02969,D0764,2026-09-25,Shortage,Responded,Yes
N02970,D0765,2026-09-25,Shortage,Ignored,No
N02971,D0765,2025-11-11,Shortage,Responded,Yes
N02972,D0765,2026-04-15,Shortage,Responded,Yes
N02973,D0765,2026-06-28,Shortage,Responded,Yes
N02974,D0766,2026-09-25,Shortage,Ignored,No
N02975,D0766,2026-09-25,Shortage,Responded,Yes
N02976,D0766,2026-09-25,Shortage,Responded,Yes
N02977,D0766,2026-09-25,Shortage,Ignored,No
N02978,D0766,2026-01-02,Shortage,Ignored,No
N02979,D0766,2026-09-25,Shortage,Responded,Yes
N02980,D0767,2026-09-25,Shortage,Responded,Yes
N02981,D0767,2025-11-30,Shortage,Responded,Yes
N02982,D0767,2026-02-25,Urgent,Responded,Yes
N02983,D0767,2026-01-06,Shortage,Responded,Yes
N02984,D0767,2025-09-25,Shortage,Responded,Yes
N02985,D0767,2026-05-24,Urgent,Responded,Yes
N02986,D0767,2026-09-25,Shortage,Responded,Yes
N02987,D0768,2026-09-25,Shortage,Ignored,No
N02988,D0769,2026-09-25,Urgent,Ignored,No
N02989,D0769,2026-09-01,Urgent,Responded,Yes
N02990,D0769,2025-12-07,Shortage,Responded,Yes
N02991,D0769,2026-09-25,Shortage,Ignored,No
N02992,D0769,2026-09-25,Shortage,Ignored,No
N02993,D0770,2026-09-25,Shortage,Responded,Yes
N02994,D0770,2026-08-26,Urgent,Responded,Yes
N02995,D0770,2026-09-25,Shortage,Responded,Yes
N02996,D0770,2026-09-25,Shortage,Responded,Yes
N02997,D0770,2026-09-25,Shortage,Responded,Yes
N02998,D0770,2026-03-26,Shortage,Ignored,No
N02999,D0770,2026-09-25,Shortage,Responded,Yes
N03000,D0771,2026-04-01,Shortage,Ignored,No
N03001,D0771,2026-09-25,Shortage,Ignored,No
N03002,D0772,2026-06-28,Shortage,Responded,Yes
N03003,D0772,2026-09-18,Urgent,Responded,Yes
N03004,D0772,2025-09-09,Shortage,Responded,Yes
N03005,D0772,2026-09-25,Urgent,Responded,Yes
N03006,D0772,2026-09-25,Urgent,Responded,Yes
N03007,D0772,2026-04-08,Urgent,Responded,Yes
N03008,D0773,2026-01-07,Shortage,Ignored,No
N03009,D0773,2026-09-25,Shortage,Ignored,No
N03010,D0773,2026-09-25,Shortage,Responded,Yes
N03011,D0773,2026-09-25,Urgent,Ignored,No
N03012,D0773,2026-09-25,Shortage,Responded,Yes
N03013,D0773,2026-07-31,Shortage,Responded,Yes
N03014,D0774,2026-09-25,Shortage,Ignored,No
N03015,D0774,2026-07-21,Shortage,Ignored,No
N03016,D0774,2026-02-11,Shortage,Ignored,No
N03017,D0774,2026-01-28,Shortage,Responded,Yes
N03018,D0774,2026-08-14,Shortage,Ignored,No
N03019,D0774,2026-07-31,Shortage,Ignored,No
N03020,D0774,2026-09-25,Shortage,Responded,Yes
N03021,D0775,2026-09-25,Shortage,Responded,Yes
N03022,D0775,2026-09-25,Shortage,Responded,Yes
N03023,D0776,2026-09-25,Shortage,Responded,Yes
N03024,D0776,2026-09-25,Shortage,Responded,Yes
N03025,D0777,2026-05-03,Urgent,Responded,Yes
N03026,D0777,2026-09-25,Shortage,Responded,Yes
N03027,D0777,2026-01-03,Shortage,Responded,Yes
N03028,D0777,2026-08-15,Shortage,Responded,Yes
N03029,D0778,2026-09-25,Shortage,Responded,Yes
N03030,D0778,2026-09-25,Shortage,Responded,Yes
N03031,D0778,2026-09-22,Shortage,Responded,Yes
N03032,D0778,2026-09-25,Urgent,Responded,Yes
N03033,D0778,2025-09-24,Shortage,Responded,Yes
N03034,D0778,2026-09-25,Shortage,Responded,Yes
N03035,D0778,2026-07-22,Shortage,Responded,Yes
N03036,D0779,2026-08-04,Shortage,Responded,Yes
N03037,D0779,2026-02-24,Shortage,Responded,Yes
N03038,D0780,2026-02-17,Urgent,Ignored,No
N03039,D0780,2026-09-24,Shortage,Responded,Yes
N03040,D0780,2026-05-21,Urgent,Responded,Yes
N03041,D0780,2026-05-25,Shortage,Responded,Yes
N03042,D0780,2026-09-25,Shortage,Ignored,No
N03043,D0780,2026-09-25,Shortage,Ignored,No
N03044,D0780,2026-05-01,Shortage,Ignored,No
N03045,D0781,2026-09-25,Shortage,Responded,Yes
N03046,D0781,2026-09-25,Urgent,Ignored,No
N03047,D0781,2026-09-25,Urgent,Ignored,No
N03048,D0781,2025-08-18,Shortage,Responded,Yes
N03049,D0781,2026-09-25,Urgent,Responded,Yes
N03050,D0781,2025-05-26,Shortage,Ignored,No
N03051,D0781,2026-09-25,Shortage,Responded,Yes
N03052,D0782,2026-09-25,Urgent,Ignored,No
N03053,D0782,2026-09-25,Shortage,Ignored,No
N03054,D0782,2026-09-25,Shortage,Ignored,No
N03055,D0783,2026-06-29,Urgent,Responded,Yes
N03056,D0783,2026-09-25,Shortage,Ignored,No
N03057,D0784,2026-02-06,Shortage,Responded,Yes
N03058,D0784,2026-09-25,Shortage,Responded,Yes
N03059,D0784,2026-05-06,Shortage,Responded,Yes
N03060,D0785,2026-02-05,Shortage,Responded,Yes
N03061,D0785,2026-09-25,Shortage,Ignored,No
N03062,D0785,2026-09-25,Shortage,Responded,Yes
N03063,D0785,2026-09-08,Shortage,Responded,Yes
N03064,D0786,2026-09-25,Shortage,Responded,Yes
N03065,D0787,2026-09-25,Urgent,Responded,Yes
N03066,D0787,2026-09-25,Shortage,Ignored,No
N03067,D0788,2026-09-25,Shortage,Responded,Yes
N03068,D0788,2026-09-25,Shortage,Responded,Yes
N03069,D0788,2026-09-25,Shortage,Responded,Yes
N03070,D0788,2026-09-25,Shortage,Responded,Yes
N03071,D0788,2026-09-25,Shortage,Responded,Yes
N03072,D0789,2026-02-23,Urgent,Responded,Yes
N03073,D0789,2026-09-04,Shortage,Responded,Yes
N03074,D0790,2025-10-20,Urgent,Responded,Yes
N03075,D0790,2026-06-20,Shortage,Ignored,No
N03076,D0790,2026-09-25,Shortage,Ignored,No
N03077,D0790,2026-09-25,Shortage,Ignored,No
N03078,D0790,2026-09-25,Shortage,Ignored,No
N03079,D0790,2026-09-25,Shortage,Responded,Yes
N03080,D0791,2026-06-02,Shortage,Responded,Yes
N03081,D0791,2026-09-25,Shortage,Responded,Yes
N03082,D0791,2026-04-11,Shortage,Responded,Yes
N03083,D0791,2026-06-23,Urgent,Responded,Yes
N03084,D0792,2026-09-25,Urgent,Responded,Yes
N03085,D0792,2026-09-25,Urgent,Responded,Yes
N03086,D0793,2025-06-17,Urgent,Ignored,No
N03087,D0793,2026-09-25,Shortage,Responded,Yes
N03088,D0793,2026-06-10,Urgent,Responded,Yes
N03089,D0793,2026-09-25,Shortage,Ignored,No
N03090,D0793,2026-09-09,Urgent,Responded,Yes
N03091,D0794,2026-09-25,Urgent,Responded,Yes
N03092,D0794,2026-09-25,Shortage,Responded,Yes
N03093,D0794,2026-09-25,Urgent,Responded,Yes
N03094,D0795,2026-09-25,Urgent,Ignored,No
N03095,D0795,2026-09-25,Shortage,Ignored,No
N03096,D0795,2026-09-18,Shortage,Ignored,No
N03097,D0796,2026-09-25,Shortage,Ignored,No
N03098,D0797,2026-08-16,Urgent,Responded,Yes
N03099,D0797,2026-09-25,Shortage,Responded,Yes
N03100,D0797,2026-02-22,Urgent,Ignored,No
N03101,D0797,2026-09-25,Shortage,Ignored,No
N03102,D0797,2026-02-23,Shortage,Responded,Yes
N03103,D0797,2026-07-17,Shortage,Responded,Yes
N03104,D0797,2025-11-08,Shortage,Responded,Yes
N03105,D0798,2026-09-25,Shortage,Responded,Yes
N03106,D0798,2026-09-25,Shortage,Ignored,No
N03107,D0798,2025-11-21,Shortage,Ignored,No
N03108,D0798,2026-02-05,Shortage,Responded,Yes
N03109,D0799,2026-01-21,Urgent,Ignored,No
N03110,D0799,2026-09-25,Urgent,Ignored,No
N03111,D0799,2026-09-25,Shortage,Ignored,No
N03112,D0800,2026-09-25,Urgent,Ignored,No
N03113,D0800,2026-09-25,Urgent,Ignored,No
N03114,D0800,2026-09-25,Shortage,Responded,Yes
N03115,D0800,2026-09-25,Shortage,Ignored,No
N03116,D0800,2026-03-11,Urgent,Ignored,No
N03117,D0800,2026-09-25,Urgent,Responded,Yes
N03118,D0801,2026-09-25,Shortage,Responded,Yes
N03119,D0801,2026-03-17,Shortage,Responded,Yes
N03120,D0801,2026-07-18,Shortage,Responded,Yes
N03121,D0802,2026-08-11,Urgent,Ignored,No
N03122,D0802,2026-01-31,Urgent,Responded,Yes
N03123,D0802,2026-08-21,Urgent,Responded,Yes
N03124,D0803,2026-09-25,Shortage,Ignored,No
N03125,D0803,2026-09-25,Shortage,Ignored,No
N03126,D0804,2026-07-25,Shortage,Responded,Yes
N03127,D0804,2026-09-25,Shortage,Responded,Yes
N03128,D0804,2026-08-04,Urgent,Ignored,No
N03129,D0804,2026-09-25,Shortage,Ignored,No
N03130,D0805,2026-04-04,Urgent,Ignored,No
N03131,D0805,2026-09-25,Shortage,Responded,Yes
N03132,D0805,2026-09-25,Shortage,Responded,Yes
N03133,D0806,2026-09-25,Urgent,Responded,Yes
N03134,D0807,2026-04-20,Urgent,Ignored,No
N03135,D0807,2026-04-24,Urgent,Responded,Yes
N03136,D0807,2025-11-13,Shortage,Ignored,No
N03137,D0807,2026-04-25,Shortage,Responded,Yes
N03138,D0808,2026-08-22,Shortage,Ignored,No
N03139,D0808,2026-09-25,Shortage,Ignored,No
N03140,D0808,2026-09-25,Urgent,Ignored,No
N03141,D0808,2026-09-25,Urgent,Responded,Yes
N03142,D0808,2026-08-26,Urgent,Ignored,No
N03143,D0808,2026-09-11,Urgent,Ignored,No
N03144,D0809,2026-09-25,Urgent,Responded,Yes
N03145,D0810,2026-01-26,Shortage,Responded,Yes
N03146,D0810,2025-05-20,Shortage,Responded,Yes
N03147,D0810,2026-09-25,Shortage,Ignored,No
N03148,D0811,2025-05-25,Shortage,Responded,Yes
N03149,D0811,2026-09-25,Shortage,Ignored,No
N03150,D0811,2026-09-25,Shortage,Responded,Yes
N03151,D0811,2026-03-26,Urgent,Responded,Yes
N03152,D0811,2026-06-18,Shortage,Ignored,No
N03153,D0812,2026-09-25,Urgent,Responded,Yes
N03154,D0812,2026-07-26,Urgent,Responded,Yes
N03155,D0812,2026-09-25,Urgent,Ignored,No
N03156,D0813,2026-05-30,Shortage,Responded,Yes
N03157,D0813,2026-09-25,Shortage,Responded,Yes
N03158,D0813,2026-09-25,Shortage,Responded,Yes
N03159,D0813,2026-09-25,Urgent,Ignored,No
N03160,D0813,2026-09-25,Urgent,Responded,Yes
N03161,D0813,2026-07-14,Urgent,Responded,Yes
N03162,D0813,2026-09-25,Urgent,Responded,Yes
N03163,D0814,2026-06-07,Urgent,Ignored,No
N03164,D0814,2026-09-25,Shortage,Responded,Yes
N03165,D0815,2026-09-25,Urgent,Ignored,No
N03166,D0815,2025-11-21,Shortage,Responded,Yes
N03167,D0815,2026-07-16,Shortage,Ignored,No
N03168,D0815,2026-09-25,Urgent,Responded,Yes
N03169,D0816,2026-04-12,Urgent,Ignored,No
N03170,D0816,2026-09-25,Urgent,Ignored,No
N03171,D0816,2026-05-27,Shortage,Ignored,No
N03172,D0816,2026-09-25,Urgent,Ignored,No
N03173,D0817,2026-09-25,Urgent,Responded,Yes
N03174,D0817,2026-09-25,Shortage,Ignored,No
N03175,D0817,2026-02-01,Urgent,Ignored,No
N03176,D0817,2026-09-25,Urgent,Responded,Yes
N03177,D0817,2025-09-09,Shortage,Responded,Yes
N03178,D0817,2025-11-12,Urgent,Responded,Yes
N03179,D0817,2026-01-31,Urgent,Ignored,No
N03180,D0818,2026-02-02,Urgent,Responded,Yes
N03181,D0818,2026-06-06,Shortage,Ignored,No
N03182,D0818,2025-12-18,Shortage,Ignored,No
N03183,D0818,2026-09-25,Shortage,Responded,Yes
N03184,D0818,2026-09-25,Shortage,Responded,Yes
N03185,D0818,2026-03-18,Shortage,Responded,Yes
N03186,D0819,2026-09-25,Shortage,Responded,Yes
N03187,D0819,2026-09-25,Shortage,Responded,Yes
N03188,D0819,2025-06-03,Urgent,Responded,Yes
N03189,D0819,2026-09-25,Shortage,Responded,Yes
N03190,D0820,2026-09-25,Urgent,Responded,Yes
N03191,D0820,2026-09-25,Shortage,Ignored,No
N03192,D0820,2025-10-15,Urgent,Ignored,No
N03193,D0820,2026-09-25,Shortage,Ignored,No
N03194,D0820,2026-08-01,Urgent,Ignored,No
N03195,D0820,2026-09-25,Urgent,Ignored,No
N03196,D0820,2026-09-25,Urgent,Responded,Yes
N03197,D0821,2026-03-05,Urgent,Responded,Yes
N03198,D0821,2026-08-06,Urgent,Ignored,No
N03199,D0822,2026-03-09,Shortage,Responded,Yes
N03200,D0822,2026-09-25,Shortage,Responded,Yes
N03201,D0822,2026-09-25,Shortage,Responded,Yes
N03202,D0822,2025-08-22,Urgent,Responded,Yes
N03203,D0822,2026-09-25,Urgent,Responded,Yes
N03204,D0823,2025-10-15,Urgent,Ignored,No
N03205,D0823,2026-09-25,Shortage,Ignored,No
N03206,D0824,2026-09-25,Shortage,Ignored,No
N03207,D0824,2026-09-25,Shortage,Responded,Yes
N03208,D0824,2026-09-25,Urgent,Ignored,No
N03209,D0824,2026-05-30,Shortage,Ignored,No
N03210,D0825,2026-09-25,Urgent,Responded,Yes
N03211,D0825,2026-09-25,Shortage,Ignored,No
N03212,D0825,2026-09-25,Shortage,Ignored,No
N03213,D0825,2025-05-27,Urgent,Responded,Yes
N03214,D0825,2025-07-26,Shortage,Responded,Yes
N03215,D0825,2026-09-25,Urgent,Ignored,No
N03216,D0825,2026-09-25,Urgent,Ignored,No
N03217,D0826,2026-09-25,Shortage,Responded,Yes
N03218,D0826,2026-02-22,Shortage,Responded,Yes
N03219,D0827,2025-11-23,Shortage,Ignored,No
N03220,D0827,2026-09-25,Shortage,Ignored,No
N03221,D0827,2026-09-25,Shortage,Ignored,No
N03222,D0827,2026-09-25,Shortage,Ignored,No
N03223,D0827,2026-09-25,Shortage,Responded,Yes
N03224,D0827,2026-07-06,Urgent,Ignored,No
N03225,D0828,2026-09-25,Shortage,Ignored,No
N03226,D0828,2026-02-05,Urgent,Responded,Yes
N03227,D0828,2026-09-25,Shortage,Ignored,No
N03228,D0828,2026-09-25,Shortage,Ignored,No
N03229,D0828,2026-09-25,Shortage,Ignored,No
N03230,D0829,2026-07-06,Urgent,Ignored,No
N03231,D0829,2026-09-25,Shortage,Responded,Yes
N03232,D0829,2026-09-25,Shortage,Ignored,No
N03233,D0830,2025-10-16,Urgent,Responded,Yes
N03234,D0830,2026-09-25,Shortage,Ignored,No
N03235,D0830,2026-01-26,Urgent,Ignored,No
N03236,D0830,2026-07-10,Shortage,Responded,Yes
N03237,D0831,2026-09-25,Shortage,Ignored,No
N03238,D0831,2026-06-15,Shortage,Responded,Yes
N03239,D0831,2026-08-23,Shortage,Ignored,No
N03240,D0831,2026-09-25,Shortage,Ignored,No
N03241,D0832,2025-10-29,Shortage,Ignored,No
N03242,D0832,2026-06-22,Urgent,Responded,Yes
N03243,D0832,2026-06-19,Shortage,Responded,Yes
N03244,D0832,2026-09-25,Urgent,Responded,Yes
N03245,D0832,2026-09-25,Urgent,Responded,Yes
N03246,D0833,2025-11-19,Shortage,Responded,Yes
N03247,D0833,2026-09-25,Shortage,Responded,Yes
N03248,D0833,2026-09-25,Urgent,Responded,Yes
N03249,D0834,2026-06-20,Shortage,Ignored,No
N03250,D0834,2026-09-25,Shortage,Ignored,No
N03251,D0834,2026-09-25,Urgent,Ignored,No
N03252,D0835,2026-06-17,Urgent,Ignored,No
N03253,D0835,2026-04-07,Shortage,Ignored,No
N03254,D0835,2026-09-25,Shortage,Responded,Yes
N03255,D0835,2026-09-25,Urgent,Ignored,No
N03256,D0835,2026-09-25,Urgent,Ignored,No
N03257,D0835,2026-09-25,Shortage,Responded,Yes
N03258,D0836,2026-09-25,Urgent,Responded,Yes
N03259,D0837,2026-09-25,Shortage,Ignored,No
N03260,D0837,2026-05-28,Urgent,Ignored,No
N03261,D0837,2026-09-23,Shortage,Ignored,No
N03262,D0837,2026-09-12,Shortage,Responded,Yes
N03263,D0838,2026-09-25,Urgent,Ignored,No
N03264,D0838,2026-07-26,Shortage,Responded,Yes
N03265,D0838,2026-09-25,Urgent,Ignored,No
N03266,D0839,2026-03-29,Shortage,Ignored,No
N03267,D0839,2026-09-25,Urgent,Ignored,No
N03268,D0840,2026-09-25,Shortage,Responded,Yes
N03269,D0841,2026-06-03,Urgent,Ignored,No
N03270,D0841,2026-09-25,Shortage,Ignored,No
N03271,D0841,2026-01-08,Urgent,Responded,Yes
N03272,D0841,2026-09-05,Shortage,Ignored,No
N03273,D0841,2026-05-10,Shortage,Responded,Yes
N03274,D0841,2026-09-25,Shortage,Responded,Yes
N03275,D0841,2026-09-25,Urgent,Ignored,No
N03276,D0842,2025-12-27,Urgent,Ignored,No
N03277,D0842,2026-09-25,Urgent,Ignored,No
N03278,D0842,2026-09-05,Shortage,Responded,Yes
N03279,D0842,2026-05-04,Shortage,Ignored,No
N03280,D0842,2026-09-25,Urgent,Responded,Yes
N03281,D0843,2026-09-25,Urgent,Ignored,No
N03282,D0843,2026-09-25,Urgent,Responded,Yes
N03283,D0843,2026-08-28,Shortage,Ignored,No
N03284,D0844,2025-09-13,Shortage,Responded,Yes
N03285,D0844,2026-09-25,Urgent,Ignored,No
N03286,D0844,2026-09-25,Urgent,Ignored,No
N03287,D0844,2026-09-25,Shortage,Ignored,No
N03288,D0845,2026-09-25,Shortage,Responded,Yes
N03289,D0846,2026-09-25,Urgent,Ignored,No
N03290,D0847,2026-09-25,Shortage,Ignored,No
N03291,D0847,2026-02-14,Shortage,Responded,Yes
N03292,D0847,2026-09-25,Urgent,Ignored,No
N03293,D0847,2026-09-25,Shortage,Ignored,No
N03294,D0847,2026-09-14,Shortage,Ignored,No
N03295,D0847,2025-06-02,Urgent,Ignored,No
N03296,D0848,2026-03-20,Shortage,Responded,Yes
N03297,D0848,2026-09-25,Shortage,Ignored,No
N03298,D0848,2026-01-12,Shortage,Responded,Yes
N03299,D0848,2026-09-25,Shortage,Ignored,No
N03300,D0849,2026-09-25,Shortage,Responded,Yes
N03301,D0849,2026-05-19,Shortage,Responded,Yes
N03302,D0849,2026-04-29,Shortage,Ignored,No
N03303,D0849,2026-09-25,Shortage,Ignored,No
N03304,D0849,2026-07-01,Shortage,Ignored,No
N03305,D0849,2026-08-07,Shortage,Responded,Yes
N03306,D0850,2026-09-25,Urgent,Ignored,No
N03307,D0850,2026-09-25,Shortage,Responded,Yes
N03308,D0850,2025-12-26,Shortage,Ignored,No
N03309,D0850,2026-07-25,Shortage,Responded,Yes
N03310,D0850,2026-09-25,Shortage,Responded,Yes
N03311,D0850,2026-03-20,Shortage,Ignored,No
N03312,D0850,2026-05-20,Urgent,Responded,Yes
N03313,D0851,2026-09-25,Shortage,Responded,Yes
N03314,D0851,2026-09-25,Urgent,Responded,Yes
N03315,D0851,2025-10-02,Shortage,Responded,Yes
N03316,D0851,2026-09-25,Shortage,Responded,Yes
N03317,D0851,2026-09-02,Shortage,Ignored,No
N03318,D0852,2026-03-12,Urgent,Responded,Yes
N03319,D0852,2026-09-25,Urgent,Responded,Yes
N03320,D0852,2026-07-05,Shortage,Responded,Yes
N03321,D0852,2026-08-08,Shortage,Ignored,No
N03322,D0852,2026-09-25,Shortage,Ignored,No
N03323,D0852,2026-09-25,Shortage,Ignored,No
N03324,D0853,2026-09-25,Urgent,Responded,Yes
N03325,D0853,2026-09-25,Urgent,Responded,Yes
N03326,D0854,2026-09-25,Shortage,Responded,Yes
N03327,D0854,2026-09-25,Urgent,Responded,Yes
N03328,D0854,2026-09-25,Urgent,Responded,Yes
N03329,D0854,2026-09-25,Shortage,Responded,Yes
N03330,D0854,2026-02-18,Shortage,Responded,Yes
N03331,D0854,2026-09-25,Shortage,Responded,Yes
N03332,D0855,2026-09-25,Urgent,Responded,Yes
N03333,D0856,2026-08-10,Shortage,Ignored,No
N03334,D0856,2026-09-25,Shortage,Ignored,No
N03335,D0856,2026-06-02,Shortage,Ignored,No
N03336,D0856,2026-09-25,Shortage,Responded,Yes
N03337,D0857,2026-09-25,Shortage,Responded,Yes
N03338,D0857,2026-09-25,Shortage,Responded,Yes
N03339,D0857,2026-09-25,Shortage,Responded,Yes
N03340,D0858,2026-08-13,Urgent,Responded,Yes
N03341,D0858,2026-09-25,Urgent,Responded,Yes
N03342,D0858,2026-09-25,Shortage,Ignored,No
N03343,D0858,2026-07-16,Shortage,Responded,Yes
N03344,D0859,2026-09-25,Shortage,Responded,Yes
N03345,D0859,2026-07-27,Urgent,Responded,Yes
N03346,D0859,2026-05-20,Shortage,Responded,Yes
N03347,D0859,2026-09-25,Shortage,Responded,Yes
N03348,D0859,2026-09-25,Shortage,Responded,Yes
N03349,D0859,2026-09-25,Shortage,Responded,Yes
N03350,D0859,2026-07-22,Shortage,Responded,Yes
N03351,D0860,2025-11-10,Shortage,Ignored,No
N03352,D0860,2026-09-25,Shortage,Ignored,No
N03353,D0860,2026-09-25,Shortage,Ignored,No
N03354,D0860,2026-09-25,Shortage,Ignored,No
N03355,D0860,2026-09-25,Urgent,Ignored,No
N03356,D0860,2026-09-25,Urgent,Ignored,No
N03357,D0860,2026-03-11,Shortage,Responded,Yes
N03358,D0861,2026-09-25,Urgent,Responded,Yes
N03359,D0861,2025-11-02,Urgent,Responded,Yes
N03360,D0861,2026-09-25,Shortage,Responded,Yes
N03361,D0861,2026-05-09,Shortage,Responded,Yes
N03362,D0862,2026-09-25,Shortage,Responded,Yes
N03363,D0862,2026-06-27,Shortage,Ignored,No
N03364,D0862,2026-05-23,Shortage,Ignored,No
N03365,D0862,2026-04-17,Shortage,Responded,Yes
N03366,D0862,2026-09-25,Urgent,Ignored,No
N03367,D0862,2025-09-24,Urgent,Ignored,No
N03368,D0862,2026-09-25,Shortage,Ignored,No
N03369,D0863,2026-09-25,Urgent,Ignored,No
N03370,D0863,2026-09-25,Shortage,Responded,Yes
N03371,D0863,2025-11-25,Shortage,Responded,Yes
N03372,D0864,2026-09-25,Shortage,Responded,Yes
N03373,D0864,2026-08-22,Shortage,Responded,Yes
N03374,D0864,2026-09-25,Urgent,Responded,Yes
N03375,D0864,2026-09-25,Shortage,Responded,Yes
N03376,D0864,2026-09-25,Shortage,Ignored,No
N03377,D0865,2026-01-09,Urgent,Responded,Yes
N03378,D0865,2026-08-30,Shortage,Ignored,No
N03379,D0866,2026-05-22,Shortage,Responded,Yes
N03380,D0866,2026-09-25,Urgent,Responded,Yes
N03381,D0866,2026-09-25,Shortage,Responded,Yes
N03382,D0866,2026-09-25,Shortage,Responded,Yes
N03383,D0866,2026-09-02,Shortage,Ignored,No
N03384,D0867,2026-09-25,Shortage,Ignored,No
N03385,D0868,2026-09-25,Shortage,Ignored,No
N03386,D0868,2026-09-25,Shortage,Ignored,No
N03387,D0868,2026-09-25,Shortage,Ignored,No
N03388,D0868,2026-09-25,Shortage,Ignored,No
N03389,D0869,2026-09-25,Urgent,Responded,Yes
N03390,D0869,2026-05-12,Shortage,Ignored,No
N03391,D0869,2026-03-12,Shortage,Ignored,No
N03392,D0869,2026-09-25,Shortage,Ignored,No
N03393,D0869,2026-09-25,Shortage,Ignored,No
N03394,D0869,2026-09-25,Shortage,Ignored,No
N03395,D0870,2026-09-25,Shortage,Responded,Yes
N03396,D0870,2026-09-25,Shortage,Responded,Yes
N03397,D0870,2026-06-25,Shortage,Responded,Yes
N03398,D0871,2026-06-29,Shortage,Responded,Yes
N03399,D0871,2026-09-25,Urgent,Responded,Yes
N03400,D0871,2026-05-14,Shortage,Responded,Yes
N03401,D0872,2026-06-11,Urgent,Ignored,No
N03402,D0872,2026-09-25,Shortage,Ignored,No
N03403,D0872,2026-09-25,Shortage,Ignored,No
N03404,D0872,2026-09-25,Shortage,Responded,Yes
N03405,D0873,2026-09-25,Shortage,Ignored,No
N03406,D0873,2026-09-25,Shortage,Ignored,No
N03407,D0873,2026-09-25,Urgent,Ignored,No
N03408,D0874,2026-09-25,Urgent,Ignored,No
N03409,D0874,2026-09-25,Urgent,Responded,Yes
N03410,D0874,2026-09-25,Urgent,Responded,Yes
N03411,D0874,2026-07-02,Shortage,Ignored,No
N03412,D0874,2025-10-31,Shortage,Ignored,No
N03413,D0874,2026-09-25,Urgent,Responded,Yes
N03414,D0875,2026-09-25,Shortage,Ignored,No
N03415,D0875,2026-08-18,Shortage,Responded,Yes
N03416,D0875,2026-05-31,Shortage,Responded,Yes
N03417,D0875,2026-09-25,Shortage,Responded,Yes
N03418,D0875,2026-09-25,Shortage,Ignored,No
N03419,D0876,2025-10-31,Shortage,Responded,Yes
N03420,D0876,2026-09-25,Shortage,Responded,Yes
N03421,D0876,2025-06-21,Urgent,Responded,Yes
N03422,D0876,2026-08-18,Shortage,Responded,Yes
N03423,D0876,2026-03-29,Urgent,Responded,Yes
N03424,D0876,2026-09-25,Shortage,Responded,Yes
N03425,D0877,2026-09-25,Shortage,Ignored,No
N03426,D0878,2025-05-12,Urgent,Ignored,No
N03427,D0878,2026-09-25,Shortage,Ignored,No
N03428,D0878,2026-09-25,Shortage,Responded,Yes
N03429,D0878,2025-11-04,Shortage,Ignored,No
N03430,D0879,2025-08-02,Shortage,Responded,Yes
N03431,D0879,2026-09-25,Shortage,Ignored,No
N03432,D0879,2025-10-18,Shortage,Ignored,No
N03433,D0879,2026-09-25,Shortage,Responded,Yes
N03434,D0880,2025-07-25,Urgent,Responded,Yes
N03435,D0880,2026-09-25,Shortage,Responded,Yes
N03436,D0880,2026-09-25,Shortage,Responded,Yes
N03437,D0880,2026-09-25,Urgent,Responded,Yes
N03438,D0881,2026-09-25,Shortage,Ignored,No
N03439,D0881,2026-09-25,Urgent,Responded,Yes
N03440,D0881,2026-09-18,Shortage,Responded,Yes
N03441,D0881,2026-09-25,Urgent,Responded,Yes
N03442,D0881,2025-05-23,Shortage,Responded,Yes
N03443,D0882,2026-09-25,Shortage,Responded,Yes
N03444,D0882,2026-09-25,Shortage,Ignored,No
N03445,D0882,2026-09-25,Urgent,Ignored,No
N03446,D0882,2026-09-25,Shortage,Ignored,No
N03447,D0882,2026-06-30,Shortage,Responded,Yes
N03448,D0883,2026-09-25,Urgent,Ignored,No
N03449,D0884,2025-12-19,Shortage,Ignored,No
N03450,D0885,2026-01-25,Shortage,Responded,Yes
N03451,D0885,2026-09-25,Shortage,Responded,Yes
N03452,D0885,2026-09-25,Shortage,Responded,Yes
N03453,D0886,2026-01-10,Shortage,Ignored,No
N03454,D0886,2026-09-25,Urgent,Responded,Yes
N03455,D0886,2026-09-25,Urgent,Responded,Yes
N03456,D0886,2026-09-25,Shortage,Ignored,No
N03457,D0886,2026-09-25,Urgent,Responded,Yes
N03458,D0886,2026-09-25,Shortage,Responded,Yes
N03459,D0886,2025-09-13,Shortage,Ignored,No
N03460,D0887,2026-09-25,Shortage,Ignored,No
N03461,D0888,2026-09-25,Shortage,Ignored,No
N03462,D0889,2026-09-25,Urgent,Responded,Yes
N03463,D0889,2025-12-25,Urgent,Ignored,No
N03464,D0889,2026-09-25,Urgent,Ignored,No
N03465,D0889,2025-08-18,Shortage,Ignored,No
N03466,D0889,2026-09-20,Shortage,Ignored,No
N03467,D0889,2026-09-25,Shortage,Ignored,No
N03468,D0889,2026-09-25,Shortage,Ignored,No
N03469,D0890,2026-09-25,Shortage,Ignored,No
N03470,D0890,2026-09-25,Shortage,Responded,Yes
N03471,D0890,2025-11-10,Shortage,Responded,Yes
N03472,D0891,2026-03-17,Shortage,Responded,Yes
N03473,D0891,2026-01-22,Shortage,Ignored,No
N03474,D0892,2026-08-27,Shortage,Responded,Yes
N03475,D0893,2026-09-25,Urgent,Responded,Yes
N03476,D0893,2026-02-02,Shortage,Responded,Yes
N03477,D0894,2026-09-14,Shortage,Ignored,No
N03478,D0894,2025-12-13,Urgent,Ignored,No
N03479,D0894,2026-07-18,Shortage,Responded,Yes
N03480,D0894,2025-10-28,Shortage,Responded,Yes
N03481,D0894,2026-08-03,Urgent,Responded,Yes
N03482,D0894,2026-09-25,Shortage,Ignored,No
N03483,D0894,2026-08-30,Shortage,Responded,Yes
N03484,D0895,2026-09-25,Shortage,Responded,Yes
N03485,D0895,2026-09-25,Shortage,Responded,Yes
N03486,D0895,2026-09-25,Shortage,Responded,Yes
N03487,D0895,2026-09-25,Urgent,Responded,Yes
N03488,D0895,2026-09-25,Shortage,Responded,Yes
N03489,D0895,2026-02-18,Shortage,Responded,Yes
N03490,D0895,2025-11-17,Shortage,Responded,Yes
N03491,D0896,2026-09-25,Urgent,Ignored,No
N03492,D0896,2026-09-25,Shortage,Responded,Yes
N03493,D0896,2026-09-25,Shortage,Ignored,No
N03494,D0896,2026-09-25,Urgent,Ignored,No
N03495,D0896,2025-09-15,Shortage,Ignored,No
N03496,D0896,2026-02-24,Shortage,Ignored,No
N03497,D0897,2026-09-25,Urgent,Ignored,No
N03498,D0897,2026-01-15,Shortage,Ignored,No
N03499,D0897,2025-11-29,Urgent,Ignored,No
N03500,D0897,2026-09-25,Shortage,Responded,Yes
N03501,D0897,2025-11-23,Urgent,Ignored,No
N03502,D0897,2026-09-25,Shortage,Ignored,No
N03503,D0897,2026-09-25,Shortage,Ignored,No
N03504,D0898,2026-09-25,Urgent,Responded,Yes
N03505,D0898,2025-11-21,Shortage,Responded,Yes
N03506,D0898,2026-09-25,Urgent,Responded,Yes
N03507,D0898,2026-09-25,Urgent,Ignored,No
N03508,D0899,2026-09-25,Shortage,Responded,Yes
N03509,D0900,2026-09-25,Shortage,Ignored,No
N03510,D0900,2026-07-25,Urgent,Responded,Yes
N03511,D0900,2026-09-25,Shortage,Responded,Yes
N03512,D0900,2026-07-29,Urgent,Responded,Yes
N03513,D0900,2025-12-29,Shortage,Ignored,No
N03514,D0901,2026-04-02,Shortage,Responded,Yes
N03515,D0901,2026-09-25,Shortage,Responded,Yes
N03516,D0901,2026-05-25,Urgent,Responded,Yes
N03517,D0901,2025-10-27,Shortage,Ignored,No
N03518,D0901,2026-09-25,Shortage,Responded,Yes
N03519,D0901,2026-09-25,Shortage,Responded,Yes
N03520,D0901,2025-09-12,Shortage,Ignored,No
N03521,D0902,2025-11-15,Urgent,Responded,Yes
N03522,D0902,2026-09-25,Urgent,Responded,Yes
N03523,D0902,2025-11-26,Shortage,Responded,Yes
N03524,D0902,2026-06-21,Shortage,Ignored,No
N03525,D0902,2026-09-25,Shortage,Ignored,No
N03526,D0903,2026-08-19,Shortage,Ignored,No
N03527,D0903,2026-09-25,Shortage,Responded,Yes
N03528,D0903,2026-09-25,Shortage,Ignored,No
N03529,D0903,2026-03-16,Shortage,Responded,Yes
N03530,D0904,2026-09-25,Urgent,Ignored,No
N03531,D0904,2026-09-25,Shortage,Responded,Yes
N03532,D0904,2026-09-25,Shortage,Responded,Yes
N03533,D0904,2026-09-25,Shortage,Ignored,No
N03534,D0905,2026-09-08,Urgent,Responded,Yes
N03535,D0905,2026-09-25,Shortage,Responded,Yes
N03536,D0905,2026-02-22,Urgent,Responded,Yes
N03537,D0906,2025-07-31,Urgent,Responded,Yes
N03538,D0907,2026-09-25,Urgent,Ignored,No
N03539,D0907,2025-05-07,Shortage,Responded,Yes
N03540,D0907,2026-07-30,Shortage,Ignored,No
N03541,D0907,2026-09-25,Shortage,Ignored,No
N03542,D0907,2026-09-25,Shortage,Ignored,No
N03543,D0907,2026-09-25,Shortage,Ignored,No
N03544,D0908,2026-07-01,Shortage,Ignored,No
N03545,D0909,2026-09-25,Shortage,Responded,Yes
N03546,D0910,2026-07-21,Shortage,Ignored,No
N03547,D0910,2026-09-18,Urgent,Ignored,No
N03548,D0910,2026-06-25,Shortage,Responded,Yes
N03549,D0910,2026-09-25,Urgent,Ignored,No
N03550,D0910,2026-08-19,Shortage,Ignored,No
N03551,D0910,2026-01-26,Urgent,Responded,Yes
N03552,D0911,2026-08-22,Shortage,Ignored,No
N03553,D0911,2026-09-25,Shortage,Responded,Yes
N03554,D0911,2026-09-21,Urgent,Ignored,No
N03555,D0911,2026-04-26,Shortage,Ignored,No
N03556,D0911,2026-09-25,Shortage,Ignored,No
N03557,D0912,2026-09-08,Shortage,Responded,Yes
N03558,D0912,2026-09-25,Shortage,Responded,Yes
N03559,D0912,2026-09-25,Urgent,Responded,Yes
N03560,D0912,2026-04-29,Shortage,Ignored,No
N03561,D0912,2026-06-23,Urgent,Responded,Yes
N03562,D0913,2025-08-16,Shortage,Ignored,No
N03563,D0913,2026-09-25,Urgent,Ignored,No
N03564,D0914,2026-04-01,Shortage,Responded,Yes
N03565,D0914,2026-09-25,Urgent,Responded,Yes
N03566,D0914,2026-07-04,Urgent,Responded,Yes
N03567,D0914,2025-09-09,Shortage,Ignored,No
N03568,D0914,2026-09-25,Shortage,Ignored,No
N03569,D0915,2026-09-25,Shortage,Ignored,No
N03570,D0915,2026-09-25,Urgent,Ignored,No
N03571,D0915,2026-09-25,Shortage,Responded,Yes
N03572,D0915,2026-03-04,Shortage,Ignored,No
N03573,D0915,2026-09-25,Shortage,Ignored,No
N03574,D0916,2026-09-25,Shortage,Ignored,No
N03575,D0916,2026-09-25,Shortage,Responded,Yes
N03576,D0917,2026-09-25,Shortage,Responded,Yes
N03577,D0917,2026-06-26,Shortage,Responded,Yes
N03578,D0917,2026-04-24,Shortage,Responded,Yes
N03579,D0917,2026-02-07,Shortage,Responded,Yes
N03580,D0918,2026-04-02,Shortage,Ignored,No
N03581,D0919,2026-09-25,Urgent,Responded,Yes
N03582,D0919,2026-09-25,Shortage,Ignored,No
N03583,D0919,2026-09-25,Shortage,Responded,Yes
N03584,D0919,2026-09-25,Shortage,Responded,Yes
N03585,D0919,2025-05-13,Shortage,Responded,Yes
N03586,D0920,2026-09-25,Shortage,Responded,Yes
N03587,D0920,2025-10-14,Shortage,Responded,Yes
N03588,D0921,2026-09-25,Urgent,Responded,Yes
N03589,D0921,2026-09-25,Urgent,Responded,Yes
N03590,D0921,2025-08-27,Urgent,Ignored,No
N03591,D0921,2026-09-25,Urgent,Responded,Yes
N03592,D0921,2026-08-04,Urgent,Responded,Yes
N03593,D0921,2026-09-25,Shortage,Responded,Yes
N03594,D0921,2026-09-25,Shortage,Ignored,No
N03595,D0922,2026-09-25,Shortage,Ignored,No
N03596,D0922,2026-08-08,Shortage,Ignored,No
N03597,D0922,2026-09-25,Urgent,Responded,Yes
N03598,D0922,2026-03-31,Shortage,Ignored,No
N03599,D0922,2026-09-25,Shortage,Ignored,No
N03600,D0923,2026-09-25,Shortage,Ignored,No
N03601,D0923,2026-01-09,Urgent,Ignored,No
N03602,D0923,2026-09-25,Shortage,Ignored,No
N03603,D0924,2026-06-15,Shortage,Responded,Yes
N03604,D0924,2026-09-25,Shortage,Responded,Yes
N03605,D0925,2026-09-25,Urgent,Responded,Yes
N03606,D0925,2026-09-25,Shortage,Ignored,No
N03607,D0926,2026-05-22,Shortage,Ignored,No
N03608,D0926,2026-09-25,Shortage,Responded,Yes
N03609,D0927,2025-12-03,Urgent,Responded,Yes
N03610,D0927,2026-04-08,Shortage,Ignored,No
N03611,D0927,2026-09-25,Shortage,Responded,Yes
N03612,D0927,2026-06-30,Urgent,Responded,Yes
N03613,D0927,2026-09-17,Shortage,Ignored,No
N03614,D0927,2025-09-06,Shortage,Ignored,No
N03615,D0927,2026-09-25,Urgent,Ignored,No
N03616,D0928,2026-09-02,Urgent,Responded,Yes
N03617,D0928,2026-06-09,Urgent,Ignored,No
N03618,D0928,2026-09-25,Shortage,Responded,Yes
N03619,D0928,2026-09-25,Urgent,Responded,Yes
N03620,D0928,2026-08-26,Shortage,Ignored,No
N03621,D0929,2026-09-25,Shortage,Ignored,No
N03622,D0930,2026-09-25,Shortage,Responded,Yes
N03623,D0930,2026-09-25,Urgent,Ignored,No
N03624,D0930,2026-09-25,Urgent,Ignored,No
N03625,D0930,2025-12-15,Urgent,Ignored,No
N03626,D0930,2026-09-25,Shortage,Ignored,No
N03627,D0931,2026-08-14,Shortage,Responded,Yes
N03628,D0931,2026-08-18,Shortage,Responded,Yes
N03629,D0931,2026-06-18,Urgent,Responded,Yes
N03630,D0932,2026-09-25,Shortage,Ignored,No
N03631,D0932,2026-09-25,Shortage,Ignored,No
N03632,D0932,2026-09-25,Shortage,Ignored,No
N03633,D0932,2026-09-25,Urgent,Ignored,No
N03634,D0933,2026-09-25,Urgent,Responded,Yes
N03635,D0933,2026-04-01,Shortage,Responded,Yes
N03636,D0933,2026-02-06,Urgent,Responded,Yes
N03637,D0933,2026-09-25,Shortage,Ignored,No
N03638,D0933,2026-07-03,Urgent,Responded,Yes
N03639,D0933,2026-09-10,Shortage,Responded,Yes
N03640,D0934,2026-09-25,Urgent,Responded,Yes
N03641,D0934,2026-09-25,Urgent,Responded,Yes
N03642,D0934,2026-08-18,Shortage,Ignored,No
N03643,D0934,2025-12-03,Shortage,Ignored,No
N03644,D0934,2026-09-25,Urgent,Responded,Yes
N03645,D0934,2026-08-01,Urgent,Ignored,No
N03646,D0935,2026-09-25,Urgent,Ignored,No
N03647,D0935,2026-09-25,Shortage,Responded,Yes
N03648,D0936,2026-09-25,Shortage,Responded,Yes
N03649,D0936,2026-09-25,Shortage,Responded,Yes
N03650,D0936,2026-05-31,Shortage,Responded,Yes
N03651,D0936,2025-11-21,Urgent,Ignored,No
N03652,D0936,2026-09-25,Shortage,Ignored,No
N03653,D0936,2026-09-25,Urgent,Ignored,No
N03654,D0937,2026-03-01,Shortage,Ignored,No
N03655,D0937,2026-09-25,Urgent,Ignored,No
N03656,D0937,2026-09-25,Urgent,Ignored,No
N03657,D0938,2025-12-13,Shortage,Responded,Yes
N03658,D0938,2026-07-19,Urgent,Responded,Yes
N03659,D0938,2026-09-25,Urgent,Responded,Yes
N03660,D0938,2026-09-25,Urgent,Ignored,No
N03661,D0938,2026-04-02,Urgent,Ignored,No
N03662,D0939,2026-02-24,Shortage,Responded,Yes
N03663,D0939,2026-06-23,Shortage,Responded,Yes
N03664,D0939,2026-09-25,Shortage,Ignored,No
N03665,D0939,2026-09-25,Shortage,Responded,Yes
N03666,D0940,2026-07-22,Shortage,Responded,Yes
N03667,D0940,2026-06-16,Shortage,Ignored,No
N03668,D0940,2026-07-31,Urgent,Responded,Yes
N03669,D0940,2026-09-21,Shortage,Responded,Yes
N03670,D0940,2026-09-25,Urgent,Responded,Yes
N03671,D0940,2026-09-25,Shortage,Responded,Yes
N03672,D0940,2026-09-25,Urgent,Responded,Yes
N03673,D0941,2026-09-25,Urgent,Ignored,No
N03674,D0942,2026-04-06,Shortage,Ignored,No
N03675,D0942,2026-09-25,Shortage,Responded,Yes
N03676,D0942,2025-10-08,Urgent,Responded,Yes
N03677,D0943,2026-09-25,Urgent,Ignored,No
N03678,D0943,2026-07-05,Shortage,Responded,Yes
N03679,D0943,2026-09-25,Shortage,Ignored,No
N03680,D0944,2026-09-25,Urgent,Responded,Yes
N03681,D0944,2026-05-13,Urgent,Responded,Yes
N03682,D0944,2026-09-25,Urgent,Responded,Yes
N03683,D0944,2026-09-25,Urgent,Responded,Yes
N03684,D0944,2026-01-27,Shortage,Ignored,No
N03685,D0944,2026-09-25,Urgent,Responded,Yes
N03686,D0944,2026-09-25,Shortage,Responded,Yes
N03687,D0945,2026-04-09,Shortage,Ignored,No
N03688,D0945,2026-07-21,Shortage,Ignored,No
N03689,D0945,2026-09-25,Shortage,Responded,Yes
N03690,D0945,2026-09-25,Urgent,Ignored,No
N03691,D0945,2026-08-02,Urgent,Ignored,No
N03692,D0945,2026-05-11,Shortage,Ignored,No
N03693,D0945,2025-11-29,Shortage,Responded,Yes
N03694,D0946,2026-02-22,Shortage,Ignored,No
N03695,D0947,2026-09-25,Shortage,Responded,Yes
N03696,D0947,2026-09-25,Shortage,Responded,Yes
N03697,D0947,2026-06-06,Shortage,Responded,Yes
N03698,D0947,2026-02-21,Shortage,Ignored,No
N03699,D0947,2026-09-25,Shortage,Ignored,No
N03700,D0948,2026-09-25,Shortage,Responded,Yes
N03701,D0948,2026-07-21,Shortage,Responded,Yes
N03702,D0948,2026-09-25,Shortage,Responded,Yes
N03703,D0948,2026-04-17,Shortage,Responded,Yes
N03704,D0948,2026-09-25,Urgent,Responded,Yes
N03705,D0948,2026-09-25,Shortage,Ignored,No
N03706,D0948,2026-09-25,Urgent,Responded,Yes
N03707,D0949,2026-09-25,Shortage,Ignored,No
N03708,D0950,2026-05-14,Shortage,Ignored,No
N03709,D0950,2026-09-25,Shortage,Ignored,No
N03710,D0951,2026-09-25,Urgent,Ignored,No
N03711,D0951,2025-09-24,Shortage,Responded,Yes
N03712,D0951,2026-09-25,Shortage,Responded,Yes
N03713,D0951,2026-09-25,Shortage,Responded,Yes
N03714,D0951,2026-05-24,Urgent,Responded,Yes
N03715,D0951,2026-09-01,Shortage,Ignored,No
N03716,D0951,2026-09-25,Urgent,Ignored,No
N03717,D0952,2026-09-25,Urgent,Ignored,No
N03718,D0952,2025-07-25,Shortage,Ignored,No
N03719,D0952,2026-09-22,Shortage,Ignored,No
N03720,D0952,2026-09-25,Urgent,Ignored,No
N03721,D0952,2025-09-16,Shortage,Ignored,No
N03722,D0952,2026-09-25,Urgent,Ignored,No
N03723,D0953,2026-02-09,Urgent,Responded,Yes
N03724,D0953,2026-05-04,Shortage,Ignored,No
N03725,D0953,2025-07-11,Urgent,Responded,Yes
N03726,D0954,2026-09-25,Shortage,Responded,Yes
N03727,D0954,2026-07-18,Urgent,Responded,Yes
N03728,D0954,2026-04-09,Shortage,Responded,Yes
N03729,D0955,2026-09-25,Urgent,Ignored,No
N03730,D0955,2026-09-25,Shortage,Ignored,No
N03731,D0955,2026-04-01,Shortage,Ignored,No
N03732,D0955,2026-09-25,Urgent,Responded,Yes
N03733,D0955,2026-09-25,Shortage,Responded,Yes
N03734,D0955,2026-06-01,Shortage,Ignored,No
N03735,D0956,2025-12-09,Shortage,Ignored,No
N03736,D0956,2026-09-25,Shortage,Ignored,No
N03737,D0956,2026-03-12,Urgent,Ignored,No
N03738,D0956,2026-09-25,Urgent,Ignored,No
N03739,D0956,2026-05-04,Shortage,Ignored,No
N03740,D0956,2026-09-25,Shortage,Ignored,No
N03741,D0956,2026-09-25,Shortage,Ignored,No
N03742,D0957,2026-09-25,Shortage,Responded,Yes
N03743,D0958,2025-08-12,Urgent,Ignored,No
N03744,D0959,2026-09-25,Shortage,Ignored,No
N03745,D0960,2026-04-19,Shortage,Ignored,No
N03746,D0960,2026-01-04,Shortage,Responded,Yes
N03747,D0960,2026-09-25,Shortage,Ignored,No
N03748,D0960,2025-06-15,Shortage,Ignored,No
N03749,D0961,2026-04-25,Shortage,Ignored,No
N03750,D0961,2026-02-06,Urgent,Responded,Yes
N03751,D0961,2026-09-25,Urgent,Responded,Yes
N03752,D0961,2025-09-21,Shortage,Responded,Yes
N03753,D0962,2026-09-25,Urgent,Responded,Yes
N03754,D0962,2026-09-25,Urgent,Responded,Yes
N03755,D0963,2026-09-25,Shortage,Responded,Yes
N03756,D0963,2026-03-13,Shortage,Ignored,No
N03757,D0963,2026-09-25,Shortage,Responded,Yes
N03758,D0963,2026-03-16,Shortage,Ignored,No
N03759,D0963,2026-09-25,Urgent,Ignored,No
N03760,D0963,2026-06-09,Shortage,Ignored,No
N03761,D0963,2026-09-25,Urgent,Responded,Yes
N03762,D0964,2026-09-25,Shortage,Responded,Yes
N03763,D0965,2026-09-25,Shortage,Responded,Yes
N03764,D0965,2026-02-22,Shortage,Ignored,No
N03765,D0965,2026-09-25,Urgent,Ignored,No
N03766,D0965,2026-09-25,Shortage,Ignored,No
N03767,D0965,2026-09-25,Shortage,Responded,Yes
N03768,D0965,2026-09-25,Shortage,Ignored,No
N03769,D0966,2026-09-25,Shortage,Responded,Yes
N03770,D0966,2026-08-20,Urgent,Ignored,No
N03771,D0966,2026-09-25,Shortage,Responded,Yes
N03772,D0967,2026-09-25,Shortage,Ignored,No
N03773,D0968,2026-09-25,Shortage,Responded,Yes
N03774,D0968,2026-07-05,Shortage,Responded,Yes
N03775,D0968,2026-09-25,Urgent,Responded,Yes
N03776,D0968,2026-09-25,Urgent,Responded,Yes
N03777,D0968,2026-09-25,Shortage,Responded,Yes
N03778,D0968,2026-09-25,Shortage,Responded,Yes
N03779,D0969,2025-11-24,Shortage,Responded,Yes
N03780,D0969,2025-10-27,Shortage,Ignored,No
N03781,D0969,2025-09-19,Shortage,Responded,Yes
N03782,D0970,2026-09-25,Shortage,Responded,Yes
N03783,D0971,2026-01-11,Shortage,Ignored,No
N03784,D0971,2026-08-16,Shortage,Ignored,No
N03785,D0972,2026-09-25,Shortage,Ignored,No
N03786,D0972,2026-09-25,Shortage,Ignored,No
N03787,D0972,2026-09-25,Urgent,Ignored,No
N03788,D0973,2026-08-26,Urgent,Ignored,No
N03789,D0973,2026-02-01,Urgent,Responded,Yes
N03790,D0973,2026-09-25,Shortage,Ignored,No
N03791,D0973,2026-09-25,Shortage,Ignored,No
N03792,D0973,2025-10-12,Urgent,Ignored,No
N03793,D0974,2026-06-23,Urgent,Responded,Yes
N03794,D0974,2026-09-25,Urgent,Responded,Yes
N03795,D0975,2026-09-25,Shortage,Ignored,No
N03796,D0975,2026-09-25,Shortage,Responded,Yes
N03797,D0976,2026-04-30,Shortage,Ignored,No
N03798,D0976,2025-08-02,Shortage,Ignored,No
N03799,D0976,2026-09-25,Shortage,Ignored,No
N03800,D0977,2026-09-25,Urgent,Ignored,No
N03801,D0977,2026-09-25,Shortage,Ignored,No
N03802,D0977,2026-09-25,Shortage,Ignored,No
N03803,D0977,2026-09-25,Shortage,Responded,Yes
N03804,D0977,2026-09-25,Shortage,Ignored,No
N03805,D0978,2025-12-24,Urgent,Responded,Yes
N03806,D0978,2026-09-25,Shortage,Ignored,No
N03807,D0978,2026-06-23,Urgent,Responded,Yes
N03808,D0978,2025-07-28,Shortage,Responded,Yes
N03809,D0978,2026-09-25,Urgent,Responded,Yes
N03810,D0978,2026-09-25,Shortage,Responded,Yes
N03811,D0979,2026-09-25,Shortage,Responded,Yes
N03812,D0979,2026-09-25,Shortage,Ignored,No
N03813,D0979,2026-04-24,Urgent,Responded,Yes
N03814,D0979,2026-07-14,Urgent,Responded,Yes
N03815,D0979,2026-09-25,Urgent,Responded,Yes
N03816,D0979,2025-10-04,Shortage,Responded,Yes
N03817,D0980,2026-09-25,Shortage,Responded,Yes
N03818,D0980,2026-07-07,Shortage,Ignored,No
N03819,D0980,2026-09-25,Shortage,Ignored,No
N03820,D0981,2026-09-25,Shortage,Ignored,No
N03821,D0981,2025-11-24,Shortage,Ignored,No
N03822,D0981,2026-09-25,Urgent,Ignored,No
N03823,D0981,2026-09-25,Shortage,Responded,Yes
N03824,D0981,2026-09-25,Shortage,Responded,Yes
N03825,D0982,2026-09-25,Urgent,Responded,Yes
N03826,D0982,2026-09-02,Shortage,Ignored,No
N03827,D0982,2026-09-25,Shortage,Responded,Yes
N03828,D0982,2026-07-30,Urgent,Responded,Yes
N03829,D0982,2026-09-25,Urgent,Ignored,No
N03830,D0982,2026-09-25,Shortage,Responded,Yes
N03831,D0983,2025-08-29,Shortage,Responded,Yes
N03832,D0984,2026-07-27,Shortage,Responded,Yes
N03833,D0985,2025-07-28,Shortage,Ignored,No
N03834,D0985,2025-12-07,Shortage,Responded,Yes
N03835,D0985,2026-07-17,Urgent,Responded,Yes
N03836,D0985,2026-04-02,Shortage,Responded,Yes
N03837,D0985,2026-09-25,Shortage,Ignored,No
N03838,D0985,2026-09-25,Shortage,Ignored,No
N03839,D0985,2026-09-25,Shortage,Responded,Yes
N03840,D0986,2026-09-25,Urgent,Responded,Yes
N03841,D0986,2026-09-25,Shortage,Ignored,No
N03842,D0986,2026-09-25,Shortage,Responded,Yes
N03843,D0987,2026-09-25,Urgent,Responded,Yes
N03844,D0987,2026-09-25,Urgent,Ignored,No
N03845,D0987,2026-08-10,Shortage,Ignored,No
N03846,D0987,2026-09-25,Shortage,Ignored,No
N03847,D0987,2025-10-26,Urgent,Ignored,No
N03848,D0987,2026-09-25,Shortage,Ignored,No
N03849,D0988,2026-09-25,Shortage,Responded,Yes
N03850,D0988,2025-10-08,Shortage,Ignored,No
N03851,D0988,2026-09-25,Shortage,Ignored,No
N03852,D0988,2026-09-25,Shortage,Responded,Yes
N03853,D0988,2026-09-25,Urgent,Responded,Yes
N03854,D0988,2026-03-21,Shortage,Ignored,No
N03855,D0989,2026-09-25,Shortage,Responded,Yes
N03856,D0989,2026-01-31,Shortage,Responded,Yes
N03857,D0989,2026-09-25,Shortage,Ignored,No
N03858,D0989,2025-06-08,Shortage,Responded,Yes
N03859,D0989,2026-06-14,Urgent,Responded,Yes
N03860,D0989,2026-09-25,Shortage,Ignored,No
N03861,D0989,2026-09-25,Shortage,Ignored,No
N03862,D0990,2026-09-25,Shortage,Responded,Yes
N03863,D0990,2026-04-09,Urgent,Responded,Yes
N03864,D0990,2026-04-17,Urgent,Responded,Yes
N03865,D0990,2026-09-25,Shortage,Responded,Yes
N03866,D0990,2025-08-16,Urgent,Responded,Yes
N03867,D0990,2026-02-12,Shortage,Responded,Yes
N03868,D0990,2026-09-25,Shortage,Responded,Yes
N03869,D0991,2026-09-25,Urgent,Ignored,No
N03870,D0991,2026-09-25,Shortage,Responded,Yes
N03871,D0992,2026-08-25,Urgent,Responded,Yes
N03872,D0992,2026-09-25,Shortage,Responded,Yes
N03873,D0992,2026-09-25,Urgent,Responded,Yes
N03874,D0992,2026-09-25,Shortage,Responded,Yes
N03875,D0993,2026-09-25,Urgent,Ignored,No
N03876,D0994,2026-02-18,Urgent,Ignored,No
N03877,D0994,2026-09-25,Shortage,Responded,Yes
N03878,D0995,2026-09-25,Shortage,Responded,Yes
N03879,D0995,2026-07-18,Shortage,Ignored,No
N03880,D0996,2026-09-25,Shortage,Ignored,No
N03881,D0996,2026-06-02,Shortage,Ignored,No
N03882,D0996,2026-09-25,Shortage,Responded,Yes
N03883,D0997,2026-06-24,Shortage,Ignored,No
N03884,D0997,2026-09-25,Shortage,Responded,Yes
N03885,D0997,2025-10-28,Urgent,Responded,Yes
N03886,D0997,2026-09-25,Shortage,Ignored,No
N03887,D0997,2026-09-20,Urgent,Ignored,No
N03888,D0997,2026-09-25,Shortage,Ignored,No
N03889,D0998,2026-09-25,Shortage,Ignored,No
N03890,D0998,2026-08-02,Urgent,Responded,Yes
N03891,D0998,2026-09-25,Shortage,Responded,Yes
N03892,D0998,2026-09-25,Shortage,Responded,Yes
N03893,D0998,2026-09-25,Shortage,Responded,Yes
N03894,D0998,2026-07-13,Shortage,Ignored,No
N03895,D0999,2026-03-19,Urgent,Responded,Yes
N03896,D0999,2026-09-25,Shortage,Responded,Yes
N03897,D0999,2026-03-19,Shortage,Ignored,No
N03898,D0999,2026-09-25,Shortage,Responded,Yes
N03899,D1000,2026-09-25,Urgent,Responded,Yes
N03900,D1000,2026-08-22,Shortage,Ignored,No
N03901,D1000,2026-09-25,Shortage,Ignored,No
N03902,D1000,2025-08-07,Shortage,Ignored,No
N03903,D1000,2026-09-25,Shortage,Ignored,No
N03904,D1000,2026-07-18,Urgent,Responded,Yes
N03905,D1000,2026-02-14,Shortage,Ignored,No
